solid Created by Gmsh
facet normal 0.351032 0.399033 0.847083
  outer loop
    vertex 28.87867965645228 3.612140467242128 254.8935607378877
    vertex 31.00000000001189 3.611296766699222 254.0148814865044
    vertex 29.85194970291623 4.137542170150597 254.2427376977607
  endloop
endfacet
facet normal 0.847466 0.398556 0.350649
  outer loop
    vertex 28.00000000001194 3.614177340538649 257.0148801035531
    vertex 28.87867965645228 3.612140467242128 254.8935607378877
    vertex 28.22836140247767 4.139101125478676 255.8663252497514
  endloop
endfacet
facet normal 0.853266 0.383095 -0.353802
  outer loop
    vertex 28.87867965645228 3.616214213836519 259.1361994692185
    vertex 28.00000000001194 3.614177340538649 257.0148801035531
    vertex 28.22419562526945 4.165269728172976 258.1522926291806
  endloop
endfacet
facet normal 0.353434 0.382615 -0.853633
  outer loop
    vertex 31.00000000001189 3.61705791438268 260.0148787206018
    vertex 28.87867965645228 3.616214213836519 259.1361994692185
    vertex 29.84185581096171 4.166834354919786 259.7817867268107
  endloop
endfacet
facet normal 0.353434 -0.384254 -0.852897
  outer loop
    vertex 28.87867965645144 4.716213706754388 259.1351432588098
    vertex 31.00000000001105 4.71705740730055 260.0138225101931
    vertex 29.84185581096171 4.166834354919786 259.7817867268107
  endloop
endfacet
facet normal 0.853266 -0.383774 -0.353066
  outer loop
    vertex 28.00000000001109 4.714176833456519 257.0138238931444
    vertex 28.87867965645144 4.716213706754388 259.1351432588098
    vertex 28.22419562526945 4.165269728172976 258.1522926291806
  endloop
endfacet
facet normal 0.355574 -0.368852 0.858787
  outer loop
    vertex 31.00000000001105 4.711296259617093 254.0138252760957
    vertex 28.87867965645143 4.712139960159998 254.892504527479
    vertex 29.85194970291623 4.137542170150597 254.2427376977607
  endloop
endfacet
facet normal 0.858432 -0.369335 0.355929
  outer loop
    vertex 28.87867965645143 4.712139960159998 254.892504527479
    vertex 28.00000000001109 4.714176833456519 257.0138238931444
    vertex 28.22836140247767 4.139101125478676 255.8663252497514
  endloop
endfacet
facet normal 0.557085 -0.000797396 -0.830455
  outer loop
    vertex 28.87867965645228 3.616214213836519 259.1361994692185
    vertex 28.87867965645144 4.716213706754388 259.1351432588098
    vertex 29.84185581096171 4.166834354919786 259.7817867268107
  endloop
endfacet
facet normal 0.981139 -0.000185608 -0.193303
  outer loop
    vertex 28.00000000001194 3.614177340538649 257.0148801035531
    vertex 28.00000000001109 4.714176833456519 257.0138238931444
    vertex 28.22419562526945 4.165269728172976 258.1522926291806
  endloop
endfacet
facet normal 0.980785 0.000187324 0.19509
  outer loop
    vertex 28.00000000001109 4.714176833456519 257.0138238931444
    vertex 28.00000000001194 3.614177340538649 257.0148801035531
    vertex 28.22836140247767 4.139101125478676 255.8663252497514
  endloop
endfacet
facet normal 0.19509 0.000941741 0.980785
  outer loop
    vertex 31.00000000001189 3.611296766699222 254.0148814865044
    vertex 31.00000000001105 4.711296259617093 254.0138252760957
    vertex 29.85194970291623 4.137542170150597 254.2427376977607
  endloop
endfacet
facet normal 0.83147 0.000533454 0.55557
  outer loop
    vertex 28.87867965645228 3.612140467242128 254.8935607378877
    vertex 28.87867965645143 4.712139960159998 254.892504527479
    vertex 28.22836140247767 4.139101125478676 255.8663252497514
  endloop
endfacet
facet normal 0.55557 0.00079837 0.831469
  outer loop
    vertex 28.87867965645143 4.712139960159998 254.892504527479
    vertex 28.87867965645228 3.612140467242128 254.8935607378877
    vertex 29.85194970291623 4.137542170150597 254.2427376977607
  endloop
endfacet
facet normal 0.832481 -0.000531998 -0.554054
  outer loop
    vertex 28.87867965645144 4.716213706754388 259.1351432588098
    vertex 28.87867965645228 3.616214213836519 259.1361994692185
    vertex 28.22419562526945 4.165269728172976 258.1522926291806
  endloop
endfacet
facet normal 0.196877 -0.000941399 -0.980428
  outer loop
    vertex 31.00000000001105 4.71705740730055 260.0138225101931
    vertex 31.00000000001189 3.61705791438268 260.0148787206018
    vertex 29.84185581096171 4.166834354919786 259.7817867268107
  endloop
endfacet
facet normal 0.351032 -0.397405 0.847848
  outer loop
    vertex 51.00000000001096 4.711296259632441 254.0138252760957
    vertex 48.87867965645134 4.712139960175347 254.892504527479
    vertex 49.8519497029161 4.185489397434236 254.2426916592298
  endloop
endfacet
facet normal 0.847466 -0.398556 -0.350649
  outer loop
    vertex 48.000000000011 4.714176833471868 257.0138238931444
    vertex 48.87867965645135 4.716213706769737 259.1351432588098
    vertex 48.22836140247755 4.189253048532183 258.162378746946
  endloop
endfacet
facet normal 0.353434 0.382615 -0.853633
  outer loop
    vertex 51.0000000000118 3.617057914398027 260.0148787206017
    vertex 48.87867965645219 3.616214213851866 259.1361994692184
    vertex 49.84185581096163 4.166834354935133 259.7817867268107
  endloop
endfacet
facet normal 0.353434 -0.384254 -0.852897
  outer loop
    vertex 48.87867965645135 4.716213706769737 259.1351432588098
    vertex 51.00000000001096 4.717057407315898 260.0138225101931
    vertex 49.84185581096163 4.166834354935133 259.7817867268107
  endloop
endfacet
facet normal 0.853266 0.383774 0.353066
  outer loop
    vertex 48.00000000001184 3.614177340553997 257.014880103553
    vertex 48.87867965645219 3.612140467257476 254.8935607378876
    vertex 48.2325639958064 4.163065047061127 255.8562083431846
  endloop
endfacet
facet normal 0.853266 -0.383095 0.353802
  outer loop
    vertex 48.87867965645134 4.712139960175347 254.892504527479
    vertex 48.000000000011 4.714176833471868 257.0138238931444
    vertex 48.2325639958064 4.163065047061127 255.8562083431846
  endloop
endfacet
facet normal 0.355574 0.3705 0.858077
  outer loop
    vertex 48.87867965645219 3.612140467257476 254.8935607378876
    vertex 51.0000000000118 3.61129676671457 254.0148814865043
    vertex 49.8519497029161 4.185489397434236 254.2426916592298
  endloop
endfacet
facet normal 0.858432 0.369335 -0.355929
  outer loop
    vertex 48.87867965645219 3.616214213851866 259.1361994692184
    vertex 48.00000000001184 3.614177340553997 257.014880103553
    vertex 48.22836140247755 4.189253048532183 258.162378746946
  endloop
endfacet
facet normal 0.830456 0.000534908 0.557084
  outer loop
    vertex 48.87867965645219 3.612140467257476 254.8935607378876
    vertex 48.87867965645134 4.712139960175347 254.892504527479
    vertex 48.2325639958064 4.163065047061127 255.8562083431846
  endloop
endfacet
facet normal 0.557085 -0.000797396 -0.830455
  outer loop
    vertex 48.87867965645219 3.616214213851866 259.1361994692184
    vertex 48.87867965645135 4.716213706769737 259.1351432588098
    vertex 49.84185581096163 4.166834354935133 259.7817867268107
  endloop
endfacet
facet normal 0.980785 -0.000187324 -0.19509
  outer loop
    vertex 48.00000000001184 3.614177340553997 257.014880103553
    vertex 48.000000000011 4.714176833471868 257.0138238931444
    vertex 48.22836140247755 4.189253048532183 258.162378746946
  endloop
endfacet
facet normal 0.83147 -0.000533454 -0.55557
  outer loop
    vertex 48.87867965645135 4.716213706769737 259.1351432588098
    vertex 48.87867965645219 3.616214213851866 259.1361994692184
    vertex 48.22836140247755 4.189253048532183 258.162378746946
  endloop
endfacet
facet normal 0.55557 0.00079837 0.831469
  outer loop
    vertex 48.87867965645134 4.712139960175347 254.892504527479
    vertex 48.87867965645219 3.612140467257476 254.8935607378876
    vertex 49.8519497029161 4.185489397434236 254.2426916592298
  endloop
endfacet
facet normal 0.19509 0.000941741 0.980785
  outer loop
    vertex 51.0000000000118 3.61129676671457 254.0148814865043
    vertex 51.00000000001096 4.711296259632441 254.0138252760957
    vertex 49.8519497029161 4.185489397434236 254.2426916592298
  endloop
endfacet
facet normal 0.196877 -0.000941399 -0.980428
  outer loop
    vertex 51.00000000001096 4.717057407315898 260.0138225101931
    vertex 51.0000000000118 3.617057914398027 260.0148787206017
    vertex 49.84185581096163 4.166834354935133 259.7817867268107
  endloop
endfacet
facet normal 0.980428 0.00018904 0.196877
  outer loop
    vertex 48.000000000011 4.714176833471868 257.0138238931444
    vertex 48.00000000001184 3.614177340553997 257.014880103553
    vertex 48.2325639958064 4.163065047061127 255.8562083431846
  endloop
endfacet
facet normal 0.351032 -0.399033 -0.847083
  outer loop
    vertex 48.87867965645133 4.735417523528612 279.1351248194639
    vertex 51.00000000001094 4.736261224074774 280.0138040708472
    vertex 49.85194970291612 4.21001582062165 279.7859478595909
  endloop
endfacet
facet normal 0.847466 0.398556 0.350649
  outer loop
    vertex 48.00000000001183 3.633381157312872 277.0148616642072
    vertex 48.87867965645218 3.631344284016351 274.8935422985418
    vertex 48.22836140247756 4.158304942252898 275.8663068104055
  endloop
endfacet
facet normal 0.853266 0.383095 -0.353802
  outer loop
    vertex 48.87867965645218 3.635418030610742 279.1361810298725
    vertex 48.00000000001183 3.633381157312872 277.0148616642072
    vertex 48.22419562526935 4.1844735449472 278.1522741898347
  endloop
endfacet
facet normal 0.353434 0.384254 0.852897
  outer loop
    vertex 48.87867965645218 3.631344284016351 274.8935422985418
    vertex 51.00000000001179 3.630500583473445 274.0148630471584
    vertex 49.86205884460711 4.180715600616022 274.2385304638615
  endloop
endfacet
facet normal 0.353434 -0.382615 0.853633
  outer loop
    vertex 51.00000000001094 4.730500076391317 274.0138068367498
    vertex 48.87867965645133 4.731343776934222 274.8924860881331
    vertex 49.86205884460711 4.180715600616022 274.2385304638615
  endloop
endfacet
facet normal 0.853266 -0.383774 -0.353066
  outer loop
    vertex 48.00000000001098 4.733380650230743 277.0138054537985
    vertex 48.87867965645133 4.735417523528612 279.1351248194639
    vertex 48.22419562526935 4.1844735449472 278.1522741898347
  endloop
endfacet
facet normal 0.355574 0.368852 -0.858787
  outer loop
    vertex 51.00000000001179 3.636261731156903 280.0148602812558
    vertex 48.87867965645218 3.635418030610742 279.1361810298725
    vertex 49.85194970291612 4.21001582062165 279.7859478595909
  endloop
endfacet
facet normal 0.858432 -0.369335 0.355929
  outer loop
    vertex 48.87867965645133 4.731343776934222 274.8924860881331
    vertex 48.00000000001098 4.733380650230743 277.0138054537985
    vertex 48.22836140247756 4.158304942252898 275.8663068104055
  endloop
endfacet
facet normal 0.981139 -0.000185608 -0.193303
  outer loop
    vertex 48.00000000001183 3.633381157312872 277.0148616642072
    vertex 48.00000000001098 4.733380650230743 277.0138054537985
    vertex 48.22419562526935 4.1844735449472 278.1522741898347
  endloop
endfacet
facet normal 0.193303 0.000942081 0.981139
  outer loop
    vertex 51.00000000001179 3.630500583473445 274.0148630471584
    vertex 51.00000000001094 4.730500076391317 274.0138068367498
    vertex 49.86205884460711 4.180715600616022 274.2385304638615
  endloop
endfacet
facet normal 0.83147 0.000533454 0.55557
  outer loop
    vertex 48.87867965645218 3.631344284016351 274.8935422985418
    vertex 48.87867965645133 4.731343776934222 274.8924860881331
    vertex 48.22836140247756 4.158304942252898 275.8663068104055
  endloop
endfacet
facet normal 0.19509 -0.000941741 -0.980785
  outer loop
    vertex 51.00000000001094 4.736261224074774 280.0138040708472
    vertex 51.00000000001179 3.636261731156903 280.0148602812558
    vertex 49.85194970291612 4.21001582062165 279.7859478595909
  endloop
endfacet
facet normal 0.980785 0.000187324 0.19509
  outer loop
    vertex 48.00000000001098 4.733380650230743 277.0138054537985
    vertex 48.00000000001183 3.633381157312872 277.0148616642072
    vertex 48.22836140247756 4.158304942252898 275.8663068104055
  endloop
endfacet
facet normal 0.55557 -0.00079837 -0.831469
  outer loop
    vertex 48.87867965645218 3.635418030610742 279.1361810298725
    vertex 48.87867965645133 4.735417523528612 279.1351248194639
    vertex 49.85194970291612 4.21001582062165 279.7859478595909
  endloop
endfacet
facet normal 0.832481 -0.000531998 -0.554054
  outer loop
    vertex 48.87867965645133 4.735417523528612 279.1351248194639
    vertex 48.87867965645218 3.635418030610742 279.1361810298725
    vertex 48.22419562526935 4.1844735449472 278.1522741898347
  endloop
endfacet
facet normal 0.554054 0.000799341 0.83248
  outer loop
    vertex 48.87867965645133 4.731343776934222 274.8924860881331
    vertex 48.87867965645218 3.631344284016351 274.8935422985418
    vertex 49.86205884460711 4.180715600616022 274.2385304638615
  endloop
endfacet
facet normal 0.351032 -0.399033 -0.847083
  outer loop
    vertex 28.87867965645142 4.735417523513264 279.135124819464
    vertex 31.00000000001103 4.736261224059426 280.0138040708472
    vertex 29.85194970291619 4.210015820606294 279.785947859591
  endloop
endfacet
facet normal 0.351032 0.399033 0.847083
  outer loop
    vertex 28.87867965645226 3.631344284001004 274.8935422985418
    vertex 31.00000000001188 3.630500583458097 274.0148630471585
    vertex 29.85194970291622 4.156745986909472 274.2427192584148
  endloop
endfacet
facet normal 0.847466 0.398556 0.350649
  outer loop
    vertex 28.00000000001192 3.633381157297524 277.0148616642072
    vertex 28.87867965645226 3.631344284001004 274.8935422985418
    vertex 28.22836140247766 4.158304942237547 275.8663068104055
  endloop
endfacet
facet normal 0.853266 0.383095 -0.353802
  outer loop
    vertex 28.87867965645227 3.635418030595394 279.1361810298726
    vertex 28.00000000001192 3.633381157297524 277.0148616642072
    vertex 28.22419562526943 4.184473544931852 278.1522741898348
  endloop
endfacet
facet normal 0.853266 -0.383774 -0.353066
  outer loop
    vertex 28.00000000001108 4.733380650215395 277.0138054537986
    vertex 28.87867965645142 4.735417523513264 279.135124819464
    vertex 28.22419562526943 4.184473544931852 278.1522741898348
  endloop
endfacet
facet normal 0.355574 -0.368852 0.858787
  outer loop
    vertex 31.00000000001103 4.730500076375969 274.0138068367498
    vertex 28.87867965645142 4.731343776918874 274.8924860881332
    vertex 29.85194970291622 4.156745986909472 274.2427192584148
  endloop
endfacet
facet normal 0.355574 0.368852 -0.858787
  outer loop
    vertex 31.00000000001188 3.636261731141555 280.0148602812559
    vertex 28.87867965645227 3.635418030595394 279.1361810298726
    vertex 29.85194970291619 4.210015820606294 279.785947859591
  endloop
endfacet
facet normal 0.858432 -0.369335 0.355929
  outer loop
    vertex 28.87867965645142 4.731343776918874 274.8924860881332
    vertex 28.00000000001108 4.733380650215395 277.0138054537986
    vertex 28.22836140247766 4.158304942237547 275.8663068104055
  endloop
endfacet
facet normal 0.981139 -0.000185608 -0.193303
  outer loop
    vertex 28.00000000001192 3.633381157297524 277.0148616642072
    vertex 28.00000000001108 4.733380650215395 277.0138054537986
    vertex 28.22419562526943 4.184473544931852 278.1522741898348
  endloop
endfacet
facet normal 0.83147 0.000533454 0.55557
  outer loop
    vertex 28.87867965645226 3.631344284001004 274.8935422985418
    vertex 28.87867965645142 4.731343776918874 274.8924860881332
    vertex 28.22836140247766 4.158304942237547 275.8663068104055
  endloop
endfacet
facet normal 0.19509 -0.000941741 -0.980785
  outer loop
    vertex 31.00000000001103 4.736261224059426 280.0138040708472
    vertex 31.00000000001188 3.636261731141555 280.0148602812559
    vertex 29.85194970291619 4.210015820606294 279.785947859591
  endloop
endfacet
facet normal 0.980785 0.000187324 0.19509
  outer loop
    vertex 28.00000000001108 4.733380650215395 277.0138054537986
    vertex 28.00000000001192 3.633381157297524 277.0148616642072
    vertex 28.22836140247766 4.158304942237547 275.8663068104055
  endloop
endfacet
facet normal 0.55557 -0.00079837 -0.831469
  outer loop
    vertex 28.87867965645227 3.635418030595394 279.1361810298726
    vertex 28.87867965645142 4.735417523513264 279.135124819464
    vertex 29.85194970291619 4.210015820606294 279.785947859591
  endloop
endfacet
facet normal 0.55557 0.00079837 0.831469
  outer loop
    vertex 28.87867965645142 4.731343776918874 274.8924860881332
    vertex 28.87867965645226 3.631344284001004 274.8935422985418
    vertex 29.85194970291622 4.156745986909472 274.2427192584148
  endloop
endfacet
facet normal 0.19509 0.000941741 0.980785
  outer loop
    vertex 31.00000000001188 3.630500583458097 274.0148630471585
    vertex 31.00000000001103 4.730500076375969 274.0138068367498
    vertex 29.85194970291622 4.156745986909472 274.2427192584148
  endloop
endfacet
facet normal 0.832481 -0.000531998 -0.554054
  outer loop
    vertex 28.87867965645142 4.735417523513264 279.135124819464
    vertex 28.87867965645227 3.635418030595394 279.1361810298726
    vertex 28.22419562526943 4.184473544931852 278.1522741898348
  endloop
endfacet
facet normal 0.6589 0.362276 -0.659248
  outer loop
    vertex 28.18954301704094 7.112585452455767 256.5220405712533
    vertex 30.2849440456171 7.114597438254318 258.6174406338837
    vertex 29.40488047280824 5.999157647773632 257.1248753350572
  endloop
endfacet
facet normal -0.64928 0.396693 0.648899
  outer loop
    vertex 31.00000000000001 5.91171866426517 255.4
    vertex 32.61839588569072 7.114597438254318 256.2839877181261
    vertex 30.52299485711456 7.112585452455767 254.1885876554958
  endloop
endfacet
facet normal 0.233575 0.936488 0.261596
  outer loop
    vertex 32.59523205969204 5.998070178480739 256.8765700438912
    vertex 31 5.914527975859168 258.6
    vertex 32.76794541726684 5.469273617745034 258.6153983420913
  endloop
endfacet
facet normal -0.641822 0.369849 0.671771
  outer loop
    vertex 31.00000000000001 5.91171866426517 255.4
    vertex 32.59523205969204 5.998070178480739 256.8765700438912
    vertex 32.61839588569072 7.114597438254318 256.2839877181261
  endloop
endfacet
facet normal 0.641919 0.418763 -0.642322
  outer loop
    vertex 26.09414198846478 7.110573466657217 254.426640508623
    vertex 28.18954301704094 7.112585452455767 256.5220405712533
    vertex 27.55265533248181 5.856666641463573 255.066752580156
  endloop
endfacet
facet normal -0.635259 0.439805 0.634837
  outer loop
    vertex 30.52299485711456 7.112585452455767 254.1885876554958
    vertex 28.42759382853842 7.110573466657217 252.0931875928654
    vertex 29.15985314410432 5.808255276944627 253.7281600078825
  endloop
endfacet
facet normal 0.636529 0.388952 -0.665993
  outer loop
    vertex 30.2849440456171 7.114597438254318 258.6174406338837
    vertex 31 5.914527975859168 258.6
    vertex 29.40488047280824 5.999157647773632 257.1248753350572
  endloop
endfacet
facet normal -0.663666 0.345738 0.663334
  outer loop
    vertex 34.71379691426689 7.116609424052868 258.3793877807565
    vertex 32.61839588569072 7.114597438254318 256.2839877181261
    vertex 33.67042527564561 6.045299458341229 257.8938745190063
  endloop
endfacet
facet normal -0.498949 0.475533 0.724513
  outer loop
    vertex 40.99999999999634 5.863167605210911 265.492244485126
    vertex 40.99999999999537 7.122645381450313 264.6655879686475
    vertex 39.15033277915089 5.553998759596016 264.421360249142
  endloop
endfacet
facet normal 0.638824 0.428115 -0.639235
  outer loop
    vertex 36.57114713134556 7.120633395649969 264.9036408217747
    vertex 38.66654815992171 7.122645381448518 266.999040884405
    vertex 38.49375929934071 5.845305025412175 265.9708898901956
  endloop
endfacet
facet normal -0.572992 0.586519 0.572429
  outer loop
    vertex 40.99999999999537 7.122645381450313 264.6655879686475
    vertex 38.90459897141922 7.120633395649969 262.5701879060172
    vertex 39.15033277915089 5.553998759596016 264.421360249142
  endloop
endfacet
facet normal -0.623505 0.418507 0.660374
  outer loop
    vertex 31.00000000000001 5.91171866426517 255.4
    vertex 30.52299485711456 7.112585452455767 254.1885876554958
    vertex 29.15985314410432 5.808255276944627 253.7281600078825
  endloop
endfacet
facet normal 0.648536 0.397876 -0.648919
  outer loop
    vertex 30.2849440456171 7.114597438254318 258.6174406338837
    vertex 32.38034507419325 7.116609424052868 260.712840696514
    vertex 32.0194009432492 5.911318303844543 259.6131005733874
  endloop
endfacet
facet normal -0.647618 0.36765 0.667401
  outer loop
    vertex 32.61839588569072 7.114597438254318 256.2839877181261
    vertex 32.59523205969204 5.998070178480739 256.8765700438912
    vertex 33.67042527564561 6.045299458341229 257.8938745190063
  endloop
endfacet
facet normal -0.211264 0.946649 -0.24336
  outer loop
    vertex 29.40488047280824 5.999157647773632 257.1248753350572
    vertex 31.00000000000001 5.91171866426517 255.4
    vertex 29.12813519592105 5.466654005521602 255.2937264076478
  endloop
endfacet
facet normal -0.335898 0.894773 0.294199
  outer loop
    vertex 32.76794541726684 5.469273617745034 258.6153983420913
    vertex 34.1959496990409 5.467725835635243 260.2505115985333
    vertex 33.67042527564561 6.045299458341229 257.8938745190063
  endloop
endfacet
facet normal -0.237391 0.950075 0.202494
  outer loop
    vertex 29.12813519592105 5.466654005521602 255.2937264076478
    vertex 31.00000000000001 5.91171866426517 255.4
    vertex 29.15985314410432 5.808255276944627 253.7281600078825
  endloop
endfacet
facet normal 0.257104 0.940149 -0.223648
  outer loop
    vertex 34.1959496990409 5.467725835635243 260.2505115985333
    vertex 32.76794541726684 5.469273617745034 258.6153983420913
    vertex 32.0194009432492 5.911318303844543 259.6131005733874
  endloop
endfacet
facet normal 0.526784 0.847596 0.0638662
  outer loop
    vertex 39.15033277915089 5.553998759596016 264.421360249142
    vertex 36.57114713134556 7.120633395649969 264.9036408217747
    vertex 38.49375929934071 5.845305025412175 265.9708898901956
  endloop
endfacet
facet normal 0.720774 0.628768 -0.29178
  outer loop
    vertex 28.18954301704094 7.112585452455767 256.5220405712533
    vertex 29.40488047280824 5.999157647773632 257.1248753350572
    vertex 29.12813519592105 5.466654005521602 255.2937264076478
  endloop
endfacet
facet normal 0.357913 0.757372 -0.546156
  outer loop
    vertex 36.57114713134556 7.120633395649969 264.9036408217747
    vertex 39.15033277915089 5.553998759596016 264.421360249142
    vertex 36.65239802932678 5.469636991745368 262.667396658132
  endloop
endfacet
facet normal -0.450829 0.650956 0.610745
  outer loop
    vertex 39.15033277915089 5.553998759596016 264.421360249142
    vertex 38.90459897141922 7.120633395649969 262.5701879060172
    vertex 36.65239802932678 5.469636991745368 262.667396658132
  endloop
endfacet
facet normal 0.505578 0.698644 -0.506249
  outer loop
    vertex 32.38034507419325 7.116609424052868 260.712840696514
    vertex 34.4757461027694 7.118621409851418 262.8082407591443
    vertex 34.1959496990409 5.467725835635243 260.2505115985333
  endloop
endfacet
facet normal 0.205837 0.955214 0.212595
  outer loop
    vertex 29.12813519592105 5.466654005521602 255.2937264076478
    vertex 29.15985314410432 5.808255276944627 253.7281600078825
    vertex 27.55265533248181 5.856666641463573 255.066752580156
  endloop
endfacet
facet normal 0.265652 0.669306 -0.693872
  outer loop
    vertex 28.18954301704094 7.112585452455767 256.5220405712533
    vertex 29.12813519592105 5.466654005521602 255.2937264076478
    vertex 27.55265533248181 5.856666641463573 255.066752580156
  endloop
endfacet
facet normal -0.249676 0.955794 0.155307
  outer loop
    vertex 40.99999999999634 5.863167605210911 265.492244485126
    vertex 39.15033277915089 5.553998759596016 264.421360249142
    vertex 39.68513949225587 5.47378979533416 265.7747575198334
  endloop
endfacet
facet normal -0.124878 0.974736 -0.185189
  outer loop
    vertex 29.15985314410432 5.808255276944627 253.7281600078825
    vertex 27.21221647827904 5.460526362328574 253.2112495825421
    vertex 27.55265533248181 5.856666641463573 255.066752580156
  endloop
endfacet
facet normal -0.226948 0.942991 0.243441
  outer loop
    vertex 40.99999999999664 5.473766422127822 267.0006241243343
    vertex 40.99999999999634 5.863167605210911 265.492244485126
    vertex 39.68513949225587 5.47378979533416 265.7747575198334
  endloop
endfacet
facet normal -0.49274 0.712014 0.500243
  outer loop
    vertex 36.80919794284304 7.118621409851418 260.4747878433868
    vertex 34.1959496990409 5.467725835635243 260.2505115985333
    vertex 36.65239802932678 5.469636991745368 262.667396658132
  endloop
endfacet
facet normal 0.242154 0.934831 -0.259716
  outer loop
    vertex 39.49295622518427 5.864040267887296 267.0002493866177
    vertex 40.99999999999664 5.473766422127822 267.0006241243343
    vertex 39.68513949225587 5.47378979533416 265.7747575198334
  endloop
endfacet
facet normal -0.498628 0.70952 0.497947
  outer loop
    vertex 38.90459897141922 7.120633395649969 262.5701879060172
    vertex 36.80919794284304 7.118621409851418 260.4747878433868
    vertex 36.65239802932678 5.469636991745368 262.667396658132
  endloop
endfacet
facet normal 0.499087 0.702167 -0.507813
  outer loop
    vertex 34.1959496990409 5.467725835635243 260.2505115985333
    vertex 34.4757461027694 7.118621409851418 262.8082407591443
    vertex 36.65239802932678 5.469636991745368 262.667396658132
  endloop
endfacet
facet normal 0.335628 0.578101 -0.743742
  outer loop
    vertex 32.38034507419325 7.116609424052868 260.712840696514
    vertex 34.1959496990409 5.467725835635243 260.2505115985333
    vertex 32.0194009432492 5.911318303844543 259.6131005733874
  endloop
endfacet
facet normal -0.494359 0.715469 0.493673
  outer loop
    vertex 36.80919794284304 7.118621409851418 260.4747878433868
    vertex 34.71379691426689 7.116609424052868 258.3793877807565
    vertex 34.1959496990409 5.467725835635243 260.2505115985333
  endloop
endfacet
facet normal -0.747468 0.587213 0.3106
  outer loop
    vertex 34.1959496990409 5.467725835635243 260.2505115985333
    vertex 34.71379691426689 7.116609424052868 258.3793877807565
    vertex 33.67042527564561 6.045299458341229 257.8938745190063
  endloop
endfacet
facet normal -0.299363 0.676454 0.672898
  outer loop
    vertex 28.42759382853842 7.110573466657217 252.0931875928654
    vertex 27.21221647827904 5.460526362328574 253.2112495825421
    vertex 29.15985314410432 5.808255276944627 253.7281600078825
  endloop
endfacet
facet normal 0.693095 0.668423 -0.269871
  outer loop
    vertex 27.21221647827904 5.460526362328574 253.2112495825421
    vertex 26.09414198846478 7.110573466657217 254.426640508623
    vertex 27.55265533248181 5.856666641463573 255.066752580156
  endloop
endfacet
facet normal 0.501368 0.704685 -0.502045
  outer loop
    vertex 34.4757461027694 7.118621409851418 262.8082407591443
    vertex 36.57114713134556 7.120633395649969 264.9036408217747
    vertex 36.65239802932678 5.469636991745368 262.667396658132
  endloop
endfacet
facet normal 0.646109 0.42363 -0.634887
  outer loop
    vertex 38.66654815992171 7.122645381448518 266.999040884405
    vertex 39.49295622518427 5.864040267887296 267.0002493866177
    vertex 38.49375929934071 5.845305025412175 265.9708898901956
  endloop
endfacet
facet normal -0.32743 0.894454 0.304536
  outer loop
    vertex 32.59523205969204 5.998070178480739 256.8765700438912
    vertex 32.76794541726684 5.469273617745034 258.6153983420913
    vertex 33.67042527564561 6.045299458341229 257.8938745190063
  endloop
endfacet
facet normal 0.23917 0.941439 -0.237675
  outer loop
    vertex 32.76794541726684 5.469273617745034 258.6153983420913
    vertex 31 5.914527975859168 258.6
    vertex 32.0194009432492 5.911318303844543 259.6131005733874
  endloop
endfacet
facet normal 0.248588 0.933535 -0.258295
  outer loop
    vertex 38.49375929934071 5.845305025412175 265.9708898901956
    vertex 39.49295622518427 5.864040267887296 267.0002493866177
    vertex 39.68513949225587 5.47378979533416 265.7747575198334
  endloop
endfacet
facet normal 0.288583 0.955733 -0.0573948
  outer loop
    vertex 39.15033277915089 5.553998759596016 264.421360249142
    vertex 38.49375929934071 5.845305025412175 265.9708898901956
    vertex 39.68513949225587 5.47378979533416 265.7747575198334
  endloop
endfacet
facet normal 0.648037 0.395588 -0.650814
  outer loop
    vertex 31 5.914527975859168 258.6
    vertex 30.2849440456171 7.114597438254318 258.6174406338837
    vertex 32.0194009432492 5.911318303844543 259.6131005733874
  endloop
endfacet
facet normal -0.90851 -3.49424e-05 0.417864
  outer loop
    vertex 43.333451840069 7.124885941560784 266.9990387330377
    vertex 43.33345237791102 7.123765661505548 266.9990398087213
    vertex 43.62254497350166 6.268397338456566 267.6275063906606
  endloop
endfacet
facet normal -0.658983 0.363239 0.658634
  outer loop
    vertex 52.59523267122856 6.017261314378273 276.8765779479678
    vertex 53.81045698294976 7.134945870553535 277.4760390461894
    vertex 51.7150559543736 7.132933884754985 275.380638983559
  endloop
endfacet
facet normal -0.234261 0.93562 -0.264077
  outer loop
    vertex 49.40488110564579 6.018374354962468 277.1248834182679
    vertex 50.99999999999989 5.930916360141343 275.4
    vertex 49.28377055327255 5.48211519059541 275.332361306181
  endloop
endfacet
facet normal 0.641529 0.36894 -0.67255
  outer loop
    vertex 49.38160411429996 7.132933884754985 277.7140918993166
    vertex 50.9999999999999 5.93373795400056 278.6
    vertex 49.40488110564579 6.018374354962468 277.1248834182679
  endloop
endfacet
facet normal -0.642202 0.419129 0.6418
  outer loop
    vertex 55.90585801152591 7.136957856352085 279.5714391088197
    vertex 53.81045698294976 7.134945870553535 277.4760390461894
    vertex 54.4478504298803 5.880174419634086 278.9332631126567
  endloop
endfacet
facet normal 0.634998 0.439338 -0.635421
  outer loop
    vertex 51.47700514287612 7.134945870553535 279.8094919619469
    vertex 53.57240617145227 7.136957856352085 281.9048920245772
    vertex 52.84071340813641 5.833422268451349 280.2724048022912
  endloop
endfacet
facet normal -0.636885 0.389586 0.665282
  outer loop
    vertex 50.99999999999989 5.930916360141343 275.4
    vertex 52.59523267122856 6.017261314378273 276.8765779479678
    vertex 51.7150559543736 7.132933884754985 275.380638983559
  endloop
endfacet
facet normal 0.660172 0.35762 -0.660516
  outer loop
    vertex 47.28620308572381 7.130921898956434 275.6186918366863
    vertex 49.38160411429996 7.132933884754985 277.7140918993166
    vertex 48.35694308021537 6.029564016203429 276.0925719486732
  endloop
endfacet
facet normal -0.681041 0.269665 0.680782
  outer loop
    vertex 45.42885286864514 7.126897927359335 269.0944387956681
    vertex 43.333451840069 7.124885941560784 266.9990387330377
    vertex 43.62254497350166 6.268397338456566 267.6275063906606
  endloop
endfacet
facet normal 0.641412 0.420313 -0.641816
  outer loop
    vertex 40.99999999999537 7.124885941558998 269.3324916487953
    vertex 43.09540102857152 7.126897927359335 271.4278917114256
    vertex 42.1344979883933 5.867014854743823 269.6425206124193
  endloop
endfacet
facet normal 0.288368 0.90844 -0.302623
  outer loop
    vertex 49.28377055327255 5.48211519059541 275.332361306181
    vertex 47.73578421420025 5.48262375651976 273.8588197787268
    vertex 48.35694308021537 6.029564016203429 276.0925719486732
  endloop
endfacet
facet normal 0.623273 0.41798 -0.660926
  outer loop
    vertex 50.9999999999999 5.93373795400056 278.6
    vertex 51.47700514287612 7.134945870553535 279.8094919619469
    vertex 52.84071340813641 5.833422268451349 280.2724048022912
  endloop
endfacet
facet normal -0.651062 0.390801 0.650687
  outer loop
    vertex 51.7150559543736 7.132933884754985 275.380638983559
    vertex 49.61965492579744 7.130921898956434 273.2852389209287
    vertex 49.97128369693259 5.944516657816248 274.349622545623
  endloop
endfacet
facet normal 0.655734 0.363511 -0.66172
  outer loop
    vertex 49.38160411429996 7.132933884754985 277.7140918993166
    vertex 49.40488110564579 6.018374354962468 277.1248834182679
    vertex 48.35694308021537 6.029564016203429 276.0925719486732
  endloop
endfacet
facet normal 0.211034 0.947241 0.241244
  outer loop
    vertex 52.59523267122856 6.017261314378273 276.8765779479678
    vertex 50.9999999999999 5.93373795400056 278.6
    vertex 52.87159325005081 5.48905888869571 278.7088080029089
  endloop
endfacet
facet normal 0.237511 0.949625 -0.204453
  outer loop
    vertex 52.87159325005081 5.48905888869571 278.7088080029089
    vertex 50.9999999999999 5.93373795400056 278.6
    vertex 52.84071340813641 5.833422268451349 280.2724048022912
  endloop
endfacet
facet normal -0.250303 0.931685 0.26327
  outer loop
    vertex 47.73578421420025 5.48262375651976 273.8588197787268
    vertex 49.28377055327255 5.48211519059541 275.332361306181
    vertex 49.97128369693259 5.944516657816248 274.349622545623
  endloop
endfacet
facet normal -0.721428 0.628801 0.290088
  outer loop
    vertex 53.81045698294976 7.134945870553535 277.4760390461894
    vertex 52.59523267122856 6.017261314378273 276.8765779479678
    vertex 52.87159325005081 5.48905888869571 278.7088080029089
  endloop
endfacet
facet normal 0.742695 0.572836 -0.346788
  outer loop
    vertex 47.73578421420025 5.48262375651976 273.8588197787268
    vertex 47.28620308572381 7.130921898956434 275.6186918366863
    vertex 48.35694308021537 6.029564016203429 276.0925719486732
  endloop
endfacet
facet normal 0.217331 0.94883 -0.229106
  outer loop
    vertex 42.1344979883933 5.867014854743823 269.6425206124193
    vertex 43.89029241430499 5.481299098718131 269.7106527968413
    vertex 42.38425878118693 5.477163082264322 268.2648952266967
  endloop
endfacet
facet normal -0.20637 0.95471 -0.214339
  outer loop
    vertex 52.87159325005081 5.48905888869571 278.7088080029089
    vertex 52.84071340813641 5.833422268451349 280.2724048022912
    vertex 54.4478504298803 5.880174419634086 278.9332631126567
  endloop
endfacet
facet normal -0.357501 0.857512 0.369953
  outer loop
    vertex 43.89029241430499 5.481299098718131 269.7106527968413
    vertex 43.62254497350166 6.268397338456566 267.6275063906606
    vertex 42.38425878118693 5.477163082264322 268.2648952266967
  endloop
endfacet
facet normal 0.512783 0.688062 -0.513443
  outer loop
    vertex 45.19080205714766 7.128909913157885 273.5232917740559
    vertex 47.28620308572381 7.130921898956434 275.6186918366863
    vertex 47.73578421420025 5.48262375651976 273.8588197787268
  endloop
endfacet
facet normal -0.265027 0.670329 0.693123
  outer loop
    vertex 53.81045698294976 7.134945870553535 277.4760390461894
    vertex 52.87159325005081 5.48905888869571 278.7088080029089
    vertex 54.4478504298803 5.880174419634086 278.9332631126567
  endloop
endfacet
facet normal -0.241858 0.934186 0.262302
  outer loop
    vertex 42.50704377480764 5.86404026788915 267.0002493866178
    vertex 40.99999999999664 5.473766422127822 267.0006241243343
    vertex 42.38425878118693 5.477163082264322 268.2648952266967
  endloop
endfacet
facet normal 0.221776 0.943723 -0.24536
  outer loop
    vertex 40.99999999999664 5.473766422127822 267.0006241243343
    vertex 40.99999999999635 5.86548731818 268.5072924667064
    vertex 42.38425878118693 5.477163082264322 268.2648952266967
  endloop
endfacet
facet normal 0.124694 0.975044 0.183689
  outer loop
    vertex 52.84071340813641 5.833422268451349 280.2724048022912
    vertex 54.78934494749124 5.487005721564995 280.7884372441482
    vertex 54.4478504298803 5.880174419634086 278.9332631126567
  endloop
endfacet
facet normal -0.485852 0.72703 0.485154
  outer loop
    vertex 47.52425389722129 7.128909913157885 271.1898388582984
    vertex 45.42885286864514 7.126897927359335 269.0944387956681
    vertex 45.42185526810997 5.480771480894663 271.5542398821904
  endloop
endfacet
facet normal 0.189572 0.751273 -0.63218
  outer loop
    vertex 42.1344979883933 5.867014854743823 269.6425206124193
    vertex 43.09540102857152 7.126897927359335 271.4278917114256
    vertex 43.89029241430499 5.481299098718131 269.7106527968413
  endloop
endfacet
facet normal -0.486882 0.725651 0.486185
  outer loop
    vertex 49.61965492579744 7.130921898956434 273.2852389209287
    vertex 47.52425389722129 7.128909913157885 271.1898388582984
    vertex 47.73578421420025 5.48262375651976 273.8588197787268
  endloop
endfacet
facet normal 0.512404 0.687154 -0.515035
  outer loop
    vertex 45.19080205714766 7.128909913157885 273.5232917740559
    vertex 47.73578421420025 5.48262375651976 273.8588197787268
    vertex 45.42185526810997 5.480771480894663 271.5542398821904
  endloop
endfacet
facet normal -0.617072 0.706611 0.346299
  outer loop
    vertex 45.42885286864514 7.126897927359335 269.0944387956681
    vertex 43.62254497350166 6.268397338456566 267.6275063906606
    vertex 43.89029241430499 5.481299098718131 269.7106527968413
  endloop
endfacet
facet normal -0.485199 0.726512 0.486583
  outer loop
    vertex 47.73578421420025 5.48262375651976 273.8588197787268
    vertex 47.52425389722129 7.128909913157885 271.1898388582984
    vertex 45.42185526810997 5.480771480894663 271.5542398821904
  endloop
endfacet
facet normal 0.298579 0.676052 -0.67365
  outer loop
    vertex 53.57240617145227 7.136957856352085 281.9048920245772
    vertex 54.78934494749124 5.487005721564995 280.7884372441482
    vertex 52.84071340813641 5.833422268451349 280.2724048022912
  endloop
endfacet
facet normal -0.55524 0.691925 0.461464
  outer loop
    vertex 45.42185526810997 5.480771480894663 271.5542398821904
    vertex 45.42885286864514 7.126897927359335 269.0944387956681
    vertex 43.89029241430499 5.481299098718131 269.7106527968413
  endloop
endfacet
facet normal -0.553266 0.363997 0.749268
  outer loop
    vertex 43.33345184006902 7.122645381450313 266.999040884405
    vertex 42.50704377480764 5.86404026788915 267.0002493866178
    vertex 43.62254497350166 6.268397338456566 267.6275063906606
  endloop
endfacet
facet normal 0.513758 0.686605 -0.514418
  outer loop
    vertex 43.09540102857152 7.126897927359335 271.4278917114256
    vertex 45.19080205714766 7.128909913157885 273.5232917740559
    vertex 45.42185526810997 5.480771480894663 271.5542398821904
  endloop
endfacet
facet normal -0.6937 0.668037 0.269272
  outer loop
    vertex 54.78934494749124 5.487005721564995 280.7884372441482
    vertex 55.90585801152591 7.136957856352085 279.5714391088197
    vertex 54.4478504298803 5.880174419634086 278.9332631126567
  endloop
endfacet
facet normal 0.533699 0.720257 -0.443165
  outer loop
    vertex 43.09540102857152 7.126897927359335 271.4278917114256
    vertex 45.42185526810997 5.480771480894663 271.5542398821904
    vertex 43.89029241430499 5.481299098718131 269.7106527968413
  endloop
endfacet
facet normal -0.287577 0.590955 0.753706
  outer loop
    vertex 49.61965492579744 7.130921898956434 273.2852389209287
    vertex 47.73578421420025 5.48262375651976 273.8588197787268
    vertex 49.97128369693259 5.944516657816248 274.349622545623
  endloop
endfacet
facet normal 0.641499 0.420431 -0.641652
  outer loop
    vertex 40.99999999999635 5.86548731818 268.5072924667064
    vertex 40.99999999999537 7.124885941558998 269.3324916487953
    vertex 42.1344979883933 5.867014854743823 269.6425206124193
  endloop
endfacet
facet normal 0.297384 0.908999 -0.292033
  outer loop
    vertex 49.40488110564579 6.018374354962468 277.1248834182679
    vertex 49.28377055327255 5.48211519059541 275.332361306181
    vertex 48.35694308021537 6.029564016203429 276.0925719486732
  endloop
endfacet
facet normal -0.253853 0.931454 0.260678
  outer loop
    vertex 49.28377055327255 5.48211519059541 275.332361306181
    vertex 50.99999999999989 5.930916360141343 275.4
    vertex 49.97128369693259 5.944516657816248 274.349622545623
  endloop
endfacet
facet normal 0.225974 0.947291 -0.227103
  outer loop
    vertex 40.99999999999635 5.86548731818 268.5072924667064
    vertex 42.1344979883933 5.867014854743823 269.6425206124193
    vertex 42.38425878118693 5.477163082264322 268.2648952266967
  endloop
endfacet
facet normal -0.440682 0.869472 0.223201
  outer loop
    vertex 43.62254497350166 6.268397338456566 267.6275063906606
    vertex 42.50704377480764 5.86404026788915 267.0002493866178
    vertex 42.38425878118693 5.477163082264322 268.2648952266967
  endloop
endfacet
facet normal -0.652635 0.398618 0.644338
  outer loop
    vertex 50.99999999999989 5.930916360141343 275.4
    vertex 51.7150559543736 7.132933884754985 275.380638983559
    vertex 49.97128369693259 5.944516657816248 274.349622545623
  endloop
endfacet
facet normal 0.649058 0.396174 -0.649439
  outer loop
    vertex 51.47700514287612 7.134945870553535 279.8094919619469
    vertex 50.9999999999999 5.93373795400056 278.6
    vertex 49.38160411429996 7.132933884754985 277.7140918993166
  endloop
endfacet
facet normal -0.908058 0.000838126 0.418844
  outer loop
    vertex 43.33345237791102 7.123765661505548 266.9990398087213
    vertex 43.33345184006902 7.122645381450313 266.999040884405
    vertex 43.62254497350166 6.268397338456566 267.6275063906606
  endloop
endfacet
facet normal 0.907831 0.000838489 0.419336
  outer loop
    vertex 38.66654815992171 7.122645381448518 266.999040884405
    vertex 38.66654762207973 7.123765661503758 266.9990398087214
    vertex 38.38153325067022 6.275006887218505 267.6177717107366
  endloop
endfacet
facet normal 0.658981 0.363247 0.658632
  outer loop
    vertex 29.40476498427567 6.017239345129815 276.8766090616362
    vertex 30.28494404561712 7.132933884740337 275.3806389835591
    vertex 28.18954301704096 7.134945870535672 277.4760390461894
  endloop
endfacet
facet normal 0.234261 0.93562 -0.264076
  outer loop
    vertex 31.00000000000174 5.930916360117769 275.3999999999975
    vertex 32.59511887844238 6.018374047470574 277.1248829610229
    vertex 32.7162294424727 5.482115158315764 275.3323592283961
  endloop
endfacet
facet normal -0.641529 0.36894 -0.67255
  outer loop
    vertex 32.61839588569074 7.132933884740337 277.7140918993165
    vertex 32.59511887844238 6.018374047470574 277.1248829610229
    vertex 31 5.933737953990082 278.6
  endloop
endfacet
facet normal 0.641715 0.420619 0.641312
  outer loop
    vertex 28.18954301704096 7.134945870535672 277.4760390461894
    vertex 26.09414198846481 7.136957856331006 279.5714391088198
    vertex 27.57774689615658 5.876644326155892 278.9135065548078
  endloop
endfacet
facet normal 0.636888 0.389588 0.665278
  outer loop
    vertex 31.00000000000174 5.930916360117769 275.3999999999975
    vertex 30.28494404561712 7.132933884740337 275.3806389835591
    vertex 29.40476498427567 6.017239345129815 276.8766090616362
  endloop
endfacet
facet normal -0.654421 0.378142 -0.654784
  outer loop
    vertex 28.42759382853846 7.136957856331006 281.9048920245772
    vertex 30.52299485711459 7.134945870535672 279.8094919619469
    vertex 29.14107664037585 5.98074132436845 280.5240833603397
  endloop
endfacet
facet normal -0.660337 0.357013 -0.66068
  outer loop
    vertex 32.61839588569074 7.132933884740337 277.7140918993165
    vertex 34.71379691426689 7.130921898945003 275.6186918366863
    vertex 33.64527120667782 6.031159793348527 276.0923819444484
  endloop
endfacet
facet normal 0.681484 0.267409 0.681228
  outer loop
    vertex 38.66654815992179 7.124885941558998 266.9990387330377
    vertex 36.57114713134563 7.126897927354332 269.0944387956681
    vertex 38.38153325067022 6.275006887218505 267.6177717107366
  endloop
endfacet
facet normal -0.63791 0.430829 -0.638324
  outer loop
    vertex 38.9045989714192 7.126897927354332 271.4278917114256
    vertex 40.99999999999537 7.124885941558998 269.3324916487953
    vertex 39.85535904648125 5.842546286423088 269.6108902589503
  endloop
endfacet
facet normal -0.286952 0.908027 -0.305197
  outer loop
    vertex 34.29574653095391 5.483615984956076 273.8517331592431
    vertex 32.7162294424727 5.482115158315764 275.3323592283961
    vertex 33.64527120667782 6.031159793348527 276.0923819444484
  endloop
endfacet
facet normal 0.65286 0.384747 0.652491
  outer loop
    vertex 32.38034507419329 7.130921898945003 273.2852389209287
    vertex 30.28494404561712 7.132933884740337 275.3806389835591
    vertex 32.03456004462527 5.959655749861126 274.3218676673702
  endloop
endfacet
facet normal -0.655332 0.363668 -0.662032
  outer loop
    vertex 32.59511887844238 6.018374047470574 277.1248829610229
    vertex 32.61839588569074 7.132933884740337 277.7140918993165
    vertex 33.64527120667782 6.031159793348527 276.0923819444484
  endloop
endfacet
facet normal -0.211033 0.947244 0.241235
  outer loop
    vertex 31 5.933737953990082 278.6
    vertex 29.40476498427567 6.017239345129815 276.8766090616362
    vertex 29.12841538299244 5.48905689798039 278.7088401029046
  endloop
endfacet
facet normal 0.251718 0.929528 0.269472
  outer loop
    vertex 32.7162294424727 5.482115158315764 275.3323592283961
    vertex 34.29574653095391 5.483615984956076 273.8517331592431
    vertex 32.03456004462527 5.959655749861126 274.3218676673702
  endloop
endfacet
facet normal 0.721431 0.628803 0.290078
  outer loop
    vertex 29.40476498427567 6.017239345129815 276.8766090616362
    vertex 28.18954301704096 7.134945870535672 277.4760390461894
    vertex 29.12841538299244 5.48905689798039 278.7088401029046
  endloop
endfacet
facet normal -0.216585 0.944852 -0.245653
  outer loop
    vertex 40.99999999999635 5.86548731818 268.5072924667064
    vertex 40.99999999999664 5.473766422127822 267.0006241243343
    vertex 39.57592553812603 5.478428225778063 268.2741165421859
  endloop
endfacet
facet normal -0.742342 0.568588 -0.354452
  outer loop
    vertex 34.71379691426689 7.130921898945003 275.6186918366863
    vertex 34.29574653095391 5.483615984956076 273.8517331592431
    vertex 33.64527120667782 6.031159793348527 276.0923819444484
  endloop
endfacet
facet normal 0.241554 0.933018 0.266701
  outer loop
    vertex 40.99999999999664 5.473766422127822 267.0006241243343
    vertex 39.49295622518427 5.864040267887296 267.0002493866177
    vertex 39.57592553812603 5.478428225778063 268.2741165421859
  endloop
endfacet
facet normal -0.51533 0.684246 -0.515987
  outer loop
    vertex 34.71379691426689 7.130921898945003 275.6186918366863
    vertex 36.80919794284304 7.128909913149667 273.5232917740559
    vertex 34.29574653095391 5.483615984956076 273.8517331592431
  endloop
endfacet
facet normal 0.202215 0.944922 -0.257356
  outer loop
    vertex 29.14107664037585 5.98074132436845 280.5240833603397
    vertex 29.12841538299244 5.48905689798039 278.7088401029046
    vertex 27.57774689615658 5.876644326155892 278.9135065548078
  endloop
endfacet
facet normal 0.259202 0.669363 0.696252
  outer loop
    vertex 29.12841538299244 5.48905689798039 278.7088401029046
    vertex 28.18954301704096 7.134945870535672 277.4760390461894
    vertex 27.57774689615658 5.876644326155892 278.9135065548078
  endloop
endfacet
facet normal -0.224666 0.961883 0.155905
  outer loop
    vertex 27.21061910189095 5.487005715147416 280.7884012897383
    vertex 29.14107664037585 5.98074132436845 280.5240833603397
    vertex 27.57774689615658 5.876644326155892 278.9135065548078
  endloop
endfacet
facet normal 0.501895 0.720145 0.479054
  outer loop
    vertex 34.47574610276945 7.128909913149667 271.1898388582984
    vertex 34.29574653095391 5.483615984956076 273.8517331592431
    vertex 36.61868321845685 5.478310063703468 271.4260176804488
  endloop
endfacet
facet normal 0.495426 0.713992 0.494741
  outer loop
    vertex 36.57114713134563 7.126897927354332 269.0944387956681
    vertex 34.47574610276945 7.128909913149667 271.1898388582984
    vertex 36.61868321845685 5.478310063703468 271.4260176804488
  endloop
endfacet
facet normal -0.519362 0.693821 -0.498874
  outer loop
    vertex 34.29574653095391 5.483615984956076 273.8517331592431
    vertex 36.80919794284304 7.128909913149667 273.5232917740559
    vertex 36.61868321845685 5.478310063703468 271.4260176804488
  endloop
endfacet
facet normal -0.17071 0.760297 -0.626743
  outer loop
    vertex 38.9045989714192 7.126897927354332 271.4278917114256
    vertex 39.85535904648125 5.842546286423088 269.6108902589503
    vertex 38.14506855590551 5.48329544684163 269.6409284249391
  endloop
endfacet
facet normal 0.484185 0.729251 0.483485
  outer loop
    vertex 34.47574610276945 7.128909913149667 271.1898388582984
    vertex 32.38034507419329 7.130921898945003 273.2852389209287
    vertex 34.29574653095391 5.483615984956076 273.8517331592431
  endloop
endfacet
facet normal -0.204309 0.954488 -0.217281
  outer loop
    vertex 38.14506855590551 5.48329544684163 269.6409284249391
    vertex 39.85535904648125 5.842546286423088 269.6108902589503
    vertex 39.57592553812603 5.478428225778063 268.2741165421859
  endloop
endfacet
facet normal 0.690348 0.66946 0.274305
  outer loop
    vertex 26.09414198846481 7.136957856331006 279.5714391088198
    vertex 27.21061910189095 5.487005715147416 280.7884012897383
    vertex 27.57774689615658 5.876644326155892 278.9135065548078
  endloop
endfacet
facet normal 0.551503 0.362841 0.751126
  outer loop
    vertex 39.49295622518427 5.864040267887296 267.0002493866177
    vertex 38.66654815992171 7.122645381448518 266.999040884405
    vertex 38.38153325067022 6.275006887218505 267.6177717107366
  endloop
endfacet
facet normal 0.61644 0.70614 0.348379
  outer loop
    vertex 38.38153325067022 6.275006887218505 267.6177717107366
    vertex 36.57114713134563 7.126897927354332 269.0944387956681
    vertex 38.14506855590551 5.48329544684163 269.6409284249391
  endloop
endfacet
facet normal 0.36215 0.852883 0.376082
  outer loop
    vertex 38.38153325067022 6.275006887218505 267.6177717107366
    vertex 38.14506855590551 5.48329544684163 269.6409284249391
    vertex 39.57592553812603 5.478428225778063 268.2741165421859
  endloop
endfacet
facet normal 0.551963 0.686127 0.473886
  outer loop
    vertex 36.57114713134563 7.126897927354332 269.0944387956681
    vertex 36.61868321845685 5.478310063703468 271.4260176804488
    vertex 38.14506855590551 5.48329544684163 269.6409284249391
  endloop
endfacet
facet normal -0.265895 0.667052 -0.695946
  outer loop
    vertex 27.21061910189095 5.487005715147416 280.7884012897383
    vertex 28.42759382853846 7.136957856331006 281.9048920245772
    vertex 29.14107664037585 5.98074132436845 280.5240833603397
  endloop
endfacet
facet normal -0.504532 0.700154 -0.505205
  outer loop
    vertex 36.80919794284304 7.128909913149667 273.5232917740559
    vertex 38.9045989714192 7.126897927354332 271.4278917114256
    vertex 36.61868321845685 5.478310063703468 271.4260176804488
  endloop
endfacet
facet normal 0.281456 0.588031 0.758289
  outer loop
    vertex 34.29574653095391 5.483615984956076 273.8517331592431
    vertex 32.38034507419329 7.130921898945003 273.2852389209287
    vertex 32.03456004462527 5.959655749861126 274.3218676673702
  endloop
endfacet
facet normal -0.523434 0.726295 -0.445547
  outer loop
    vertex 36.61868321845685 5.478310063703468 271.4260176804488
    vertex 38.9045989714192 7.126897927354332 271.4278917114256
    vertex 38.14506855590551 5.48329544684163 269.6409284249391
  endloop
endfacet
facet normal -0.632889 0.424332 -0.647606
  outer loop
    vertex 40.99999999999537 7.124885941558998 269.3324916487953
    vertex 40.99999999999635 5.86548731818 268.5072924667064
    vertex 39.85535904648125 5.842546286423088 269.6108902589503
  endloop
endfacet
facet normal -0.237594 0.941297 -0.239812
  outer loop
    vertex 31 5.933737953990082 278.6
    vertex 29.12841538299244 5.48905689798039 278.7088401029046
    vertex 30.07359863332809 5.936715931506491 279.5295247533014
  endloop
endfacet
facet normal -0.660807 0.396706 -0.637149
  outer loop
    vertex 29.14107664037585 5.98074132436845 280.5240833603397
    vertex 30.52299485711459 7.134945870535672 279.8094919619469
    vertex 30.07359863332809 5.936715931506491 279.5295247533014
  endloop
endfacet
facet normal -0.298167 0.90875 -0.292011
  outer loop
    vertex 32.7162294424727 5.482115158315764 275.3323592283961
    vertex 32.59511887844238 6.018374047470574 277.1248829610229
    vertex 33.64527120667782 6.031159793348527 276.0923819444484
  endloop
endfacet
facet normal -0.649941 0.395405 -0.649024
  outer loop
    vertex 30.52299485711459 7.134945870535672 279.8094919619469
    vertex 31 5.933737953990082 278.6
    vertex 30.07359863332809 5.936715931506491 279.5295247533014
  endloop
endfacet
facet normal -0.223776 0.951232 -0.212325
  outer loop
    vertex 39.85535904648125 5.842546286423088 269.6108902589503
    vertex 40.99999999999635 5.86548731818 268.5072924667064
    vertex 39.57592553812603 5.478428225778063 268.2741165421859
  endloop
endfacet
facet normal 0.25361 0.929401 0.268135
  outer loop
    vertex 31.00000000000174 5.930916360117769 275.3999999999975
    vertex 32.7162294424727 5.482115158315764 275.3323592283961
    vertex 32.03456004462527 5.959655749861126 274.3218676673702
  endloop
endfacet
facet normal -0.225667 0.940717 -0.253232
  outer loop
    vertex 29.12841538299244 5.48905689798039 278.7088401029046
    vertex 29.14107664037585 5.98074132436845 280.5240833603397
    vertex 30.07359863332809 5.936715931506491 279.5295247533014
  endloop
endfacet
facet normal 0.448185 0.863276 0.232131
  outer loop
    vertex 39.49295622518427 5.864040267887296 267.0002493866177
    vertex 38.38153325067022 6.275006887218505 267.6177717107366
    vertex 39.57592553812603 5.478428225778063 268.2741165421859
  endloop
endfacet
facet normal 0.655807 0.400434 0.639977
  outer loop
    vertex 30.28494404561712 7.132933884740337 275.3806389835591
    vertex 31.00000000000174 5.930916360117769 275.3999999999975
    vertex 32.03456004462527 5.959655749861126 274.3218676673702
  endloop
endfacet
facet normal -0.649058 0.396174 -0.649439
  outer loop
    vertex 32.61839588569074 7.132933884740337 277.7140918993165
    vertex 31 5.933737953990082 278.6
    vertex 30.52299485711459 7.134945870535672 279.8094919619469
  endloop
endfacet
facet normal 0.908287 -3.43701e-05 0.418348
  outer loop
    vertex 38.66654762207973 7.123765661503758 266.9990398087214
    vertex 38.66654815992179 7.124885941558998 266.9990387330377
    vertex 38.38153325067022 6.275006887218505 267.6177717107366
  endloop
endfacet
facet normal 0.911763 -0.0193926 0.410258
  outer loop
    vertex 49.39999999999991 10.61416627969056 257
    vertex 49.4047470372159 8.231863464564038 256.8768404894121
    vertex 49.89630633363025 9.442396764412058 255.8416130651568
  endloop
endfacet
facet normal 0.932735 0.0204688 -0.359982
  outer loop
    vertex 49.4047470372159 8.231863464564038 256.8768404894121
    vertex 49.39999999999991 10.61416627969056 257
    vertex 49.86025798728361 9.389802190160511 258.1229372842903
  endloop
endfacet
facet normal 0.656591 0.417611 -0.628084
  outer loop
    vertex 50.9999999999999 8.315336745122483 258.6
    vertex 49.4047470372159 8.231863464564038 256.8768404894121
    vertex 49.86025798728361 9.389802190160511 258.1229372842903
  endloop
endfacet
facet normal 0.371489 1.14887e-15 0.928437
  outer loop
    vertex 50.99999999999991 8.315073444630809 255.4
    vertex 50.9999999999999 10.61262997293466 255.4
    vertex 49.89630633363025 9.442396764412058 255.8416130651568
  endloop
endfacet
facet normal 0.660618 -0.357241 -0.660275
  outer loop
    vertex 49.39999999999991 10.61416627969056 257
    vertex 50.9999999999999 10.61570258644892 258.6
    vertex 49.86025798728361 9.389802190160511 258.1229372842903
  endloop
endfacet
facet normal 0.386112 0 -0.922452
  outer loop
    vertex 50.9999999999999 10.61570258644892 258.6
    vertex 50.9999999999999 8.315336745122483 258.6
    vertex 49.86025798728361 9.389802190160511 258.1229372842903
  endloop
endfacet
facet normal 0.656398 -0.371235 0.656755
  outer loop
    vertex 50.9999999999999 10.61262997293466 255.4
    vertex 49.39999999999991 10.61416627969056 257
    vertex 49.89630633363025 9.442396764412058 255.8416130651568
  endloop
endfacet
facet normal 0.628726 0.341958 0.698404
  outer loop
    vertex 49.4047470372159 8.231863464564038 256.8768404894121
    vertex 50.99999999999991 8.315073444630809 255.4
    vertex 49.89630633363025 9.442396764412058 255.8416130651568
  endloop
endfacet
facet normal 0.911527 -0.0196672 -0.410769
  outer loop
    vertex 29.40490169125398 8.227566926280591 257.1251454174326
    vertex 29.40000000000001 10.61416627967522 257
    vertex 29.89703841751891 9.442108427590288 258.1590840123006
  endloop
endfacet
facet normal 0.932811 0.0207808 0.359767
  outer loop
    vertex 29.40000000000001 10.61416627967522 257
    vertex 29.40490169125398 8.227566926280591 257.1251454174326
    vertex 29.86052830866881 9.387468224352657 255.8767884150104
  endloop
endfacet
facet normal 0.656304 0.418128 0.628039
  outer loop
    vertex 29.40490169125398 8.227566926280591 257.1251454174326
    vertex 30.99999999999837 8.315073444611322 255.3999999999977
    vertex 29.86052830866881 9.387468224352657 255.8767884150104
  endloop
endfacet
facet normal 0.371196 0 -0.928555
  outer loop
    vertex 31 10.61570258643358 258.6
    vertex 31 8.315336745114447 258.6
    vertex 29.89703841751891 9.442108427590288 258.1590840123006
  endloop
endfacet
facet normal 0.66033 -0.357036 0.660673
  outer loop
    vertex 31 10.61262997291931 255.4
    vertex 29.40000000000001 10.61416627967522 257
    vertex 29.86052830866881 9.387468224352657 255.8767884150104
  endloop
endfacet
facet normal 0.386 -1.21032e-12 0.922499
  outer loop
    vertex 30.99999999999837 8.315073444611322 255.3999999999977
    vertex 31 10.61262997291931 255.4
    vertex 29.86052830866881 9.387468224352657 255.8767884150104
  endloop
endfacet
facet normal 0.656904 -0.370705 -0.656548
  outer loop
    vertex 29.40000000000001 10.61416627967522 257
    vertex 31 10.61570258643358 258.6
    vertex 29.89703841751891 9.442108427590288 258.1590840123006
  endloop
endfacet
facet normal 0.628011 0.341017 -0.699507
  outer loop
    vertex 31 8.315336745114447 258.6
    vertex 29.40490169125398 8.227566926280591 257.1251454174326
    vertex 29.89703841751891 9.442108427590288 258.1590840123006
  endloop
endfacet
facet normal 0.911764 -0.0193915 0.410256
  outer loop
    vertex 29.40000000000001 10.63337011413939 277
    vertex 29.40474642723373 8.251079992026007 276.8768483908084
    vertex 29.89630440879243 9.461604075403232 275.8416148991165
  endloop
endfacet
facet normal 0.932734 0.0204675 -0.359983
  outer loop
    vertex 29.40474642723373 8.251079992026007 276.8768483908084
    vertex 29.40000000000001 10.63337011413939 277
    vertex 29.86025700133299 9.409010314053448 278.122936283584
  endloop
endfacet
facet normal 0.656593 0.417609 -0.628083
  outer loop
    vertex 31 8.334534427056644 278.6
    vertex 29.40474642723373 8.251079992026007 276.8768483908084
    vertex 29.86025700133299 9.409010314053448 278.122936283584
  endloop
endfacet
facet normal 0.37149 -0 0.928437
  outer loop
    vertex 31 8.334283408830212 275.4
    vertex 31 10.63183380738349 275.4
    vertex 29.89630440879243 9.461604075403232 275.8416148991165
  endloop
endfacet
facet normal 0.660618 -0.357242 -0.660275
  outer loop
    vertex 29.40000000000001 10.63337011413939 277
    vertex 31 10.63490642089776 278.6
    vertex 29.86025700133299 9.409010314053448 278.122936283584
  endloop
endfacet
facet normal 0.386112 0 -0.922452
  outer loop
    vertex 31 10.63490642089776 278.6
    vertex 31 8.334534427056644 278.6
    vertex 29.86025700133299 9.409010314053448 278.122936283584
  endloop
endfacet
facet normal 0.656398 -0.371236 0.656754
  outer loop
    vertex 31 10.63183380738349 275.4
    vertex 29.40000000000001 10.63337011413939 277
    vertex 29.89630440879243 9.461604075403232 275.8416148991165
  endloop
endfacet
facet normal 0.628728 0.341961 0.698401
  outer loop
    vertex 29.40474642723373 8.251079992026007 276.8768483908084
    vertex 31 8.334283408830212 275.4
    vertex 29.89630440879243 9.461604075403232 275.8416148991165
  endloop
endfacet
facet normal 0.911527 -0.0196684 -0.41077
  outer loop
    vertex 49.40490232477031 8.246757890741959 277.1251534919357
    vertex 49.39999999999991 10.63337011415474 277
    vertex 49.89704038682826 9.461308756567991 278.1590858862536
  endloop
endfacet
facet normal 0.932811 0.0207821 0.359766
  outer loop
    vertex 49.39999999999991 10.63337011415474 277
    vertex 49.40490232477031 8.246757890741959 277.1251534919357
    vertex 49.86052927986695 9.406667685418384 275.8767874297535
  endloop
endfacet
facet normal 0.656303 0.418131 0.628039
  outer loop
    vertex 49.40490232477031 8.246757890741959 277.1251534919357
    vertex 50.99999999999824 8.334283408841415 275.3999999999977
    vertex 49.86052927986695 9.406667685418384 275.8767874297535
  endloop
endfacet
facet normal 0.371195 0 -0.928555
  outer loop
    vertex 50.9999999999999 10.63490642091311 278.6
    vertex 50.9999999999999 8.334534427079314 278.6
    vertex 49.89704038682826 9.461308756567991 278.1590858862536
  endloop
endfacet
facet normal 0.660331 -0.357035 0.660674
  outer loop
    vertex 50.9999999999999 10.63183380739884 275.4
    vertex 49.39999999999991 10.63337011415474 277
    vertex 49.86052927986695 9.406667685418384 275.8767874297535
  endloop
endfacet
facet normal 0.386 -1.2139e-12 0.922499
  outer loop
    vertex 50.99999999999824 8.334283408841415 275.3999999999977
    vertex 50.9999999999999 10.63183380739884 275.4
    vertex 49.86052927986695 9.406667685418384 275.8767874297535
  endloop
endfacet
facet normal 0.656904 -0.370704 -0.656548
  outer loop
    vertex 49.39999999999991 10.63337011415474 277
    vertex 50.9999999999999 10.63490642091311 278.6
    vertex 49.89704038682826 9.461308756567991 278.1590858862536
  endloop
endfacet
facet normal 0.628009 0.341014 -0.69951
  outer loop
    vertex 50.9999999999999 8.334534427079314 278.6
    vertex 49.40490232477031 8.246757890741959 277.1251534919357
    vertex 49.89704038682826 9.461308756567991 278.1590858862536
  endloop
endfacet
facet normal 0.392783 0 -0.919631
  outer loop
    vertex 50.9999999999999 19.1111902737935 258.6
    vertex 50.9999999999999 16.11119027379255 258.6
    vertex 49.84411044317223 17.60853543286835 258.1063088774916
  endloop
endfacet
facet normal 0.392783 -0 0.919631
  outer loop
    vertex 50.9999999999999 16.11119027379255 255.4
    vertex 50.9999999999999 19.1111902737935 255.4
    vertex 49.84411044317223 17.60853543286835 255.8936911225084
  endloop
endfacet
facet normal 0.990071 -0.140566 0
  outer loop
    vertex 49.61435935394481 19.1111902737935 256.2
    vertex 49.61435935394481 19.1111902737935 257.8
    vertex 49.39999999999991 17.60135777359751 257.0000000000001
  endloop
endfacet
facet normal 0.925864 0.0657108 -0.3721
  outer loop
    vertex 49.39999999999991 17.60135777359751 257.0000000000001
    vertex 49.61435935394481 19.1111902737935 257.8
    vertex 49.84411044317223 17.60853543286835 258.1063088774916
  endloop
endfacet
facet normal 0.925864 0.0657108 0.3721
  outer loop
    vertex 49.61435935394481 19.1111902737935 256.2
    vertex 49.39999999999991 17.60135777359751 257.0000000000001
    vertex 49.84411044317223 17.60853543286835 255.8936911225084
  endloop
endfacet
facet normal 0.497497 0.0999387 0.86169
  outer loop
    vertex 49.61435935394481 16.11119027379255 256.2
    vertex 50.9999999999999 16.11119027379255 255.4
    vertex 49.84411044317223 17.60853543286835 255.8936911225084
  endloop
endfacet
facet normal 0.497514 -0.0995891 0.86172
  outer loop
    vertex 50.9999999999999 19.1111902737935 255.4
    vertex 49.61435935394481 19.1111902737935 256.2
    vertex 49.84411044317223 17.60853543286835 255.8936911225084
  endloop
endfacet
facet normal 0.497497 0.0999387 -0.86169
  outer loop
    vertex 50.9999999999999 16.11119027379255 258.6
    vertex 49.61435935394481 16.11119027379255 257.8
    vertex 49.84411044317223 17.60853543286835 258.1063088774916
  endloop
endfacet
facet normal 0.497514 -0.0995891 -0.86172
  outer loop
    vertex 49.61435935394481 19.1111902737935 257.8
    vertex 50.9999999999999 19.1111902737935 258.6
    vertex 49.84411044317223 17.60853543286835 258.1063088774916
  endloop
endfacet
facet normal 0.926133 -0.0661381 -0.371353
  outer loop
    vertex 49.61435935394481 16.11119027379255 257.8
    vertex 49.39999999999991 17.60135777359751 257.0000000000001
    vertex 49.84411044317223 17.60853543286835 258.1063088774916
  endloop
endfacet
facet normal 0.926133 -0.0661381 0.371353
  outer loop
    vertex 49.39999999999991 17.60135777359751 257.0000000000001
    vertex 49.61435935394481 16.11119027379255 256.2
    vertex 49.84411044317223 17.60853543286835 255.8936911225084
  endloop
endfacet
facet normal 0.989812 0.142384 0
  outer loop
    vertex 49.61435935394481 16.11119027379255 257.8
    vertex 49.61435935394481 16.11119027379255 256.2
    vertex 49.39999999999991 17.60135777359751 257.0000000000001
  endloop
endfacet
facet normal 0.392561 0 -0.919726
  outer loop
    vertex 50.9999999999999 19.1111902737935 278.6
    vertex 50.9999999999999 16.1303945521613 278.6
    vertex 49.84464499750704 17.61831564667681 278.1068671185895
  endloop
endfacet
facet normal 0.392561 -0 0.919726
  outer loop
    vertex 50.9999999999999 16.1303945521613 275.4
    vertex 50.9999999999999 19.1111902737935 275.4
    vertex 49.84464499750704 17.61831564667681 275.8931328814105
  endloop
endfacet
facet normal 0.989937 -0.141508 0
  outer loop
    vertex 49.61435935394481 19.1111902737935 276.2
    vertex 49.61435935394481 19.1111902737935 277.8
    vertex 49.39999999999991 17.61161391411775 277.0000000000001
  endloop
endfacet
facet normal 0.925748 0.0662772 -0.372288
  outer loop
    vertex 49.39999999999991 17.61161391411775 277.0000000000001
    vertex 49.61435935394481 19.1111902737935 277.8
    vertex 49.84464499750704 17.61831564667681 278.1068671185895
  endloop
endfacet
facet normal 0.925748 0.0662772 0.372288
  outer loop
    vertex 49.61435935394481 19.1111902737935 276.2
    vertex 49.39999999999991 17.61161391411775 277.0000000000001
    vertex 49.84464499750704 17.61831564667681 275.8931328814105
  endloop
endfacet
facet normal 0.497475 -0.100378 0.861651
  outer loop
    vertex 50.9999999999999 19.1111902737935 275.4
    vertex 49.61435935394481 19.1111902737935 276.2
    vertex 49.84464499750704 17.61831564667681 275.8931328814105
  endloop
endfacet
facet normal 0.497458 0.100708 0.861623
  outer loop
    vertex 49.61435935394481 16.1303945521613 276.2
    vertex 50.9999999999999 16.1303945521613 275.4
    vertex 49.84464499750704 17.61831564667681 275.8931328814105
  endloop
endfacet
facet normal 0.497458 0.100708 -0.861623
  outer loop
    vertex 50.9999999999999 16.1303945521613 278.6
    vertex 49.61435935394481 16.1303945521613 277.8
    vertex 49.84464499750704 17.61831564667681 278.1068671185895
  endloop
endfacet
facet normal 0.497475 -0.100378 -0.861651
  outer loop
    vertex 49.61435935394481 19.1111902737935 277.8
    vertex 50.9999999999999 19.1111902737935 278.6
    vertex 49.84464499750704 17.61831564667681 278.1068671185895
  endloop
endfacet
facet normal 0.926001 -0.0666821 -0.371585
  outer loop
    vertex 49.61435935394481 16.1303945521613 277.8
    vertex 49.39999999999991 17.61161391411775 277.0000000000001
    vertex 49.84464499750704 17.61831564667681 278.1068671185895
  endloop
endfacet
facet normal 0.926001 -0.0666821 0.371585
  outer loop
    vertex 49.39999999999991 17.61161391411775 277.0000000000001
    vertex 49.61435935394481 16.1303945521613 276.2
    vertex 49.84464499750704 17.61831564667681 275.8931328814105
  endloop
endfacet
facet normal 0.98969 0.143226 0
  outer loop
    vertex 49.61435935394481 16.1303945521613 277.8
    vertex 49.61435935394481 16.1303945521613 276.2
    vertex 49.39999999999991 17.61161391411775 277.0000000000001
  endloop
endfacet
facet normal 0.753845 0.0122173 -0.656939
  outer loop
    vertex 55.93152333548024 10.6117214114515 254.45377075747
    vertex 55.77065332207226 10.3834810296721 254.2649260038412
    vertex 55.46599302196114 10.6112084668318 253.9195601337492
  endloop
endfacet
facet normal 0.886492 0.022172 -0.462213
  outer loop
    vertex 58.89999999999269 10.61633636183045 259.2600508629134
    vertex 57.93196419820187 8.974939602743817 257.3246890059011
    vertex 57.59072989863179 10.6139251239277 256.7488462321419
  endloop
endfacet
facet normal 0.680076 0.00261285 -0.733137
  outer loop
    vertex 54.51340173977351 10.23251322780969 252.9376709948688
    vertex 54.38218606765176 9.51581132100797 252.8133977701366
    vertex 53.95737677408309 10.60977170574124 252.4232328329865
  endloop
endfacet
facet normal 0.584668 -0.0333427 -0.810587
  outer loop
    vertex 53.57240617145237 7.110573466678303 252.0931875928655
    vertex 51.46088920777252 7.800806381651277 250.5417786874828
    vertex 52.56766463261236 8.798535390276692 251.2990444617044
  endloop
endfacet
facet normal 0.486894 0.0278296 -0.873018
  outer loop
    vertex 51.70992948329548 10.60811713055227 250.7000611504469
    vertex 50.49870605748365 8.812394045004325 249.9673024119006
    vertex 49.23658526980976 10.60679258466187 249.3206013441499
  endloop
endfacet
facet normal 0.809768 -0.000395401 -0.58675
  outer loop
    vertex 56.68185696500893 9.469766207444147 255.4067274066709
    vertex 56.67336866023333 10.30228723570709 255.3944517594115
    vertex 56.90598464318034 10.30609269384844 255.7154801931539
  endloop
endfacet
facet normal 0.577817 -0.00701818 -0.816136
  outer loop
    vertex 52.58185544874463 9.995052472286703 251.3083622701093
    vertex 51.81338876885485 9.363547299897002 250.7697247383342
    vertex 52.29491036123817 10.60850108353911 251.0999323189938
  endloop
endfacet
facet normal 0.723296 -0.000612427 -0.690538
  outer loop
    vertex 55.22602536305587 10.61095817014886 253.6588864821206
    vertex 54.98313793908664 10.15653284781652 253.4048797160869
    vertex 54.9813611406876 10.61071210118356 253.4026158237041
  endloop
endfacet
facet normal 0.412424 0.0443987 -0.90991
  outer loop
    vertex 50.49870605748365 8.812394045004325 249.9673024119006
    vertex 49.45619372339235 7.436776751882665 249.427652997863
    vertex 47.93134784993043 8.154202477933872 248.7715114096939
  endloop
endfacet
facet normal 0.849837 -0.0105281 -0.52694
  outer loop
    vertex 57.93196419820187 8.974939602743817 257.3246890059011
    vertex 57.17894995423745 8.889207028827867 256.1119559247852
    vertex 57.33635245372957 9.739660408688714 256.3488197016416
  endloop
endfacet
facet normal 0.797578 -0.000762476 -0.603216
  outer loop
    vertex 56.43053704404008 10.30446429365472 255.0733745381877
    vertex 56.67336866023333 10.30228723570709 255.3944517594115
    vertex 56.68185696500893 9.469766207444147 255.4067274066709
  endloop
endfacet
facet normal 0.760003 -0.0370377 -0.648863
  outer loop
    vertex 55.90585801152599 7.110573466678303 254.426640508623
    vertex 56.80284646232106 5.377856932903057 255.5761740357915
    vertex 54.78781947611126 5.460526368742518 253.2112855331611
  endloop
endfacet
facet normal 0.850989 -0.00732627 -0.525133
  outer loop
    vertex 57.93196419820187 8.974939602743817 257.3246890059011
    vertex 57.33635245372957 9.739660408688714 256.3488197016416
    vertex 57.59072989863179 10.6139251239277 256.7488462321419
  endloop
endfacet
facet normal 0.761316 0.0334469 -0.647518
  outer loop
    vertex 54.78781947611126 5.460526368742518 253.2112855331611
    vertex 56.80284646232106 5.377856932903057 255.5761740357915
    vertex 55.93152333548559 3.61172463833778 254.460492096434
  endloop
endfacet
facet normal 0.850257 -0.0230318 -0.525864
  outer loop
    vertex 58.22751114699801 5.72263431582118 257.8645799646638
    vertex 56.80284646232106 5.377856932903057 255.5761740357915
    vertex 57.35797734740265 7.420260817042358 256.3842988903844
  endloop
endfacet
facet normal 0.716736 -0.0274336 -0.696805
  outer loop
    vertex 55.93152333548559 3.61172463833778 254.460492096434
    vertex 53.95737677408844 3.609774932627514 252.4299541719506
    vertex 54.78781947611126 5.460526368742518 253.2112855331611
  endloop
endfacet
facet normal 0.165507 0.0081893 -0.986175
  outer loop
    vertex 43.05943773166039 8.301250464295691 247.6069560776778
    vertex 45.37562526389931 8.246227578792276 247.9952191628984
    vertex 43.44935299806168 6.136625376398896 247.6544192986844
  endloop
endfacet
facet normal 0.849358 0.00566351 -0.527787
  outer loop
    vertex 57.35797734740265 7.420260817042358 256.3842988903844
    vertex 57.17894995423745 8.889207028827867 256.1119559247852
    vertex 57.93196419820187 8.974939602743817 257.3246890059011
  endloop
endfacet
facet normal 0.804892 -0.026665 -0.592821
  outer loop
    vertex 55.90585801152599 7.110573466678303 254.426640508623
    vertex 56.47977229036847 8.596856687530376 255.139009103569
    vertex 57.35797734740265 7.420260817042358 256.3842988903844
  endloop
endfacet
facet normal 0.676481 -0.0215284 -0.736146
  outer loop
    vertex 53.64430758392569 8.932565562241752 252.1523816973478
    vertex 54.38218606765176 9.51581132100797 252.8133977701366
    vertex 54.78936783322393 8.760525607863016 253.2096652613215
  endloop
endfacet
facet normal 0.427365 -0.0251097 -0.90373
  outer loop
    vertex 49.23658526980976 10.60679258466187 249.3206013441499
    vertex 50.49870605748365 8.812394045004325 249.9673024119006
    vertex 47.93134784993043 8.154202477933872 248.7715114096939
  endloop
endfacet
facet normal 0.312082 -0.0119028 -0.949981
  outer loop
    vertex 48.35015620000781 5.799639947194421 248.9385974450987
    vertex 45.80465289360458 5.875562667311153 248.1014119078344
    vertex 47.93134784993043 8.154202477933872 248.7715114096939
  endloop
endfacet
facet normal 0.290944 0.00979876 -0.95669
  outer loop
    vertex 47.93134784993043 8.154202477933872 248.7715114096939
    vertex 45.80465289360458 5.875562667311153 248.1014119078344
    vertex 45.37562526389931 8.246227578792276 247.9952191628984
  endloop
endfacet
facet normal 0.164974 -0.0143855 -0.986193
  outer loop
    vertex 43.82454436402303 10.60523778124976 247.701337846698
    vertex 45.37562526389931 8.246227578792276 247.9952191628984
    vertex 43.05943773166039 8.301250464295691 247.6069560776778
  endloop
endfacet
facet normal 0.678149 -0.0028853 -0.734919
  outer loop
    vertex 53.57240617145237 7.110573466678303 252.0931875928655
    vertex 53.64430758392569 8.932565562241752 252.1523816973478
    vertex 54.78936783322393 8.760525607863016 253.2096652613215
  endloop
endfacet
facet normal 0.482795 0.0207298 -0.875488
  outer loop
    vertex 50.4983331748458 6.05947552831298 249.9697377678645
    vertex 49.45619372339235 7.436776751882665 249.427652997863
    vertex 51.46088920777252 7.800806381651277 250.5417786874828
  endloop
endfacet
facet normal 0.0726045 0.0167402 -0.99722
  outer loop
    vertex 43.82454436402303 10.60523778124976 247.701337846698
    vertex 43.05943773166039 8.301250464295691 247.6069560776778
    vertex 40.99999999999269 10.60504031809023 247.4956881284225
  endloop
endfacet
facet normal 0.886459 -0.0246358 -0.462151
  outer loop
    vertex 57.59072989863714 3.613928350813974 256.7555675711059
    vertex 58.22751114699801 5.72263431582118 257.8645799646638
    vertex 58.89999999999806 3.61633958871673 259.2667722018774
  endloop
endfacet
facet normal 0.486987 -0.0218285 -0.873137
  outer loop
    vertex 49.23658526981511 3.606795811548142 249.3273226831139
    vertex 50.4983331748458 6.05947552831298 249.9697377678645
    vertex 51.70992948330083 3.608120357438546 250.7067824894109
  endloop
endfacet
facet normal 0.0636872 -0.0104091 -0.997916
  outer loop
    vertex 43.05943773166039 8.301250464295691 247.6069560776778
    vertex 43.44935299806168 6.136625376398896 247.6544192986844
    vertex 40.99999999999627 5.93837580268108 247.5001690210652
  endloop
endfacet
facet normal 0.731331 -0.00813439 -0.681974
  outer loop
    vertex 54.78936783322393 8.760525607863016 253.2096652613215
    vertex 55.72249101128075 8.715281149614372 254.2108620029875
    vertex 55.90585801152599 7.110573466678303 254.426640508623
  endloop
endfacet
facet normal 0.489616 -0.0291891 -0.87145
  outer loop
    vertex 51.46088920777252 7.800806381651277 250.5417786874828
    vertex 49.45619372339235 7.436776751882665 249.427652997863
    vertex 50.49870605748365 8.812394045004325 249.9673024119006
  endloop
endfacet
facet normal 0.608318 -0.0223771 -0.793378
  outer loop
    vertex 51.70992948330083 3.608120357438546 250.7067824894109
    vertex 53.46792289584042 5.284335173728956 252.007437283023
    vertex 53.95737677408844 3.609774932627514 252.4299541719506
  endloop
endfacet
facet normal 0.597428 0.0261214 -0.801497
  outer loop
    vertex 53.57240617145237 7.110573466678303 252.0931875928655
    vertex 52.19844482875059 6.101202355605017 251.0361540772634
    vertex 51.46088920777252 7.800806381651277 250.5417786874828
  endloop
endfacet
facet normal 0.355375 0.0200928 -0.934508
  outer loop
    vertex 49.23658526980976 10.60679258466187 249.3206013441499
    vertex 47.93134784993043 8.154202477933872 248.7715114096939
    vertex 46.58951262338775 10.6058260057741 248.3139493783326
  endloop
endfacet
facet normal 0.0528801 -0.000958848 -0.9986
  outer loop
    vertex 40.99999999999448 8.271708060385649 247.4979285747438
    vertex 43.05943773166039 8.301250464295691 247.6069560776778
    vertex 40.99999999999627 5.93837580268108 247.5001690210652
  endloop
endfacet
facet normal 0.705265 0.000846302 -0.708943
  outer loop
    vertex 54.51340173977351 10.23251322780969 252.9376709948688
    vertex 54.98313793908664 10.15653284781652 253.4048797160869
    vertex 54.94407798168159 9.593046123333426 253.3653497206326
  endloop
endfacet
facet normal 0.791561 -0.00570805 -0.611063
  outer loop
    vertex 56.68185696500893 9.469766207444147 255.4067274066709
    vertex 56.2677763093845 9.933493134310275 254.8660021907682
    vertex 56.43053704404008 10.30446429365472 255.0733745381877
  endloop
endfacet
facet normal 0.71063 -0.000726913 -0.703565
  outer loop
    vertex 54.9813611406876 10.61071210118356 253.4026158237041
    vertex 54.98313793908664 10.15653284781652 253.4048797160869
    vertex 54.73208112801807 10.61047034117282 253.1508327633965
  endloop
endfacet
facet normal 0.289921 -0.0199005 -0.956844
  outer loop
    vertex 47.93134784993043 8.154202477933872 248.7715114096939
    vertex 45.37562526389931 8.246227578792276 247.9952191628984
    vertex 46.58951262338775 10.6058260057741 248.3139493783326
  endloop
endfacet
facet normal 0.564319 0.000701318 -0.825556
  outer loop
    vertex 52.29491036123817 10.60850108353911 251.0999323189938
    vertex 51.81338876885485 9.363547299897002 250.7697247383342
    vertex 51.70992948329548 10.60811713055227 250.7000611504469
  endloop
endfacet
facet normal 0.666178 -0.0072851 -0.745757
  outer loop
    vertex 53.95737677408309 10.60977170574124 252.4232328329865
    vertex 54.38218606765176 9.51581132100797 252.8133977701366
    vertex 53.69047139836196 9.995899786872037 252.1908053947428
  endloop
endfacet
facet normal 0.764048 -0.0047344 -0.645142
  outer loop
    vertex 56.04484869188599 10.30501224150171 254.5902337241916
    vertex 55.77065332207226 10.3834810296721 254.2649260038412
    vertex 55.93152333548024 10.6117214114515 254.45377075747
  endloop
endfacet
facet normal 0.763836 -0.00317087 -0.645403
  outer loop
    vertex 56.13198129237834 9.467766133938746 254.69746874594
    vertex 55.71026955276379 10.04727168021877 254.1955248599533
    vertex 56.04484869188599 10.30501224150171 254.5902337241916
  endloop
endfacet
facet normal 0.531222 0.00783456 -0.847196
  outer loop
    vertex 50.4983331748458 6.05947552831298 249.9697377678645
    vertex 52.19844482875059 6.101202355605017 251.0361540772634
    vertex 51.70992948330083 3.608120357438546 250.7067824894109
  endloop
endfacet
facet normal 0.84711 0.0234039 -0.530901
  outer loop
    vertex 57.59072989863714 3.613928350813974 256.7555675711059
    vertex 56.80284646232106 5.377856932903057 255.5761740357915
    vertex 58.22751114699801 5.72263431582118 257.8645799646638
  endloop
endfacet
facet normal 0.80162 0.018551 -0.597547
  outer loop
    vertex 57.35797734740265 7.420260817042358 256.3842988903844
    vertex 56.80284646232106 5.377856932903057 255.5761740357915
    vertex 55.90585801152599 7.110573466678303 254.426640508623
  endloop
endfacet
facet normal 0.830475 -0.00246503 -0.557051
  outer loop
    vertex 57.33635245372957 9.739660408688714 256.3488197016416
    vertex 57.04523975763669 9.688527734850553 255.9150432110773
    vertex 57.2074887401882 10.61335284191656 256.1528381672789
  endloop
endfacet
facet normal 0.728082 -0.00600617 -0.685464
  outer loop
    vertex 55.40345203505132 10.18051036756739 253.8511160151168
    vertex 54.98313793908664 10.15653284781652 253.4048797160869
    vertex 55.22602536305587 10.61095817014886 253.6588864821206
  endloop
endfacet
facet normal 0.621075 0.000953496 -0.783751
  outer loop
    vertex 52.56766463261236 8.798535390276692 251.2990444617044
    vertex 53.64430758392569 8.932565562241752 252.1523816973478
    vertex 53.57240617145237 7.110573466678303 252.0931875928655
  endloop
endfacet
facet normal 0.431273 0.0144204 -0.902106
  outer loop
    vertex 49.23658526981511 3.606795811548142 249.3273226831139
    vertex 48.35015620000781 5.799639947194421 248.9385974450987
    vertex 50.4983331748458 6.05947552831298 249.9697377678645
  endloop
endfacet
facet normal 0.216266 0.0205948 -0.976117
  outer loop
    vertex 46.58951262338775 10.6058260057741 248.3139493783326
    vertex 45.37562526389931 8.246227578792276 247.9952191628984
    vertex 43.82454436402303 10.60523778124976 247.701337846698
  endloop
endfacet
facet normal 0.18719 0.00692973 -0.982299
  outer loop
    vertex 43.44935299806168 6.136625376398896 247.6544192986844
    vertex 45.80465289360458 5.875562667311153 248.1014119078344
    vertex 43.8245443640284 3.605241008136041 247.7080591856621
  endloop
endfacet
facet normal 0.608231 -0.00103233 -0.793759
  outer loop
    vertex 52.58185544874463 9.995052472286703 251.3083622701093
    vertex 53.13565117839607 9.970766382857178 251.7327487169871
    vertex 52.56766463261236 8.798535390276692 251.2990444617044
  endloop
endfacet
facet normal 0.748799 -0.00340518 -0.662789
  outer loop
    vertex 55.46599302196114 10.6112084668318 253.9195601337492
    vertex 55.77065332207226 10.3834810296721 254.2649260038412
    vertex 55.40345203505132 10.18051036756739 253.8511160151168
  endloop
endfacet
facet normal 0.531587 -0.0156456 -0.846859
  outer loop
    vertex 51.46088920777252 7.800806381651277 250.5417786874828
    vertex 52.19844482875059 6.101202355605017 251.0361540772634
    vertex 50.4983331748458 6.05947552831298 249.9697377678645
  endloop
endfacet
facet normal 0.778006 0.000499985 -0.628256
  outer loop
    vertex 56.04484869188599 10.30501224150171 254.5902337241916
    vertex 56.2677763093845 9.933493134310275 254.8660021907682
    vertex 56.13198129237834 9.467766133938746 254.69746874594
  endloop
endfacet
facet normal 0.216279 -0.019508 -0.976137
  outer loop
    vertex 43.8245443640284 3.605241008136041 247.7080591856621
    vertex 45.80465289360458 5.875562667311153 248.1014119078344
    vertex 46.58951262339311 3.605829232660381 248.3206707172967
  endloop
endfacet
facet normal 0.781509 0.00585982 -0.623867
  outer loop
    vertex 56.43053704404008 10.30446429365472 255.0733745381877
    vertex 56.2677763093845 9.933493134310275 254.8660021907682
    vertex 56.04484869188599 10.30501224150171 254.5902337241916
  endloop
endfacet
facet normal 0.355375 -0.0219969 -0.934465
  outer loop
    vertex 46.58951262339311 3.605829232660381 248.3206707172967
    vertex 48.35015620000781 5.799639947194421 248.9385974450987
    vertex 49.23658526981511 3.606795811548142 249.3273226831139
  endloop
endfacet
facet normal 0.0528801 -0.000958848 -0.9986
  outer loop
    vertex 40.99999999999269 10.60504031809023 247.4956881284225
    vertex 43.05943773166039 8.301250464295691 247.6069560776778
    vertex 40.99999999999448 8.271708060385649 247.4979285747438
  endloop
endfacet
facet normal 0.901421 -0.000415709 -0.432944
  outer loop
    vertex 58.89999999999806 3.61633958871673 259.2667722018774
    vertex 58.22751114699801 5.72263431582118 257.8645799646638
    vertex 58.89999999999627 5.949671846421307 259.264531755556
  endloop
endfacet
facet normal 0.602467 -0.0126194 -0.798044
  outer loop
    vertex 52.19844482875059 6.101202355605017 251.0361540772634
    vertex 53.46792289584042 5.284335173728956 252.007437283023
    vertex 51.70992948330083 3.608120357438546 250.7067824894109
  endloop
endfacet
facet normal 0.185322 -0.0104776 -0.982622
  outer loop
    vertex 45.37562526389931 8.246227578792276 247.9952191628984
    vertex 45.80465289360458 5.875562667311153 248.1014119078344
    vertex 43.44935299806168 6.136625376398896 247.6544192986844
  endloop
endfacet
facet normal 0.312825 0.0164338 -0.949669
  outer loop
    vertex 46.58951262339311 3.605829232660381 248.3206707172967
    vertex 45.80465289360458 5.875562667311153 248.1014119078344
    vertex 48.35015620000781 5.799639947194421 248.9385974450987
  endloop
endfacet
facet normal 0.0725459 -0.0448513 -0.996356
  outer loop
    vertex 40.99999999999806 3.605043544976505 247.5024094673865
    vertex 42.32900938874381 4.772336914414266 247.5466302478489
    vertex 43.8245443640284 3.605241008136041 247.7080591856621
  endloop
endfacet
facet normal 0.746971 0.00151264 -0.664855
  outer loop
    vertex 55.40345203505132 10.18051036756739 253.8511160151168
    vertex 55.71026955276379 10.04727168021877 254.1955248599533
    vertex 55.58272545230635 9.485965832574571 254.0509509706132
  endloop
endfacet
facet normal 0.860385 -0.00369039 -0.509632
  outer loop
    vertex 57.35797734740265 7.420260817042358 256.3842988903844
    vertex 58.16923927439295 7.421410642383384 257.7539013075074
    vertex 58.22751114699801 5.72263431582118 257.8645799646638
  endloop
endfacet
facet normal 0.860355 -0.00939144 -0.509609
  outer loop
    vertex 57.93196419820187 8.974939602743817 257.3246890059011
    vertex 58.16923927439295 7.421410642383384 257.7539013075074
    vertex 57.35797734740265 7.420260817042358 256.3842988903844
  endloop
endfacet
facet normal 0.810058 -0.0297163 -0.585596
  outer loop
    vertex 55.93152333548559 3.61172463833778 254.460492096434
    vertex 56.80284646232106 5.377856932903057 255.5761740357915
    vertex 57.59072989863714 3.613928350813974 256.7555675711059
  endloop
endfacet
facet normal 0.73131 -0.0088823 -0.681988
  outer loop
    vertex 54.78936783322393 8.760525607863016 253.2096652613215
    vertex 55.58272545230635 9.485965832574571 254.0509509706132
    vertex 55.72249101128075 8.715281149614372 254.2108620029875
  endloop
endfacet
facet normal 0.814302 -0.00394471 -0.580428
  outer loop
    vertex 56.90598464318034 10.30609269384844 255.7154801931539
    vertex 57.04523975763669 9.688527734850553 255.9150432110773
    vertex 56.68185696500893 9.469766207444147 255.4067274066709
  endloop
endfacet
facet normal 0.813279 -0.00874927 -0.581808
  outer loop
    vertex 56.47977229036847 8.596856687530376 255.139009103569
    vertex 57.17894995423745 8.889207028827867 256.1119559247852
    vertex 57.35797734740265 7.420260817042358 256.3842988903844
  endloop
endfacet
facet normal 0.900044 -0.000418451 -0.4358
  outer loop
    vertex 58.89999999999627 5.949671846421307 259.264531755556
    vertex 58.16923927439295 7.421410642383384 257.7539013075074
    vertex 58.89999999999448 8.283004104125876 259.2622913092347
  endloop
endfacet
facet normal 0.731107 -0.00757824 -0.682221
  outer loop
    vertex 55.40345203505132 10.18051036756739 253.8511160151168
    vertex 55.58272545230635 9.485965832574571 254.0509509706132
    vertex 54.94407798168159 9.593046123333426 253.3653497206326
  endloop
endfacet
facet normal 0.727995 -0.0023684 -0.685578
  outer loop
    vertex 54.94407798168159 9.593046123333426 253.3653497206326
    vertex 54.98313793908664 10.15653284781652 253.4048797160869
    vertex 55.40345203505132 10.18051036756739 253.8511160151168
  endloop
endfacet
facet normal 0.77504 0.00359315 -0.631902
  outer loop
    vertex 55.72249101128075 8.715281149614372 254.2108620029875
    vertex 56.47977229036847 8.596856687530376 255.139009103569
    vertex 55.90585801152599 7.110573466678303 254.426640508623
  endloop
endfacet
facet normal 0.674158 -0.00389058 -0.738576
  outer loop
    vertex 54.78781947611126 5.460526368742518 253.2112855331611
    vertex 53.46792289584042 5.284335173728956 252.007437283023
    vertex 53.57240617145237 7.110573466678303 252.0931875928655
  endloop
endfacet
facet normal 0.57421 -0.000434548 -0.818708
  outer loop
    vertex 52.58185544874463 9.995052472286703 251.3083622701093
    vertex 52.56766463261236 8.798535390276692 251.2990444617044
    vertex 51.81338876885485 9.363547299897002 250.7697247383342
  endloop
endfacet
facet normal 0.701091 -0.00471641 -0.713057
  outer loop
    vertex 54.51340173977351 10.23251322780969 252.9376709948688
    vertex 54.94407798168159 9.593046123333426 253.3653497206326
    vertex 54.38218606765176 9.51581132100797 252.8133977701366
  endloop
endfacet
facet normal 0.435062 -0.0250556 -0.900052
  outer loop
    vertex 48.35015620000781 5.799639947194421 248.9385974450987
    vertex 49.45619372339235 7.436776751882665 249.427652997863
    vertex 50.4983331748458 6.05947552831298 249.9697377678645
  endloop
endfacet
facet normal 0.894507 -0.000429257 -0.447054
  outer loop
    vertex 58.89999999999448 8.283004104125876 259.2622913092347
    vertex 57.93196419820187 8.974939602743817 257.3246890059011
    vertex 58.89999999999269 10.61633636183045 259.2600508629134
  endloop
endfacet
facet normal 0.622 -0.0117111 -0.782929
  outer loop
    vertex 53.13565117839607 9.970766382857178 251.7327487169871
    vertex 53.64430758392569 8.932565562241752 252.1523816973478
    vertex 52.56766463261236 8.798535390276692 251.2990444617044
  endloop
endfacet
facet normal 0.764127 -0.00408516 -0.645053
  outer loop
    vertex 55.71026955276379 10.04727168021877 254.1955248599533
    vertex 55.77065332207226 10.3834810296721 254.2649260038412
    vertex 56.04484869188599 10.30501224150171 254.5902337241916
  endloop
endfacet
facet normal 0.704571 -0.00745252 -0.709594
  outer loop
    vertex 54.73208112801807 10.61047034117282 253.1508327633965
    vertex 54.98313793908664 10.15653284781652 253.4048797160869
    vertex 54.51340173977351 10.23251322780969 252.9376709948688
  endloop
endfacet
facet normal 0.790291 0.0049589 -0.612712
  outer loop
    vertex 56.13198129237834 9.467766133938746 254.69746874594
    vertex 56.68185696500893 9.469766207444147 255.4067274066709
    vertex 56.47977229036847 8.596856687530376 255.139009103569
  endloop
endfacet
facet normal 0.673105 0.0101591 -0.739477
  outer loop
    vertex 53.95737677408844 3.609774932627514 252.4299541719506
    vertex 53.46792289584042 5.284335173728956 252.007437283023
    vertex 54.78781947611126 5.460526368742518 253.2112855331611
  endloop
endfacet
facet normal 0.593933 0.00447289 -0.804502
  outer loop
    vertex 52.86497691596653 10.60890519045181 251.5207929684864
    vertex 52.58185544874463 9.995052472286703 251.3083622701093
    vertex 52.29491036123817 10.60850108353911 251.0999323189938
  endloop
endfacet
facet normal 0.73105 -0.00826562 -0.682274
  outer loop
    vertex 54.94407798168159 9.593046123333426 253.3653497206326
    vertex 55.58272545230635 9.485965832574571 254.0509509706132
    vertex 54.78936783322393 8.760525607863016 253.2096652613215
  endloop
endfacet
facet normal 0.747248 0.0029688 -0.664539
  outer loop
    vertex 55.40345203505132 10.18051036756739 253.8511160151168
    vertex 55.77065332207226 10.3834810296721 254.2649260038412
    vertex 55.71026955276379 10.04727168021877 254.1955248599533
  endloop
endfacet
facet normal 0.39747 0.00558308 -0.917598
  outer loop
    vertex 47.93134784993043 8.154202477933872 248.7715114096939
    vertex 49.45619372339235 7.436776751882665 249.427652997863
    vertex 48.35015620000781 5.799639947194421 248.9385974450987
  endloop
endfacet
facet normal 0.622771 0.00428644 -0.782393
  outer loop
    vertex 53.41937640517638 10.60932891768888 251.9620873750142
    vertex 53.13565117839607 9.970766382857178 251.7327487169871
    vertex 52.86497691596653 10.60890519045181 251.5207929684864
  endloop
endfacet
facet normal 0.0604729 0.0291694 -0.997744
  outer loop
    vertex 43.44935299806168 6.136625376398896 247.6544192986844
    vertex 42.32900938874381 4.772336914414266 247.5466302478489
    vertex 40.99999999999627 5.93837580268108 247.5001690210652
  endloop
endfacet
facet normal 0.805044 0.00187675 -0.593212
  outer loop
    vertex 56.80284646231711 10.61279430734462 255.5711474922531
    vertex 56.67336866023333 10.30228723570709 255.3944517594115
    vertex 56.59266579015005 10.61252042655766 255.2859119708695
  endloop
endfacet
facet normal 0.794134 0.00134987 -0.607741
  outer loop
    vertex 56.59266579015005 10.61252042655766 255.2859119708695
    vertex 56.43053704404008 10.30446429365472 255.0733745381877
    vertex 56.37733737343933 10.61225025772682 255.0045422983958
  endloop
endfacet
facet normal 0.815689 0.00206717 -0.578487
  outer loop
    vertex 57.0078100011379 10.61307180966901 255.8601546952235
    vertex 56.90598464318034 10.30609269384844 255.7154801931539
    vertex 56.80284646231711 10.61279430734462 255.5711474922531
  endloop
endfacet
facet normal 0.570014 -0.00873566 -0.821589
  outer loop
    vertex 52.56766463261236 8.798535390276692 251.2990444617044
    vertex 51.46088920777252 7.800806381651277 250.5417786874828
    vertex 51.81338876885485 9.363547299897002 250.7697247383342
  endloop
endfacet
facet normal 0.034097 -0.000959633 -0.999418
  outer loop
    vertex 40.99999999999627 5.93837580268108 247.5001690210652
    vertex 42.32900938874381 4.772336914414266 247.5466302478489
    vertex 40.99999999999806 3.605043544976505 247.5024094673865
  endloop
endfacet
facet normal 0.650784 0.00451634 -0.759249
  outer loop
    vertex 53.95737677408309 10.60977170574124 252.4232328329865
    vertex 53.69047139836196 9.995899786872037 252.1908053947428
    vertex 53.41937640517638 10.60932891768888 251.9620873750142
  endloop
endfacet
facet normal 0.790289 -0.00872079 -0.612672
  outer loop
    vertex 56.13198129237834 9.467766133938746 254.69746874594
    vertex 56.2677763093845 9.933493134310275 254.8660021907682
    vertex 56.68185696500893 9.469766207444147 255.4067274066709
  endloop
endfacet
facet normal 0.5186 0.00773214 -0.854982
  outer loop
    vertex 51.46088920777252 7.800806381651277 250.5417786874828
    vertex 50.49870605748365 8.812394045004325 249.9673024119006
    vertex 51.81338876885485 9.363547299897002 250.7697247383342
  endloop
endfacet
facet normal 0.10281 -0.00583923 -0.994684
  outer loop
    vertex 43.8245443640284 3.605241008136041 247.7080591856621
    vertex 42.32900938874381 4.772336914414266 247.5466302478489
    vertex 43.44935299806168 6.136625376398896 247.6544192986844
  endloop
endfacet
facet normal 0.762001 -0.00636133 -0.647545
  outer loop
    vertex 55.58272545230635 9.485965832574571 254.0509509706132
    vertex 55.71026955276379 10.04727168021877 254.1955248599533
    vertex 56.13198129237834 9.467766133938746 254.69746874594
  endloop
endfacet
facet normal 0.668178 -0.00212393 -0.743999
  outer loop
    vertex 53.69047139836196 9.995899786872037 252.1908053947428
    vertex 54.38218606765176 9.51581132100797 252.8133977701366
    vertex 53.64430758392569 8.932565562241752 252.1523816973478
  endloop
endfacet
facet normal 0.901221 0.00268028 -0.433351
  outer loop
    vertex 58.22751114699801 5.72263431582118 257.8645799646638
    vertex 58.16923927439295 7.421410642383384 257.7539013075074
    vertex 58.89999999999627 5.949671846421307 259.264531755556
  endloop
endfacet
facet normal 0.771528 0.00201176 -0.636192
  outer loop
    vertex 56.15693230045794 10.61198389004533 254.7271313658885
    vertex 56.04484869188599 10.30501224150171 254.5902337241916
    vertex 55.93152333548024 10.6117214114515 254.45377075747
  endloop
endfacet
facet normal 0.841114 0.00273829 -0.54085
  outer loop
    vertex 57.59072989863179 10.6139251239277 256.7488462321419
    vertex 57.33635245372957 9.739660408688714 256.3488197016416
    vertex 57.2074887401882 10.61335284191656 256.1528381672789
  endloop
endfacet
facet normal 0.63665 0.000226056 -0.771153
  outer loop
    vertex 53.69047139836196 9.995899786872037 252.1908053947428
    vertex 53.64430758392569 8.932565562241752 252.1523816973478
    vertex 53.13565117839607 9.970766382857178 251.7327487169871
  endloop
endfacet
facet normal 0.774025 -0.0118442 -0.633044
  outer loop
    vertex 56.13198129237834 9.467766133938746 254.69746874594
    vertex 56.47977229036847 8.596856687530376 255.139009103569
    vertex 55.72249101128075 8.715281149614372 254.2108620029875
  endloop
endfacet
facet normal 0.69773 0.000321969 -0.716361
  outer loop
    vertex 54.73208112801807 10.61047034117282 253.1508327633965
    vertex 54.51340173977351 10.23251322780969 252.9376709948688
    vertex 54.47826762206065 10.610232969931 252.9036204245646
  endloop
endfacet
facet normal 0.735722 0.000796891 -0.677283
  outer loop
    vertex 55.46599302196114 10.6112084668318 253.9195601337492
    vertex 55.40345203505132 10.18051036756739 253.8511160151168
    vertex 55.22602536305587 10.61095817014886 253.6588864821206
  endloop
endfacet
facet normal 0.608636 0.00243452 -0.793446
  outer loop
    vertex 53.57240617145237 7.110573466678303 252.0931875928655
    vertex 53.46792289584042 5.284335173728956 252.007437283023
    vertex 52.19844482875059 6.101202355605017 251.0361540772634
  endloop
endfacet
facet normal 0.814811 -0.00650509 -0.57969
  outer loop
    vertex 56.68185696500893 9.469766207444147 255.4067274066709
    vertex 57.04523975763669 9.688527734850553 255.9150432110773
    vertex 57.17894995423745 8.889207028827867 256.1119559247852
  endloop
endfacet
facet normal 0.608091 -0.00574444 -0.793847
  outer loop
    vertex 52.86497691596653 10.60890519045181 251.5207929684864
    vertex 53.13565117839607 9.970766382857178 251.7327487169871
    vertex 52.58185544874463 9.995052472286703 251.3083622701093
  endloop
endfacet
facet normal 0.813441 -0.009954 -0.581563
  outer loop
    vertex 56.68185696500893 9.469766207444147 255.4067274066709
    vertex 57.17894995423745 8.889207028827867 256.1119559247852
    vertex 56.47977229036847 8.596856687530376 255.139009103569
  endloop
endfacet
facet normal 0.636807 -0.00604198 -0.771
  outer loop
    vertex 53.69047139836196 9.995899786872037 252.1908053947428
    vertex 53.13565117839607 9.970766382857178 251.7327487169871
    vertex 53.41937640517638 10.60932891768888 251.9620873750142
  endloop
endfacet
facet normal 0.809781 -0.00379339 -0.58672
  outer loop
    vertex 56.90598464318034 10.30609269384844 255.7154801931539
    vertex 56.67336866023333 10.30228723570709 255.3944517594115
    vertex 56.80284646231711 10.61279430734462 255.5711474922531
  endloop
endfacet
facet normal 0.797564 -0.00357188 -0.603224
  outer loop
    vertex 56.59266579015005 10.61252042655766 255.2859119708695
    vertex 56.67336866023333 10.30228723570709 255.3944517594115
    vertex 56.43053704404008 10.30446429365472 255.0733745381877
  endloop
endfacet
facet normal 0.830256 0.00157432 -0.55738
  outer loop
    vertex 57.17894995423745 8.889207028827867 256.1119559247852
    vertex 57.04523975763669 9.688527734850553 255.9150432110773
    vertex 57.33635245372957 9.739660408688714 256.3488197016416
  endloop
endfacet
facet normal 0.896551 0.014623 -0.442699
  outer loop
    vertex 58.89999999999448 8.283004104125876 259.2622913092347
    vertex 58.16923927439295 7.421410642383384 257.7539013075074
    vertex 57.93196419820187 8.974939602743817 257.3246890059011
  endloop
endfacet
facet normal 0.762153 0.00389092 -0.647385
  outer loop
    vertex 55.58272545230635 9.485965832574571 254.0509509706132
    vertex 56.13198129237834 9.467766133938746 254.69746874594
    vertex 55.72249101128075 8.715281149614372 254.2108620029875
  endloop
endfacet
facet normal 0.700537 0.00326447 -0.713609
  outer loop
    vertex 54.38218606765176 9.51581132100797 252.8133977701366
    vertex 54.94407798168159 9.593046123333426 253.3653497206326
    vertex 54.78936783322393 8.760525607863016 253.2096652613215
  endloop
endfacet
facet normal 0.522292 -0.00431479 -0.852756
  outer loop
    vertex 51.81338876885485 9.363547299897002 250.7697247383342
    vertex 50.49870605748365 8.812394045004325 249.9673024119006
    vertex 51.70992948329548 10.60811713055227 250.7000611504469
  endloop
endfacet
facet normal 0.677947 -0.00320779 -0.735104
  outer loop
    vertex 54.47826762206065 10.610232969931 252.9036204245646
    vertex 54.51340173977351 10.23251322780969 252.9376709948688
    vertex 53.95737677408309 10.60977170574124 252.4232328329865
  endloop
endfacet
facet normal 0.782958 -0.00378458 -0.622063
  outer loop
    vertex 56.37733737343933 10.61225025772682 255.0045422983958
    vertex 56.43053704404008 10.30446429365472 255.0733745381877
    vertex 56.15693230045794 10.61198389004533 254.7271313658885
  endloop
endfacet
facet normal 0.781495 -0.0071223 -0.623871
  outer loop
    vertex 56.43053704404008 10.30446429365472 255.0733745381877
    vertex 56.04484869188599 10.30501224150171 254.5902337241916
    vertex 56.15693230045794 10.61198389004533 254.7271313658885
  endloop
endfacet
facet normal 0.826042 -0.00840857 -0.563546
  outer loop
    vertex 57.2074887401882 10.61335284191656 256.1528381672789
    vertex 56.90598464318034 10.30609269384844 255.7154801931539
    vertex 57.0078100011379 10.61307180966901 255.8601546952235
  endloop
endfacet
facet normal 0.822719 0.00182526 -0.568445
  outer loop
    vertex 57.2074887401882 10.61335284191656 256.1528381672789
    vertex 57.04523975763669 9.688527734850553 255.9150432110773
    vertex 56.90598464318034 10.30609269384844 255.7154801931539
  endloop
endfacet
facet normal -0.789185 0.0248966 -0.613651
  outer loop
    vertex 26.05163579737915 10.61174068912298 254.4738476795501
    vertex 25.44407233284084 10.17706743003937 255.2375689484348
    vertex 25.18053811623059 10.61281640933283 255.5941658248847
  endloop
endfacet
facet normal -0.737077 -0.00986775 -0.675737
  outer loop
    vertex 26.51717890620823 10.61122636559245 253.9382009764412
    vertex 26.87895960863382 10.30353879704516 253.5480728381486
    vertex 26.33124623908115 10.1407676485314 254.1478817303854
  endloop
endfacet
facet normal -0.841949 -0.00246261 -0.539551
  outer loop
    vertex 24.77613732863395 10.61337638120115 256.1773533853498
    vertex 24.83312030836633 9.517887316379634 256.093433667077
    vertex 24.39322534223672 10.61395011172317 256.7748700150472
  endloop
endfacet
facet normal -0.86304 -0.0300662 -0.50424
  outer loop
    vertex 23.79760693713115 8.721272237005893 257.8144916492612
    vertex 24.51505462618826 8.809939565182503 256.581246986278
    vertex 24.95760061183348 7.310374125758339 255.9132151729741
  endloop
endfacet
facet normal -0.440516 -0.0111141 -0.897676
  outer loop
    vertex 32.11812514621813 8.41475609093119 249.6380024889855
    vertex 33.37124915986887 5.882251462276555 249.0544118427426
    vertex 31.50128340799729 6.051967813952767 249.9699588260507
  endloop
endfacet
facet normal -0.838845 0.00177724 -0.544367
  outer loop
    vertex 24.39322534223672 10.61395011172317 256.7748700150472
    vertex 24.83312030836633 9.517887316379634 256.093433667077
    vertex 24.51505462618826 8.809939565182503 256.581246986278
  endloop
endfacet
facet normal -0.215276 -0.00227086 0.976551
  outer loop
    vertex 35.48044810439672 8.096925719689468 285.7006418304259
    vertex 38.16108067945303 7.725991449816288 286.2907107835711
    vertex 38.02350106374834 10.64226836789129 286.2671635572255
  endloop
endfacet
facet normal -0.819048 -0.0229221 0.573268
  outer loop
    vertex 26.09414198846481 7.136957856331006 279.5714391088198
    vertex 25.7207999737455 9.01611021514103 279.113170215761
    vertex 24.27636689089326 8.435665421999436 277.0262490272639
  endloop
endfacet
facet normal -0.560899 0.00414263 -0.827874
  outer loop
    vertex 30.63830012967231 8.007653046018362 250.4789469542986
    vertex 29.74224731165675 6.339955376321133 251.0776933674634
    vertex 29.41721406474031 8.796270014092812 251.3102003207493
  endloop
endfacet
facet normal -0.716648 0.0042404 -0.697423
  outer loop
    vertex 27.25126158002925 10.61048622416939 253.1673742699209
    vertex 27.16941144099396 10.29193662282342 253.2495438751401
    vertex 26.87895960863382 10.30353879704516 253.5480728381486
  endloop
endfacet
facet normal -0.284375 0.0206122 0.958492
  outer loop
    vertex 35.25227409898544 3.641659162126732 285.6360616012141
    vertex 36.77089241719758 5.995080528194115 286.0360102808772
    vertex 34.13669626912008 6.096183444619476 285.2522967283012
  endloop
endfacet
facet normal -0.567169 -0.0150468 -0.823464
  outer loop
    vertex 29.68996377587743 10.60851141392479 251.1106910068436
    vertex 30.63812536497125 9.515454353709066 250.477608798552
    vertex 29.4027777629586 9.99411798367651 251.3197195888843
  endloop
endfacet
facet normal -0.732873 -0.0227272 -0.679985
  outer loop
    vertex 27.7366316134651 3.610041809634513 252.7078955670593
    vertex 25.75428609187145 3.612093220246221 254.8443549466221
    vertex 27.21221647827904 5.460526362328574 253.2112495825421
  endloop
endfacet
facet normal -0.732873 -0.021467 0.680027
  outer loop
    vertex 25.75428609187148 3.635441329625869 279.1604460097847
    vertex 27.73663161346514 3.637492740240619 281.2969053893474
    vertex 27.21061910189095 5.487005715147416 280.7884012897383
  endloop
endfacet
facet normal -0.405044 0.0102553 -0.91424
  outer loop
    vertex 34.05844757772446 8.150436356581549 248.775398984062
    vertex 33.37124915986887 5.882251462276555 249.0544118427426
    vertex 32.11812514621813 8.41475609093119 249.6380024889855
  endloop
endfacet
facet normal -0.493897 -0.000828935 -0.86952
  outer loop
    vertex 32.11812514621813 8.41475609093119 249.6380024889855
    vertex 30.63830012967231 8.007653046018362 250.4789469542986
    vertex 30.63812536497125 9.515454353709066 250.477608798552
  endloop
endfacet
facet normal -0.284415 -0.0234985 -0.958413
  outer loop
    vertex 35.40211950094475 10.60582841169957 248.3164550592266
    vertex 36.83983505492684 8.278843649324726 247.9468582425409
    vertex 34.05844757772446 8.150436356581549 248.775398984062
  endloop
endfacet
facet normal -0.817727 -0.00747336 -0.575558
  outer loop
    vertex 25.38525722860666 8.899497770623235 255.3170122541748
    vertex 24.83312030836633 9.517887316379634 256.093433667077
    vertex 25.27358529408863 9.553447090405225 255.4671794058914
  endloop
endfacet
facet normal -0.808027 0.0227596 0.588706
  outer loop
    vertex 24.27636689089326 8.435665421999436 277.0262490272639
    vertex 24.69730713697862 5.970312607987583 277.6993207219242
    vertex 26.09414198846481 7.136957856331006 279.5714391088198
  endloop
endfacet
facet normal -0.285888 -0.0226664 0.957995
  outer loop
    vertex 36.77089241719758 5.995080528194115 286.0360102808772
    vertex 35.48044810439672 8.096925719689468 285.7006418304259
    vertex 34.13669626912008 6.096183444619476 285.2522967283012
  endloop
endfacet
facet normal -0.69776 -0.00283047 -0.716326
  outer loop
    vertex 27.63230755959096 10.17635908663839 252.7991025477591
    vertex 27.12600885703097 9.780771061562353 253.293841279684
    vertex 27.16941144099396 10.29193662282342 253.2495438751401
  endloop
endfacet
facet normal -0.785089 0.00922052 -0.619314
  outer loop
    vertex 25.82662805392118 9.878875394291361 254.7481731941596
    vertex 25.44407233284084 10.17706743003937 255.2375689484348
    vertex 26.05163579737915 10.61174068912298 254.4738476795501
  endloop
endfacet
facet normal -0.114333 0.00262763 0.993439
  outer loop
    vertex 38.02350106374834 10.64226836789129 286.2671635572255
    vertex 38.16108067945303 7.725991449816288 286.2907107835711
    vertex 39.46661973435486 9.431764836225875 286.4364505705644
  endloop
endfacet
facet normal -0.849616 0.0119987 -0.527266
  outer loop
    vertex 24.95760061183348 7.310374125758339 255.9132151729741
    vertex 24.24232440466636 5.69114754893604 257.028936052503
    vertex 23.79760693713115 8.721272237005893 257.8144916492612
  endloop
endfacet
facet normal -0.495585 0.00735747 -0.868528
  outer loop
    vertex 31.50128340799729 6.051967813952767 249.9699588260507
    vertex 30.63830012967231 8.007653046018362 250.4789469542986
    vertex 32.11812514621813 8.41475609093119 249.6380024889855
  endloop
endfacet
facet normal -0.88718 0.0261461 -0.460682
  outer loop
    vertex 24.39322534223672 10.61395011172317 256.7748700150472
    vertex 23.79760693713115 8.721272237005893 257.8144916492612
    vertex 23.08616811581141 10.61636716995942 259.2921362847155
  endloop
endfacet
facet normal -0.286455 0.0248449 -0.957771
  outer loop
    vertex 36.83983505492684 8.278843649324726 247.9468582425409
    vertex 35.6051180808814 6.15651867953946 248.2610899075617
    vertex 34.05844757772446 8.150436356581549 248.775398984062
  endloop
endfacet
facet normal -0.73218 -0.00689878 -0.681076
  outer loop
    vertex 26.09414198846478 7.110573466657217 254.426640508623
    vertex 26.28736552534627 9.057963549878622 254.1991930070827
    vertex 27.21059620869894 8.760525601447066 253.2097012238838
  endloop
endfacet
facet normal -0.778461 0.00392968 -0.627681
  outer loop
    vertex 26.09414198846478 7.110573466657217 254.426640508623
    vertex 25.38525722860666 8.899497770623235 255.3170122541748
    vertex 26.28736552534627 9.057963549878622 254.1991930070827
  endloop
endfacet
facet normal -0.656237 0.00106178 -0.754554
  outer loop
    vertex 28.42759382853842 7.110573466657217 252.0931875928654
    vertex 27.84143577535171 9.235224936179474 252.6059603744812
    vertex 28.56459983089692 9.081323223429173 251.9768062994847
  endloop
endfacet
facet normal -0.22783 0.0109201 0.97364
  outer loop
    vertex 35.11676109612177 10.6416152796959 285.5869991927888
    vertex 35.48044810439672 8.096925719689468 285.7006418304259
    vertex 38.02350106374834 10.64226836789129 286.2671635572255
  endloop
endfacet
facet normal -0.0747107 -0.0218017 0.996967
  outer loop
    vertex 40.99999999999806 3.642491004918983 286.5023914890201
    vertex 39.25018457085019 5.940524545327969 286.4215171396476
    vertex 38.09367580956266 3.64228187632299 286.2845927008119
  endloop
endfacet
facet normal -0.967003 0.0160826 -0.254255
  outer loop
    vertex 22.54112107660582 8.313091950151801 260.7114182619457
    vertex 22.30149507688022 5.851749527594428 261.4670937527819
    vertex 21.84268199046716 8.164438807663704 263.3583731475006
  endloop
endfacet
facet normal -0.0779685 0.0254554 0.996631
  outer loop
    vertex 40.99999999999448 8.30915552032813 286.4979105963774
    vertex 38.16108067945303 7.725991449816288 286.2907107835711
    vertex 39.25018457085019 5.940524545327969 286.4215171396476
  endloop
endfacet
facet normal -0.888744 -0.0116346 -0.458256
  outer loop
    vertex 23.79760693713115 8.721272237005893 257.8144916492612
    vertex 24.24232440466636 5.69114754893604 257.028936052503
    vertex 23.19394845586099 6.151609933518813 259.0504709738358
  endloop
endfacet
facet normal -0.864227 -0.00436783 -0.503083
  outer loop
    vertex 24.39322534223672 10.61395011172317 256.7748700150472
    vertex 24.51505462618826 8.809939565182503 256.581246986278
    vertex 23.79760693713115 8.721272237005893 257.8144916492612
  endloop
endfacet
facet normal -0.0772945 -0.0242073 -0.996714
  outer loop
    vertex 40.99999999999627 5.93837580268108 247.5001690210652
    vertex 38.21463123676396 6.626329727875444 247.6994639639489
    vertex 39.17459425773013 8.336134321751029 247.5834933690979
  endloop
endfacet
facet normal -0.685967 -0.0136686 -0.727504
  outer loop
    vertex 27.21059620869894 8.760525601447066 253.2097012238838
    vertex 27.84143577535171 9.235224936179474 252.6059603744812
    vertex 28.42759382853842 7.110573466657217 252.0931875928654
  endloop
endfacet
facet normal -0.0727118 0.0199097 -0.997154
  outer loop
    vertex 40.99999999999269 10.60504031809023 247.4956881284225
    vertex 39.17459425773013 8.336134321751029 247.5834933690979
    vertex 38.17113427953978 10.60523838914986 247.7019709540405
  endloop
endfacet
facet normal -0.613666 -0.00646833 -0.78954
  outer loop
    vertex 29.41721406474031 8.796270014092812 251.3102003207493
    vertex 29.74224731165675 6.339955376321133 251.0776933674634
    vertex 28.42759382853842 7.110573466657217 252.0931875928654
  endloop
endfacet
facet normal -0.900818 -0.0187068 -0.433793
  outer loop
    vertex 22.84796190143605 3.616926728246162 259.8782537871761
    vertex 23.19394845586099 6.151609933518813 259.0504709738358
    vertex 24.11250462620147 3.614405409949165 257.252404972795
  endloop
endfacet
facet normal -0.499885 -0.0222559 -0.865806
  outer loop
    vertex 30.01525886775741 3.608297003237254 250.8907518062532
    vertex 31.50128340799729 6.051967813952767 249.9699588260507
    vertex 32.53926708720565 3.606897777146154 249.4335156530804
  endloop
endfacet
facet normal -0.563425 0.0200811 0.825923
  outer loop
    vertex 28.88405816462871 9.017943943926221 282.2764281041249
    vertex 29.93130985078887 6.427789211112973 283.0538145948136
    vertex 31.03562923306907 8.377780485679894 283.759744145287
  endloop
endfacet
facet normal -0.51083 0.0261082 0.859285
  outer loop
    vertex 29.78182278619962 10.63907909897805 282.9456717865464
    vertex 31.03562923306907 8.377780485679894 283.759744145287
    vertex 32.34790415377314 10.64054381960318 284.4711177862976
  endloop
endfacet
facet normal -0.96642 -0.0204442 -0.256153
  outer loop
    vertex 22.15811781884205 10.61894072559249 261.9723881256508
    vertex 22.54112107660582 8.313091950151801 260.7114182619457
    vertex 21.84268199046716 8.164438807663704 263.3583731475006
  endloop
endfacet
facet normal -0.532319 0.00473062 -0.84653
  outer loop
    vertex 30.01525886775741 3.608297003237254 250.8907518062532
    vertex 29.74224731165675 6.339955376321133 251.0776933674634
    vertex 31.50128340799729 6.051967813952767 249.9699588260507
  endloop
endfacet
facet normal -0.365257 -0.020497 0.930681
  outer loop
    vertex 35.25227409898544 3.641659162126732 285.6360616012141
    vertex 34.13669626912008 6.096183444619476 285.2522967283012
    vertex 32.53926708720568 3.640636772736349 284.5712853033264
  endloop
endfacet
facet normal -0.57186 -0.0218517 0.82006
  outer loop
    vertex 29.78182278619962 10.63907909897805 282.9456717865464
    vertex 28.88405816462871 9.017943943926221 282.2764281041249
    vertex 31.03562923306907 8.377780485679894 283.759744145287
  endloop
endfacet
facet normal -0.609662 -0.00861029 0.792615
  outer loop
    vertex 28.42759382853846 7.136957856331006 281.9048920245772
    vertex 29.93130985078887 6.427789211112973 283.0538145948136
    vertex 28.88405816462871 9.017943943926221 282.2764281041249
  endloop
endfacet
facet normal -0.355898 0.0201254 -0.934308
  outer loop
    vertex 35.40211950094475 10.60582841169957 248.3164550592266
    vertex 34.05844757772446 8.150436356581549 248.775398984062
    vertex 32.75154032636357 10.60679790250094 249.3261396669605
  endloop
endfacet
facet normal -0.737851 -0.0129898 0.674839
  outer loop
    vertex 27.21061910189095 5.487005715147416 280.7884012897383
    vertex 26.01558218539203 5.363671932632619 279.4794063013735
    vertex 25.75428609187148 3.635441329625869 279.1604460097847
  endloop
endfacet
facet normal -0.755375 -0.0296625 -0.654621
  outer loop
    vertex 27.21221647827904 5.460526362328574 253.2112495825421
    vertex 25.39808551677503 5.492339171359784 255.3031539780849
    vertex 26.09414198846478 7.110573466657217 254.426640508623
  endloop
endfacet
facet normal -0.153227 0.0182417 0.988023
  outer loop
    vertex 39.25018457085019 5.940524545327969 286.4215171396476
    vertex 36.77089241719758 5.995080528194115 286.0360102808772
    vertex 38.09367580956266 3.64228187632299 286.2845927008119
  endloop
endfacet
facet normal -0.407581 -0.0121303 -0.913088
  outer loop
    vertex 34.05844757772446 8.150436356581549 248.775398984062
    vertex 32.11812514621813 8.41475609093119 249.6380024889855
    vertex 32.75154032636357 10.60679790250094 249.3261396669605
  endloop
endfacet
facet normal -0.972106 -0.025165 0.233186
  outer loop
    vertex 22.10139595597484 8.508734236117828 271.8032054190092
    vertex 21.71779888860645 5.753087441119133 269.906681452808
    vertex 22.46179224708227 6.126512722602623 273.0485415710486
  endloop
endfacet
facet normal -0.0468567 -0.000959137 -0.998901
  outer loop
    vertex 40.99999999999627 5.93837580268108 247.5001690210652
    vertex 39.17459425773013 8.336134321751029 247.5834933690979
    vertex 40.99999999999448 8.271708060385649 247.4979285747438
  endloop
endfacet
facet normal -0.887167 0.00580755 -0.461411
  outer loop
    vertex 23.19394845586099 6.151609933518813 259.0504709738358
    vertex 24.24232440466636 5.69114754893604 257.028936052503
    vertex 24.11250462620147 3.614405409949165 257.252404972795
  endloop
endfacet
facet normal -0.985892 0.0231512 0.165771
  outer loop
    vertex 21.57694182703883 8.190415216109145 268.7285687030744
    vertex 21.71779888860645 5.753087441119133 269.906681452808
    vertex 22.10139595597484 8.508734236117828 271.8032054190092
  endloop
endfacet
facet normal -0.976641 -0.0186984 -0.214063
  outer loop
    vertex 22.30149507688022 5.851749527594428 261.4670937527819
    vertex 21.69722791416016 5.737745813263015 264.2339656112061
    vertex 21.84268199046716 8.164438807663704 263.3583731475006
  endloop
endfacet
facet normal -0.755251 0.016803 -0.65522
  outer loop
    vertex 25.75428609187145 3.612093220246221 254.8443549466221
    vertex 25.39808551677503 5.492339171359784 255.3031539780849
    vertex 27.21221647827904 5.460526362328574 253.2112495825421
  endloop
endfacet
facet normal -0.153372 -0.0162367 -0.988035
  outer loop
    vertex 39.17459425773013 8.336134321751029 247.5834933690979
    vertex 36.83983505492684 8.278843649324726 247.9468582425409
    vertex 38.17113427953978 10.60523838914986 247.7019709540405
  endloop
endfacet
facet normal -0.0449124 0.000959222 0.99899
  outer loop
    vertex 40.99999999999448 8.30915552032813 286.4979105963774
    vertex 39.25018457085019 5.940524545327969 286.4215171396476
    vertex 40.99999999999627 5.975823262623559 286.5001510426987
  endloop
endfacet
facet normal -0.623125 -0.0334637 0.781406
  outer loop
    vertex 30.01525886775744 3.639237546641374 283.1140491501536
    vertex 28.65512410824544 5.187809731176657 282.0957405083273
    vertex 27.73663161346514 3.637492740240619 281.2969053893474
  endloop
endfacet
facet normal -0.623124 -0.0350121 -0.781339
  outer loop
    vertex 27.7366316134651 3.610041809634513 252.7078955670593
    vertex 28.65939484120437 5.158608075568615 251.9025932364746
    vertex 30.01525886775741 3.608297003237254 250.8907518062532
  endloop
endfacet
facet normal -0.857386 0.0239838 0.514116
  outer loop
    vertex 23.59130746764835 10.63219994046242 275.781312477253
    vertex 24.27636689089326 8.435665421999436 277.0262490272639
    vertex 25.04999999999278 10.63453564399387 278.2138511816322
  endloop
endfacet
facet normal -0.222462 -0.0220919 0.974691
  outer loop
    vertex 38.09367580956266 3.64228187632299 286.2845927008119
    vertex 36.77089241719758 5.995080528194115 286.0360102808772
    vertex 35.25227409898544 3.641659162126732 285.6360616012141
  endloop
endfacet
facet normal -0.565045 -0.0123333 -0.824968
  outer loop
    vertex 30.27547564950993 10.60812634982122 250.7096626552032
    vertex 30.63812536497125 9.515454353709066 250.477608798552
    vertex 29.68996377587743 10.60851141392479 251.1106910068436
  endloop
endfacet
facet normal -0.211462 0.0260668 0.977039
  outer loop
    vertex 36.77089241719758 5.995080528194115 286.0360102808772
    vertex 38.16108067945303 7.725991449816288 286.2907107835711
    vertex 35.48044810439672 8.096925719689468 285.7006418304259
  endloop
endfacet
facet normal -0.216591 0.0212043 -0.976032
  outer loop
    vertex 38.17113427953978 10.60523838914986 247.7019709540405
    vertex 36.83983505492684 8.278843649324726 247.9468582425409
    vertex 35.40211950094475 10.60582841169957 248.3164550592266
  endloop
endfacet
facet normal -0.40628 -0.0134724 0.913649
  outer loop
    vertex 34.13669626912008 6.096183444619476 285.2522967283012
    vertex 33.16063097970578 8.425547637746261 284.8526095697927
    vertex 32.02462551061038 6.004716431247058 284.3117557428831
  endloop
endfacet
facet normal -0.438914 0.0107928 -0.898464
  outer loop
    vertex 31.50128340799729 6.051967813952767 249.9699588260507
    vertex 33.37124915986887 5.882251462276555 249.0544118427426
    vertex 32.53926708720565 3.606897777146154 249.4335156530804
  endloop
endfacet
facet normal -0.616678 -0.00361674 -0.787207
  outer loop
    vertex 28.42759382853842 7.110573466657217 252.0931875928654
    vertex 28.56459983089692 9.081323223429173 251.9768062994847
    vertex 29.41721406474031 8.796270014092812 251.3102003207493
  endloop
endfacet
facet normal -0.206041 -0.0249664 -0.978225
  outer loop
    vertex 36.83983505492684 8.278843649324726 247.9468582425409
    vertex 38.21463123676396 6.626329727875444 247.6994639639489
    vertex 35.6051180808814 6.15651867953946 248.2610899075617
  endloop
endfacet
facet normal -0.365263 -0.0215011 -0.930656
  outer loop
    vertex 32.53926708720565 3.606897777146154 249.4335156530804
    vertex 33.37124915986887 5.882251462276555 249.0544118427426
    vertex 35.25227409898541 3.605875387759935 248.3687393551926
  endloop
endfacet
facet normal -0.997291 -0.018797 -0.0711164
  outer loop
    vertex 21.52601017447482 8.173569993973311 265.9911945640703
    vertex 21.69722791416016 5.737745813263015 264.2339656112061
    vertex 21.49999999999645 5.735447201553651 267.0003728606158
  endloop
endfacet
facet normal -0.335373 0.00663428 -0.942062
  outer loop
    vertex 35.25227409898541 3.605875387759935 248.3687393551926
    vertex 33.37124915986887 5.882251462276555 249.0544118427426
    vertex 35.6051180808814 6.15651867953946 248.2610899075617
  endloop
endfacet
facet normal -0.992704 0.0163995 -0.119458
  outer loop
    vertex 21.84268199046716 8.164438807663704 263.3583731475006
    vertex 21.69722791416016 5.737745813263015 264.2339656112061
    vertex 21.52601017447482 8.173569993973311 265.9911945640703
  endloop
endfacet
facet normal -0.819305 -0.0211995 0.572966
  outer loop
    vertex 24.27636689089326 8.435665421999436 277.0262490272639
    vertex 25.7207999737455 9.01611021514103 279.113170215761
    vertex 25.04999999999278 10.63453564399387 278.2138511816322
  endloop
endfacet
facet normal -0.707 0.0180837 0.706983
  outer loop
    vertex 26.44206666985083 10.63622127002765 279.9693610365562
    vertex 27.21223937444167 8.787004954263059 280.7868529281092
    vertex 28.02631212201396 10.63774244869832 281.5536057584081
  endloop
endfacet
facet normal -0.927905 0.0172837 0.372416
  outer loop
    vertex 22.84796190143608 3.630607821621466 274.1265471692307
    vertex 23.42651621218583 6.149220336442386 275.451172717408
    vertex 22.46179224708227 6.126512722602623 273.0485415710486
  endloop
endfacet
facet normal -0.996965 -0.02144 0.0748427
  outer loop
    vertex 21.57694182703883 8.190415216109145 268.7285687030744
    vertex 21.49999999999645 5.735447201553651 267.0003728606158
    vertex 21.71779888860645 5.753087441119133 269.906681452808
  endloop
endfacet
facet normal -0.900758 -0.0212374 0.433803
  outer loop
    vertex 24.11250462620151 3.633129139920404 276.7523959836118
    vertex 23.42651621218583 6.149220336442386 275.451172717408
    vertex 22.84796190143608 3.630607821621466 274.1265471692307
  endloop
endfacet
facet normal -0.457577 0.0161012 0.889024
  outer loop
    vertex 32.02462551061038 6.004716431247058 284.3117557428831
    vertex 33.16063097970578 8.425547637746261 284.8526095697927
    vertex 31.03562923306907 8.377780485679894 283.759744145287
  endloop
endfacet
facet normal -0.999661 0.0183166 0.018487
  outer loop
    vertex 21.52601017447482 8.173569993973311 265.9911945640703
    vertex 21.49999999999645 5.735447201553651 267.0003728606158
    vertex 21.57694182703883 8.190415216109145 268.7285687030744
  endloop
endfacet
facet normal -0.609033 -0.00103689 -0.793144
  outer loop
    vertex 29.41721406474031 8.796270014092812 251.3102003207493
    vertex 28.84846627539473 9.972439628855891 251.7453884128854
    vertex 29.4027777629586 9.99411798367651 251.3197195888843
  endloop
endfacet
facet normal -0.955366 -0.0205268 0.294711
  outer loop
    vertex 22.84796190143608 3.630607821621466 274.1265471692307
    vertex 22.46179224708227 6.126512722602623 273.0485415710486
    vertex 21.9889057124525 3.627933696813501 271.3415566900701
  endloop
endfacet
facet normal -0.678782 0.00483393 -0.734324
  outer loop
    vertex 28.0263121220157 10.6097856474047 252.437752520069
    vertex 27.63230755959096 10.17635908663839 252.7991025477591
    vertex 27.50517137552448 10.61024819693222 252.919478738634
  endloop
endfacet
facet normal -0.826038 -0.0214971 0.563204
  outer loop
    vertex 25.75428609187148 3.635441329625869 279.1604460097847
    vertex 24.69730713697862 5.970312607987583 277.6993207219242
    vertex 24.11250462620151 3.633129139920404 276.7523959836118
  endloop
endfacet
facet normal -0.0449124 0.000959222 0.99899
  outer loop
    vertex 40.99999999999627 5.975823262623559 286.5001510426987
    vertex 39.25018457085019 5.940524545327969 286.4215171396476
    vertex 40.99999999999806 3.642491004918983 286.5023914890201
  endloop
endfacet
facet normal -0.944722 0.0219774 -0.327136
  outer loop
    vertex 23.08616811581141 10.61636716995942 259.2921362847155
    vertex 22.54112107660582 8.313091950151801 260.7114182619457
    vertex 22.15811781884205 10.61894072559249 261.9723881256508
  endloop
endfacet
facet normal -0.892366 0.0211276 0.450817
  outer loop
    vertex 24.27636689089326 8.435665421999436 277.0262490272639
    vertex 22.99845002309763 8.492812357038654 274.4940076892962
    vertex 23.42651621218583 6.149220336442386 275.451172717408
  endloop
endfacet
facet normal -0.927792 -0.0172484 0.372698
  outer loop
    vertex 23.42651621218583 6.149220336442386 275.451172717408
    vertex 22.99845002309763 8.492812357038654 274.4940076892962
    vertex 22.46179224708227 6.126512722602623 273.0485415710486
  endloop
endfacet
facet normal -0.998897 0.0206805 -0.0421652
  outer loop
    vertex 21.62870941807999 10.62161632933289 264.7589188529312
    vertex 21.52601017447482 8.173569993973311 265.9911945640703
    vertex 21.50914372492605 10.62433737283659 267.5927732155747
  endloop
endfacet
facet normal -0.982209 0.0208433 -0.186628
  outer loop
    vertex 22.15811781884205 10.61894072559249 261.9723881256508
    vertex 21.84268199046716 8.164438807663704 263.3583731475006
    vertex 21.62870941807999 10.62161632933289 264.7589188529312
  endloop
endfacet
facet normal -0.994451 0.0204537 0.103192
  outer loop
    vertex 21.50914372492605 10.62433737283659 267.5927732155747
    vertex 21.57694182703883 8.190415216109145 268.7285687030744
    vertex 21.80195041737005 10.62704628638037 270.4139947259099
  endloop
endfacet
facet normal -0.999642 -0.0191112 0.018717
  outer loop
    vertex 21.50914372492605 10.62433737283659 267.5927732155747
    vertex 21.52601017447482 8.173569993973311 265.9911945640703
    vertex 21.57694182703883 8.190415216109145 268.7285687030744
  endloop
endfacet
facet normal -0.992683 -0.018425 -0.119335
  outer loop
    vertex 21.84268199046716 8.164438807663704 263.3583731475006
    vertex 21.52601017447482 8.173569993973311 265.9911945640703
    vertex 21.62870941807999 10.62161632933289 264.7589188529312
  endloop
endfacet
facet normal -0.407196 0.0116154 0.913267
  outer loop
    vertex 34.13669626912008 6.096183444619476 285.2522967283012
    vertex 32.02462551061038 6.004716431247058 284.3117557428831
    vertex 32.53926708720568 3.640636772736349 284.5712853033264
  endloop
endfacet
facet normal -0.938588 0.0155487 -0.344689
  outer loop
    vertex 22.84796190143605 3.616926728246162 259.8782537871761
    vertex 22.30149507688022 5.851749527594428 261.4670937527819
    vertex 23.19394845586099 6.151609933518813 259.0504709738358
  endloop
endfacet
facet normal -0.065594 -0.0349993 0.997232
  outer loop
    vertex 39.46661973435486 9.431764836225875 286.4364505705644
    vertex 38.16108067945303 7.725991449816288 286.2907107835711
    vertex 40.99999999999448 8.30915552032813 286.4979105963774
  endloop
endfacet
facet normal -0.822816 -0.0216371 -0.567896
  outer loop
    vertex 24.51505462618826 8.809939565182503 256.581246986278
    vertex 24.83312030836633 9.517887316379634 256.093433667077
    vertex 25.38525722860666 8.899497770623235 255.3170122541748
  endloop
endfacet
facet normal -0.918442 0.0259089 -0.394706
  outer loop
    vertex 23.79760693713115 8.721272237005893 257.8144916492612
    vertex 23.19394845586099 6.151609933518813 259.0504709738358
    vertex 22.54112107660582 8.313091950151801 260.7114182619457
  endloop
endfacet
facet normal -0.870951 -0.0146178 0.491152
  outer loop
    vertex 23.42651621218583 6.149220336442386 275.451172717408
    vertex 24.69730713697862 5.970312607987583 277.6993207219242
    vertex 24.27636689089326 8.435665421999436 277.0262490272639
  endloop
endfacet
facet normal -0.344238 -0.00727036 0.938854
  outer loop
    vertex 35.11676109612177 10.6416152796959 285.5869991927888
    vertex 33.16063097970578 8.425547637746261 284.8526095697927
    vertex 35.48044810439672 8.096925719689468 285.7006418304259
  endloop
endfacet
facet normal -0.0468567 -0.000959137 -0.998901
  outer loop
    vertex 40.99999999999448 8.271708060385649 247.4979285747438
    vertex 39.17459425773013 8.336134321751029 247.5834933690979
    vertex 40.99999999999269 10.60504031809023 247.4956881284225
  endloop
endfacet
facet normal -0.0650325 0.0256816 -0.997553
  outer loop
    vertex 38.92846169867762 5.013340662267212 247.6114020755067
    vertex 38.21463123676396 6.626329727875444 247.6994639639489
    vertex 40.99999999999627 5.93837580268108 247.5001690210652
  endloop
endfacet
facet normal -0.37371 0.0225835 0.927271
  outer loop
    vertex 32.34790415377314 10.64054381960318 284.4711177862976
    vertex 33.16063097970578 8.425547637746261 284.8526095697927
    vertex 35.11676109612177 10.6416152796959 285.5869991927888
  endloop
endfacet
facet normal -0.948405 0.0218731 0.316307
  outer loop
    vertex 22.99845002309763 8.492812357038654 274.4940076892962
    vertex 22.10139595597484 8.508734236117828 271.8032054190092
    vertex 22.46179224708227 6.126512722602623 273.0485415710486
  endloop
endfacet
facet normal -0.499947 -0.0137705 0.865947
  outer loop
    vertex 32.53926708720568 3.640636772736349 284.5712853033264
    vertex 32.02462551061038 6.004716431247058 284.3117557428831
    vertex 30.01525886775744 3.639237546641374 283.1140491501536
  endloop
endfacet
facet normal -0.0764599 0.0481238 0.995911
  outer loop
    vertex 38.02350106374834 10.64226836789129 286.2671635572255
    vertex 39.46661973435486 9.431764836225875 286.4364505705644
    vertex 40.99999999999269 10.64248777803271 286.4956701500561
  endloop
endfacet
facet normal -0.332972 -0.0150957 -0.942816
  outer loop
    vertex 35.6051180808814 6.15651867953946 248.2610899075617
    vertex 33.37124915986887 5.882251462276555 249.0544118427426
    vertex 34.05844757772446 8.150436356581549 248.775398984062
  endloop
endfacet
facet normal -0.745529 0.0143765 0.666318
  outer loop
    vertex 27.21223937444167 8.787004954263059 280.7868529281092
    vertex 25.7207999737455 9.01611021514103 279.113170215761
    vertex 26.09414198846481 7.136957856331006 279.5714391088198
  endloop
endfacet
facet normal -0.666281 0.0144235 0.745561
  outer loop
    vertex 28.42759382853846 7.136957856331006 281.9048920245772
    vertex 28.88405816462871 9.017943943926221 282.2764281041249
    vertex 27.21223937444167 8.787004954263059 280.7868529281092
  endloop
endfacet
facet normal -0.973447 0.0291191 0.227052
  outer loop
    vertex 22.46179224708227 6.126512722602623 273.0485415710486
    vertex 21.71779888860645 5.753087441119133 269.906681452808
    vertex 21.9889057124525 3.627933696813501 271.3415566900701
  endloop
endfacet
facet normal -0.747683 -0.0179444 0.663813
  outer loop
    vertex 26.44206666985083 10.63622127002765 279.9693610365562
    vertex 25.7207999737455 9.01611021514103 279.113170215761
    vertex 27.21223937444167 8.787004954263059 280.7868529281092
  endloop
endfacet
facet normal -0.663761 -0.0178177 0.747732
  outer loop
    vertex 27.21223937444167 8.787004954263059 280.7868529281092
    vertex 28.88405816462871 9.017943943926221 282.2764281041249
    vertex 28.02631212201396 10.63774244869832 281.5536057584081
  endloop
endfacet
facet normal -0.976912 0.0229845 -0.212404
  outer loop
    vertex 21.98890571245247 3.619600853052809 262.6632442663367
    vertex 21.69722791416016 5.737745813263015 264.2339656112061
    vertex 22.30149507688022 5.851749527594428 261.4670937527819
  endloop
endfacet
facet normal -0.514631 0.00302763 0.857406
  outer loop
    vertex 32.02462551061038 6.004716431247058 284.3117557428831
    vertex 29.93130985078887 6.427789211112973 283.0538145948136
    vertex 30.01525886775744 3.639237546641374 283.1140491501536
  endloop
endfacet
facet normal -0.826097 -0.019071 -0.563205
  outer loop
    vertex 24.11250462620147 3.614405409949165 257.252404972795
    vertex 25.39808551677503 5.492339171359784 255.3031539780849
    vertex 25.75428609187145 3.612093220246221 254.8443549466221
  endloop
endfacet
facet normal -0.154073 -0.0216122 0.987823
  outer loop
    vertex 39.25018457085019 5.940524545327969 286.4215171396476
    vertex 38.16108067945303 7.725991449816288 286.2907107835711
    vertex 36.77089241719758 5.995080528194115 286.0360102808772
  endloop
endfacet
facet normal -0.869798 0.0178617 0.493085
  outer loop
    vertex 24.11250462620151 3.633129139920404 276.7523959836118
    vertex 24.69730713697862 5.970312607987583 277.6993207219242
    vertex 23.42651621218583 6.149220336442386 275.451172717408
  endloop
endfacet
facet normal -0.984927 -0.0272044 0.17082
  outer loop
    vertex 21.57694182703883 8.190415216109145 268.7285687030744
    vertex 22.10139595597484 8.508734236117828 271.8032054190092
    vertex 21.80195041737005 10.62704628638037 270.4139947259099
  endloop
endfacet
facet normal -0.0746924 -0.0327335 -0.996669
  outer loop
    vertex 38.09367580956264 3.605252673568037 247.7202082555948
    vertex 38.92846169867762 5.013340662267212 247.6114020755067
    vertex 40.99999999999806 3.605043544976505 247.5024094673865
  endloop
endfacet
facet normal -0.602139 -0.00554322 -0.798372
  outer loop
    vertex 28.65939484120437 5.158608075568615 251.9025932364746
    vertex 29.74224731165675 6.339955376321133 251.0776933674634
    vertex 30.01525886775741 3.608297003237254 250.8907518062532
  endloop
endfacet
facet normal -0.216398 0.0356339 -0.975655
  outer loop
    vertex 38.21463123676396 6.626329727875444 247.6994639639489
    vertex 37.19838945648056 5.260499171685348 247.874980044038
    vertex 35.6051180808814 6.15651867953946 248.2610899075617
  endloop
endfacet
facet normal -0.340981 0.0183924 0.93989
  outer loop
    vertex 35.48044810439672 8.096925719689468 285.7006418304259
    vertex 33.16063097970578 8.425547637746261 284.8526095697927
    vertex 34.13669626912008 6.096183444619476 285.2522967283012
  endloop
endfacet
facet normal -0.733425 -0.0157108 -0.679589
  outer loop
    vertex 26.28736552534627 9.057963549878622 254.1991930070827
    vertex 26.64008708781994 9.684591866570404 253.8040428209239
    vertex 27.21059620869894 8.760525601447066 253.2097012238838
  endloop
endfacet
facet normal -0.93733 -0.0156157 -0.348092
  outer loop
    vertex 23.19394845586099 6.151609933518813 259.0504709738358
    vertex 22.30149507688022 5.851749527594428 261.4670937527819
    vertex 22.54112107660582 8.313091950151801 260.7114182619457
  endloop
endfacet
facet normal -0.892726 -0.0233806 0.449994
  outer loop
    vertex 23.59130746764835 10.63219994046242 275.781312477253
    vertex 22.99845002309763 8.492812357038654 274.4940076892962
    vertex 24.27636689089326 8.435665421999436 277.0262490272639
  endloop
endfacet
facet normal -0.955301 -0.0241144 -0.294648
  outer loop
    vertex 21.98890571245247 3.619600853052809 262.6632442663367
    vertex 22.30149507688022 5.851749527594428 261.4670937527819
    vertex 22.84796190143605 3.616926728246162 259.8782537871761
  endloop
endfacet
facet normal -0.154221 0.0195846 -0.987842
  outer loop
    vertex 39.17459425773013 8.336134321751029 247.5834933690979
    vertex 38.21463123676396 6.626329727875444 247.6994639639489
    vertex 36.83983505492684 8.278843649324726 247.9468582425409
  endloop
endfacet
facet normal -0.79522 -0.0134164 -0.606172
  outer loop
    vertex 26.09414198846478 7.110573466657217 254.426640508623
    vertex 24.95760061183348 7.310374125758339 255.9132151729741
    vertex 25.38525722860666 8.899497770623235 255.3170122541748
  endloop
endfacet
facet normal -0.0531917 -0.000958832 -0.998584
  outer loop
    vertex 40.99999999999806 3.605043544976505 247.5024094673865
    vertex 38.92846169867762 5.013340662267212 247.6114020755067
    vertex 40.99999999999627 5.93837580268108 247.5001690210652
  endloop
endfacet
facet normal -0.695957 -0.00728827 -0.718046
  outer loop
    vertex 27.84143577535171 9.235224936179474 252.6059603744812
    vertex 27.12600885703097 9.780771061562353 253.293841279684
    vertex 27.63230755959096 10.17635908663839 252.7991025477591
  endloop
endfacet
facet normal -0.0393479 0.000959448 0.999225
  outer loop
    vertex 40.99999999999269 10.64248777803271 286.4956701500561
    vertex 39.46661973435486 9.431764836225875 286.4364505705644
    vertex 40.99999999999448 8.30915552032813 286.4979105963774
  endloop
endfacet
facet normal -0.831276 -0.0078435 -0.555804
  outer loop
    vertex 24.24232440466636 5.69114754893604 257.028936052503
    vertex 25.39808551677503 5.492339171359784 255.3031539780849
    vertex 24.11250462620147 3.614405409949165 257.252404972795
  endloop
endfacet
facet normal -0.671548 -0.00740259 -0.740924
  outer loop
    vertex 28.42759382853842 7.110573466657217 252.0931875928654
    vertex 28.65939484120437 5.158608075568615 251.9025932364746
    vertex 27.21221647827904 5.460526362328574 253.2112495825421
  endloop
endfacet
facet normal -0.801787 0.0109488 0.597509
  outer loop
    vertex 25.75428609187148 3.635441329625869 279.1604460097847
    vertex 26.01558218539203 5.363671932632619 279.4794063013735
    vertex 24.69730713697862 5.970312607987583 277.6993207219242
  endloop
endfacet
facet normal -0.671685 -0.005872 0.740814
  outer loop
    vertex 27.21061910189095 5.487005715147416 280.7884012897383
    vertex 28.65512410824544 5.187809731176657 282.0957405083273
    vertex 28.42759382853846 7.136957856331006 281.9048920245772
  endloop
endfacet
facet normal -0.915404 -0.0307002 -0.401364
  outer loop
    vertex 23.79760693713115 8.721272237005893 257.8144916492612
    vertex 22.54112107660582 8.313091950151801 260.7114182619457
    vertex 23.08616811581141 10.61636716995942 259.2921362847155
  endloop
endfacet
facet normal -0.922887 0.0245133 0.384289
  outer loop
    vertex 22.50093451903034 10.6296857568773 273.1628941723343
    vertex 22.99845002309763 8.492812357038654 274.4940076892962
    vertex 23.59130746764835 10.63219994046242 275.781312477253
  endloop
endfacet
facet normal -0.948441 -0.0239457 0.316048
  outer loop
    vertex 22.50093451903034 10.6296857568773 273.1628941723343
    vertex 22.10139595597484 8.508734236117828 271.8032054190092
    vertex 22.99845002309763 8.492812357038654 274.4940076892962
  endloop
endfacet
facet normal -0.599891 -0.000777384 0.800081
  outer loop
    vertex 30.01525886775744 3.639237546641374 283.1140491501536
    vertex 29.93130985078887 6.427789211112973 283.0538145948136
    vertex 28.65512410824544 5.187809731176657 282.0957405083273
  endloop
endfacet
facet normal -0.968872 0.0245915 0.246339
  outer loop
    vertex 21.80195041737005 10.62704628638037 270.4139947259099
    vertex 22.10139595597484 8.508734236117828 271.8032054190092
    vertex 22.50093451903034 10.6296857568773 273.1628941723343
  endloop
endfacet
facet normal -0.534691 -0.0160497 -0.844895
  outer loop
    vertex 31.50128340799729 6.051967813952767 249.9699588260507
    vertex 29.74224731165675 6.339955376321133 251.0776933674634
    vertex 30.63830012967231 8.007653046018362 250.4789469542986
  endloop
endfacet
facet normal -0.823995 0.0092026 -0.566523
  outer loop
    vertex 24.95760061183348 7.310374125758339 255.9132151729741
    vertex 24.51505462618826 8.809939565182503 256.581246986278
    vertex 25.38525722860666 8.899497770623235 255.3170122541748
  endloop
endfacet
facet normal -0.996884 0.0257937 0.0745499
  outer loop
    vertex 21.71779888860645 5.753087441119133 269.906681452808
    vertex 21.49999999999645 5.735447201553651 267.0003728606158
    vertex 21.55452595496503 3.62516650102586 268.4596366313762
  endloop
endfacet
facet normal -0.621208 0.0206212 0.783375
  outer loop
    vertex 28.02631212201396 10.63774244869832 281.5536057584081
    vertex 28.88405816462871 9.017943943926221 282.2764281041249
    vertex 29.78182278619962 10.63907909897805 282.9456717865464
  endloop
endfacet
facet normal -0.754755 0.00592406 -0.655981
  outer loop
    vertex 26.51717890620823 10.61122636559245 253.9382009764412
    vertex 26.33124623908115 10.1407676485314 254.1478817303854
    vertex 26.05163579737915 10.61174068912298 254.4738476795501
  endloop
endfacet
facet normal -0.783394 0.0204803 0.621188
  outer loop
    vertex 25.04999999999278 10.63453564399387 278.2138511816322
    vertex 25.7207999737455 9.01611021514103 279.113170215761
    vertex 26.44206666985083 10.63622127002765 279.9693610365562
  endloop
endfacet
facet normal -0.988506 -0.0254893 0.149018
  outer loop
    vertex 21.9889057124525 3.627933696813501 271.3415566900701
    vertex 21.71779888860645 5.753087441119133 269.906681452808
    vertex 21.55452595496503 3.62516650102586 268.4596366313762
  endloop
endfacet
facet normal -0.669237 0.0124324 -0.742945
  outer loop
    vertex 27.21221647827904 5.460526362328574 253.2112495825421
    vertex 28.65939484120437 5.158608075568615 251.9025932364746
    vertex 27.7366316134651 3.610041809634513 252.7078955670593
  endloop
endfacet
facet normal -0.997201 0.0232152 -0.071075
  outer loop
    vertex 21.49999999999645 5.735447201553651 267.0003728606158
    vertex 21.69722791416016 5.737745813263015 264.2339656112061
    vertex 21.55452595496503 3.622368048839784 265.5451643250307
  endloop
endfacet
facet normal -0.669386 0.0138439 0.742786
  outer loop
    vertex 27.73663161346514 3.637492740240619 281.2969053893474
    vertex 28.65512410824544 5.187809731176657 282.0957405083273
    vertex 27.21061910189095 5.487005715147416 280.7884012897383
  endloop
endfacet
facet normal -0.999667 -0.0258125 2.47849e-05
  outer loop
    vertex 21.55452595496503 3.62516650102586 268.4596366313762
    vertex 21.49999999999645 5.735447201553651 267.0003728606158
    vertex 21.55452595496503 3.622368048839784 265.5451643250307
  endloop
endfacet
facet normal -0.988509 -0.0256531 -0.148969
  outer loop
    vertex 21.55452595496503 3.622368048839784 265.5451643250307
    vertex 21.69722791416016 5.737745813263015 264.2339656112061
    vertex 21.98890571245247 3.619600853052809 262.6632442663367
  endloop
endfacet
facet normal -0.80286 0.00462822 0.59615
  outer loop
    vertex 24.69730713697862 5.970312607987583 277.6993207219242
    vertex 26.01558218539203 5.363671932632619 279.4794063013735
    vertex 26.09414198846481 7.136957856331006 279.5714391088198
  endloop
endfacet
facet normal -0.457044 -0.0145289 0.889325
  outer loop
    vertex 31.03562923306907 8.377780485679894 283.759744145287
    vertex 33.16063097970578 8.425547637746261 284.8526095697927
    vertex 32.34790415377314 10.64054381960318 284.4711177862976
  endloop
endfacet
facet normal -0.222432 -0.0291882 -0.974511
  outer loop
    vertex 35.25227409898541 3.605875387759935 248.3687393551926
    vertex 37.19838945648056 5.260499171685348 247.874980044038
    vertex 38.09367580956264 3.605252673568037 247.7202082555948
  endloop
endfacet
facet normal -0.563317 -0.000222912 -0.826241
  outer loop
    vertex 30.63812536497125 9.515454353709066 250.477608798552
    vertex 29.41721406474031 8.796270014092812 251.3102003207493
    vertex 29.4027777629586 9.99411798367651 251.3197195888843
  endloop
endfacet
facet normal -0.790568 -0.00931583 -0.612303
  outer loop
    vertex 25.82662805392118 9.878875394291361 254.7481731941596
    vertex 25.27358529408863 9.553447090405225 255.4671794058914
    vertex 25.44407233284084 10.17706743003937 255.2375689484348
  endloop
endfacet
facet normal -0.793558 0.00421352 -0.608479
  outer loop
    vertex 25.38525722860666 8.899497770623235 255.3170122541748
    vertex 25.27358529408863 9.553447090405225 255.4671794058914
    vertex 25.82662805392118 9.878875394291361 254.7481731941596
  endloop
endfacet
facet normal -0.617482 -0.0075625 -0.786549
  outer loop
    vertex 29.41721406474031 8.796270014092812 251.3102003207493
    vertex 28.56459983089692 9.081323223429173 251.9768062994847
    vertex 28.84846627539473 9.972439628855891 251.7453884128854
  endloop
endfacet
facet normal -0.738414 -0.00228512 0.674344
  outer loop
    vertex 26.09414198846481 7.136957856331006 279.5714391088198
    vertex 26.01558218539203 5.363671932632619 279.4794063013735
    vertex 27.21061910189095 5.487005715147416 280.7884012897383
  endloop
endfacet
facet normal -0.716728 0.000424415 -0.697353
  outer loop
    vertex 27.16941144099396 10.29193662282342 253.2495438751401
    vertex 27.12600885703097 9.780771061562353 253.293841279684
    vertex 26.87895960863382 10.30353879704516 253.5480728381486
  endloop
endfacet
facet normal -0.594721 0.00448153 -0.80392
  outer loop
    vertex 29.68996377587743 10.60851141392479 251.1106910068436
    vertex 29.4027777629586 9.99411798367651 251.3197195888843
    vertex 29.11943225093879 10.60891668041969 251.5327593141928
  endloop
endfacet
facet normal -0.739363 0.00690868 -0.673272
  outer loop
    vertex 26.87895960863382 10.30353879704516 253.5480728381486
    vertex 26.64008708781994 9.684591866570404 253.8040428209239
    vertex 26.33124623908115 10.1407676485314 254.1478817303854
  endloop
endfacet
facet normal -0.517483 -0.0166558 0.855531
  outer loop
    vertex 31.03562923306907 8.377780485679894 283.759744145287
    vertex 29.93130985078887 6.427789211112973 283.0538145948136
    vertex 32.02462551061038 6.004716431247058 284.3117557428831
  endloop
endfacet
facet normal -0.239665 -0.00781936 -0.970824
  outer loop
    vertex 35.6051180808814 6.15651867953946 248.2610899075617
    vertex 37.19838945648056 5.260499171685348 247.874980044038
    vertex 35.25227409898541 3.605875387759935 248.3687393551926
  endloop
endfacet
facet normal -0.623581 0.00431588 -0.781747
  outer loop
    vertex 29.11943225093879 10.60891668041969 251.5327593141928
    vertex 28.84846627539473 9.972439628855891 251.7453884128854
    vertex 28.564636754076 10.6093416125231 251.975308540101
  endloop
endfacet
facet normal -0.777043 -0.0153004 -0.629262
  outer loop
    vertex 26.28736552534627 9.057963549878622 254.1991930070827
    vertex 25.38525722860666 8.899497770623235 255.3170122541748
    vertex 25.82662805392118 9.878875394291361 254.7481731941596
  endloop
endfacet
facet normal -0.563086 -0.000798684 -0.826398
  outer loop
    vertex 30.63812536497125 9.515454353709066 250.477608798552
    vertex 30.63830012967231 8.007653046018362 250.4789469542986
    vertex 29.41721406474031 8.796270014092812 251.3102003207493
  endloop
endfacet
facet normal -0.651613 0.00452511 -0.758538
  outer loop
    vertex 28.564636754076 10.6093416125231 251.975308540101
    vertex 28.29337049362508 9.994967707164097 252.2046714874428
    vertex 28.0263121220157 10.6097856474047 252.437752520069
  endloop
endfacet
facet normal -0.698149 -0.00594475 -0.715928
  outer loop
    vertex 27.50517137552448 10.61024819693222 252.919478738634
    vertex 27.63230755959096 10.17635908663839 252.7991025477591
    vertex 27.16941144099396 10.29193662282342 253.2495438751401
  endloop
endfacet
facet normal -0.807334 0.00344785 -0.590085
  outer loop
    vertex 25.44407233284084 10.17706743003937 255.2375689484348
    vertex 25.27358529408863 9.553447090405225 255.4671794058914
    vertex 25.07745215694496 10.15204876091863 255.7390193461762
  endloop
endfacet
facet normal -0.763951 -0.00697231 -0.645236
  outer loop
    vertex 26.33124623908115 10.1407676485314 254.1478817303854
    vertex 25.82662805392118 9.878875394291361 254.7481731941596
    vertex 26.05163579737915 10.61174068912298 254.4738476795501
  endloop
endfacet
facet normal -0.807127 -0.00501723 -0.590357
  outer loop
    vertex 25.18053811623059 10.61281640933283 255.5941658248847
    vertex 25.44407233284084 10.17706743003937 255.2375689484348
    vertex 25.07745215694496 10.15204876091863 255.7390193461762
  endloop
endfacet
facet normal -0.604916 0.00735052 0.796255
  outer loop
    vertex 28.65512410824544 5.187809731176657 282.0957405083273
    vertex 29.93130985078887 6.427789211112973 283.0538145948136
    vertex 28.42759382853846 7.136957856331006 281.9048920245772
  endloop
endfacet
facet normal -0.667981 0.00428862 -0.744166
  outer loop
    vertex 28.29337049362508 9.994967707164097 252.2046714874428
    vertex 27.84143577535171 9.235224936179474 252.6059603744812
    vertex 27.63230755959096 10.17635908663839 252.7991025477591
  endloop
endfacet
facet normal -0.81654 0.00119705 -0.577288
  outer loop
    vertex 25.18053811623059 10.61281640933283 255.5941658248847
    vertex 25.07745215694496 10.15204876091863 255.7390193461762
    vertex 24.97568444059157 10.61309462864072 255.8839197368663
  endloop
endfacet
facet normal -0.609447 0.00503838 -0.792811
  outer loop
    vertex 28.42759382853842 7.110573466657217 252.0931875928654
    vertex 29.74224731165675 6.339955376321133 251.0776933674634
    vertex 28.65939484120437 5.158608075568615 251.9025932364746
  endloop
endfacet
facet normal -0.817756 -0.00657796 -0.575528
  outer loop
    vertex 25.27358529408863 9.553447090405225 255.4671794058914
    vertex 24.83312030836633 9.517887316379634 256.093433667077
    vertex 25.07745215694496 10.15204876091863 255.7390193461762
  endloop
endfacet
facet normal -0.698575 -0.00507114 -0.715519
  outer loop
    vertex 27.50517137552448 10.61024819693222 252.919478738634
    vertex 27.16941144099396 10.29193662282342 253.2495438751401
    vertex 27.25126158002925 10.61048622416939 253.1673742699209
  endloop
endfacet
facet normal -0.724153 0.00196449 -0.689636
  outer loop
    vertex 27.00190477499993 10.61072864845039 253.4198491406576
    vertex 26.87895960863382 10.30353879704516 253.5480728381486
    vertex 26.75718353667887 10.61097538949475 253.6768197420323
  endloop
endfacet
facet normal -0.765586 0.000539545 -0.643333
  outer loop
    vertex 26.33124623908115 10.1407676485314 254.1478817303854
    vertex 26.28736552534627 9.057963549878622 254.1991930070827
    vertex 25.82662805392118 9.878875394291361 254.7481731941596
  endloop
endfacet
facet normal -0.723831 -0.00310978 -0.689971
  outer loop
    vertex 27.21059620869894 8.760525601447066 253.2097012238838
    vertex 26.64008708781994 9.684591866570404 253.8040428209239
    vertex 27.12600885703097 9.780771061562353 253.293841279684
  endloop
endfacet
facet normal -0.831596 -0.0151903 -0.555173
  outer loop
    vertex 24.95760061183348 7.310374125758339 255.9132151729741
    vertex 25.39808551677503 5.492339171359784 255.3031539780849
    vertex 24.24232440466636 5.69114754893604 257.028936052503
  endloop
endfacet
facet normal -0.670073 -0.00967529 -0.742232
  outer loop
    vertex 28.29337049362508 9.994967707164097 252.2046714874428
    vertex 27.63230755959096 10.17635908663839 252.7991025477591
    vertex 28.0263121220157 10.6097856474047 252.437752520069
  endloop
endfacet
facet normal -0.793597 0.0118532 -0.608328
  outer loop
    vertex 26.09414198846478 7.110573466657217 254.426640508623
    vertex 25.39808551677503 5.492339171359784 255.3031539780849
    vertex 24.95760061183348 7.310374125758339 255.9132151729741
  endloop
endfacet
facet normal -0.608907 -0.00576393 -0.79322
  outer loop
    vertex 29.4027777629586 9.99411798367651 251.3197195888843
    vertex 28.84846627539473 9.972439628855891 251.7453884128854
    vertex 29.11943225093879 10.60891668041969 251.5327593141928
  endloop
endfacet
facet normal -0.637406 0.00294639 -0.770522
  outer loop
    vertex 28.84846627539473 9.972439628855891 251.7453884128854
    vertex 28.56459983089692 9.081323223429173 251.9768062994847
    vertex 28.29337049362508 9.994967707164097 252.2046714874428
  endloop
endfacet
facet normal -0.637614 -0.00605886 -0.770332
  outer loop
    vertex 28.564636754076 10.6093416125231 251.975308540101
    vertex 28.84846627539473 9.972439628855891 251.7453884128854
    vertex 28.29337049362508 9.994967707164097 252.2046714874428
  endloop
endfacet
facet normal -0.723526 -0.00623278 -0.690269
  outer loop
    vertex 27.12600885703097 9.780771061562353 253.293841279684
    vertex 26.64008708781994 9.684591866570404 253.8040428209239
    vertex 26.87895960863382 10.30353879704516 253.5480728381486
  endloop
endfacet
facet normal -0.152488 -0.0135319 -0.988213
  outer loop
    vertex 38.92846169867762 5.013340662267212 247.6114020755067
    vertex 37.19838945648056 5.260499171685348 247.874980044038
    vertex 38.21463123676396 6.626329727875444 247.6994639639489
  endloop
endfacet
facet normal -0.692251 0.00212142 -0.721654
  outer loop
    vertex 27.21059620869894 8.760525601447066 253.2097012238838
    vertex 27.12600885703097 9.780771061562353 253.293841279684
    vertex 27.84143577535171 9.235224936179474 252.6059603744812
  endloop
endfacet
facet normal -0.657214 -0.00713661 -0.753671
  outer loop
    vertex 28.56459983089692 9.081323223429173 251.9768062994847
    vertex 27.84143577535171 9.235224936179474 252.6059603744812
    vertex 28.29337049362508 9.994967707164097 252.2046714874428
  endloop
endfacet
facet normal -0.744896 -0.00142897 -0.66718
  outer loop
    vertex 26.33124623908115 10.1407676485314 254.1478817303854
    vertex 26.64008708781994 9.684591866570404 253.8040428209239
    vertex 26.28736552534627 9.057963549878622 254.1991930070827
  endloop
endfacet
facet normal -0.148941 0.0118951 -0.988774
  outer loop
    vertex 38.09367580956264 3.605252673568037 247.7202082555948
    vertex 37.19838945648056 5.260499171685348 247.874980044038
    vertex 38.92846169867762 5.013340662267212 247.6114020755067
  endloop
endfacet
facet normal -0.487634 0.0235024 -0.872732
  outer loop
    vertex 32.75154032636357 10.60679790250094 249.3261396669605
    vertex 30.63812536497125 9.515454353709066 250.477608798552
    vertex 30.27547564950993 10.60812634982122 250.7096626552032
  endloop
endfacet
facet normal -0.484573 0.0155914 -0.874612
  outer loop
    vertex 32.75154032636357 10.60679790250094 249.3261396669605
    vertex 32.11812514621813 8.41475609093119 249.6380024889855
    vertex 30.63812536497125 9.515454353709066 250.477608798552
  endloop
endfacet
facet normal -0.826899 -0.00579379 -0.56232
  outer loop
    vertex 24.97568444059157 10.61309462864072 255.8839197368663
    vertex 25.07745215694496 10.15204876091863 255.7390193461762
    vertex 24.77613732863395 10.61337638120115 256.1773533853498
  endloop
endfacet
facet normal -0.823794 0.000575989 -0.566889
  outer loop
    vertex 25.07745215694496 10.15204876091863 255.7390193461762
    vertex 24.83312030836633 9.517887316379634 256.093433667077
    vertex 24.77613732863395 10.61337638120115 256.1773533853498
  endloop
endfacet
facet normal -0.711465 -0.00855427 -0.70267
  outer loop
    vertex 27.25126158002925 10.61048622416939 253.1673742699209
    vertex 26.87895960863382 10.30353879704516 253.5480728381486
    vertex 27.00190477499993 10.61072864845039 253.4198491406576
  endloop
endfacet
facet normal -0.736562 -0.00852897 -0.676316
  outer loop
    vertex 26.75718353667887 10.61097538949475 253.6768197420323
    vertex 26.87895960863382 10.30353879704516 253.5480728381486
    vertex 26.51717890620823 10.61122636559245 253.9382009764412
  endloop
endfacet
facet normal 0.392783 0 -0.919631
  outer loop
    vertex 31 19.1111902737935 258.6
    vertex 31 16.11119027379255 258.6
    vertex 29.84411044317233 17.6138451147177 258.1063088774916
  endloop
endfacet
facet normal 0.392783 -0 0.919631
  outer loop
    vertex 31 16.11119027379255 255.4
    vertex 31 19.1111902737935 255.4
    vertex 29.84411044317233 17.6138451147177 255.8936911225084
  endloop
endfacet
facet normal 0.990071 0.140566 -2.1984e-15
  outer loop
    vertex 29.61435935394491 16.11119027379255 257.8
    vertex 29.61435935394491 16.11119027379255 256.2
    vertex 29.40000000000001 17.62102277398854 257.0000000000001
  endloop
endfacet
facet normal 0.925864 -0.0657108 -0.3721
  outer loop
    vertex 29.61435935394491 16.11119027379255 257.8
    vertex 29.40000000000001 17.62102277398854 257.0000000000001
    vertex 29.84411044317233 17.6138451147177 258.1063088774916
  endloop
endfacet
facet normal 0.925864 -0.0657108 0.3721
  outer loop
    vertex 29.40000000000001 17.62102277398854 257.0000000000001
    vertex 29.61435935394491 16.11119027379255 256.2
    vertex 29.84411044317233 17.6138451147177 255.8936911225084
  endloop
endfacet
facet normal 0.497497 -0.0999387 0.86169
  outer loop
    vertex 31 19.1111902737935 255.4
    vertex 29.61435935394491 19.1111902737935 256.2
    vertex 29.84411044317233 17.6138451147177 255.8936911225084
  endloop
endfacet
facet normal 0.497514 0.0995891 0.86172
  outer loop
    vertex 29.61435935394491 16.11119027379255 256.2
    vertex 31 16.11119027379255 255.4
    vertex 29.84411044317233 17.6138451147177 255.8936911225084
  endloop
endfacet
facet normal 0.497514 0.0995891 -0.86172
  outer loop
    vertex 31 16.11119027379255 258.6
    vertex 29.61435935394491 16.11119027379255 257.8
    vertex 29.84411044317233 17.6138451147177 258.1063088774916
  endloop
endfacet
facet normal 0.497497 -0.0999387 -0.86169
  outer loop
    vertex 29.61435935394491 19.1111902737935 257.8
    vertex 31 19.1111902737935 258.6
    vertex 29.84411044317233 17.6138451147177 258.1063088774916
  endloop
endfacet
facet normal 0.926133 0.0661381 -0.371353
  outer loop
    vertex 29.40000000000001 17.62102277398854 257.0000000000001
    vertex 29.61435935394491 19.1111902737935 257.8
    vertex 29.84411044317233 17.6138451147177 258.1063088774916
  endloop
endfacet
facet normal 0.926133 0.0661381 0.371353
  outer loop
    vertex 29.61435935394491 19.1111902737935 256.2
    vertex 29.40000000000001 17.62102277398854 257.0000000000001
    vertex 29.84411044317233 17.6138451147177 255.8936911225084
  endloop
endfacet
facet normal 0.989812 -0.142384 2.19782e-15
  outer loop
    vertex 29.61435935394491 19.1111902737935 256.2
    vertex 29.61435935394491 19.1111902737935 257.8
    vertex 29.40000000000001 17.62102277398854 257.0000000000001
  endloop
endfacet
facet normal 0.392561 0 -0.919726
  outer loop
    vertex 31 19.1111902737935 278.6
    vertex 31 16.1303945521613 278.6
    vertex 29.84464499750714 17.62326917927799 278.1068671185895
  endloop
endfacet
facet normal 0.392561 -0 0.919726
  outer loop
    vertex 31 16.1303945521613 275.4
    vertex 31 19.1111902737935 275.4
    vertex 29.84464499750714 17.62326917927799 275.8931328814105
  endloop
endfacet
facet normal 0.989937 0.141508 -2.1981e-15
  outer loop
    vertex 29.61435935394491 16.1303945521613 277.8
    vertex 29.61435935394491 16.1303945521613 276.2
    vertex 29.40000000000001 17.62997091183705 277.0000000000001
  endloop
endfacet
facet normal 0.925748 -0.0662772 -0.372288
  outer loop
    vertex 29.61435935394491 16.1303945521613 277.8
    vertex 29.40000000000001 17.62997091183705 277.0000000000001
    vertex 29.84464499750714 17.62326917927799 278.1068671185895
  endloop
endfacet
facet normal 0.925748 -0.0662772 0.372288
  outer loop
    vertex 29.40000000000001 17.62997091183705 277.0000000000001
    vertex 29.61435935394491 16.1303945521613 276.2
    vertex 29.84464499750714 17.62326917927799 275.8931328814105
  endloop
endfacet
facet normal 0.497458 -0.100708 0.861623
  outer loop
    vertex 31 19.1111902737935 275.4
    vertex 29.61435935394491 19.1111902737935 276.2
    vertex 29.84464499750714 17.62326917927799 275.8931328814105
  endloop
endfacet
facet normal 0.497475 0.100378 -0.861651
  outer loop
    vertex 31 16.1303945521613 278.6
    vertex 29.61435935394491 16.1303945521613 277.8
    vertex 29.84464499750714 17.62326917927799 278.1068671185895
  endloop
endfacet
facet normal 0.497475 0.100378 0.861651
  outer loop
    vertex 29.61435935394491 16.1303945521613 276.2
    vertex 31 16.1303945521613 275.4
    vertex 29.84464499750714 17.62326917927799 275.8931328814105
  endloop
endfacet
facet normal 0.497458 -0.100708 -0.861623
  outer loop
    vertex 29.61435935394491 19.1111902737935 277.8
    vertex 31 19.1111902737935 278.6
    vertex 29.84464499750714 17.62326917927799 278.1068671185895
  endloop
endfacet
facet normal 0.926001 0.0666821 -0.371585
  outer loop
    vertex 29.40000000000001 17.62997091183705 277.0000000000001
    vertex 29.61435935394491 19.1111902737935 277.8
    vertex 29.84464499750714 17.62326917927799 278.1068671185895
  endloop
endfacet
facet normal 0.926001 0.0666821 0.371585
  outer loop
    vertex 29.61435935394491 19.1111902737935 276.2
    vertex 29.40000000000001 17.62997091183705 277.0000000000001
    vertex 29.84464499750714 17.62326917927799 275.8931328814105
  endloop
endfacet
facet normal 0.98969 -0.143226 2.19755e-15
  outer loop
    vertex 29.61435935394491 19.1111902737935 276.2
    vertex 29.61435935394491 19.1111902737935 277.8
    vertex 29.40000000000001 17.62997091183705 277.0000000000001
  endloop
endfacet
facet normal -0.233573 0.936491 0.261588
  outer loop
    vertex 50.9999999999999 5.914527975879366 258.6
    vertex 49.40476559878012 5.998048237779819 256.876601116982
    vertex 49.23205933538695 5.469272306210752 258.6154222832088
  endloop
endfacet
facet normal 0.641824 0.369856 0.671765
  outer loop
    vertex 51.00000000000164 5.911718664272299 255.3999999999975
    vertex 49.38160411430003 7.114597438268973 256.2839877181262
    vertex 49.40476559878012 5.998048237779819 256.876601116982
  endloop
endfacet
facet normal -0.641432 0.420252 -0.641836
  outer loop
    vertex 53.81045698294979 7.112585452473638 256.5220405712533
    vertex 55.90585801152599 7.110573466678303 254.426640508623
    vertex 54.42197585849392 5.853181215708426 255.0862923903767
  endloop
endfacet
facet normal -0.636529 0.388952 -0.665993
  outer loop
    vertex 51.71505595437363 7.114597438268974 258.6174406338837
    vertex 52.59511951035445 5.9991573485797 257.1248748894118
    vertex 50.9999999999999 5.914527975879366 258.6
  endloop
endfacet
facet normal 0.654594 0.378799 0.654231
  outer loop
    vertex 53.57240617145237 7.110573466678303 252.0931875928655
    vertex 51.4770051428762 7.112585452473638 254.1885876554958
    vertex 52.85897408389508 5.954697180700754 253.4762670337918
  endloop
endfacet
facet normal 0.66375 0.345416 0.663418
  outer loop
    vertex 49.38160411430003 7.114597438268973 256.2839877181262
    vertex 47.28620308572388 7.116609424064309 258.3793877807565
    vertex 48.3302908385198 6.04616078787654 257.8921190389962
  endloop
endfacet
facet normal -0.724642 0.475325 -0.498959
  outer loop
    vertex 42.50704377480764 5.86404026788915 267.0002493866178
    vertex 43.33345184006902 7.122645381450313 266.999040884405
    vertex 43.57799126640344 5.554143156515768 265.1496844917988
  endloop
endfacet
facet normal 0.639172 0.428302 0.638761
  outer loop
    vertex 43.09540102857154 7.120633395654978 262.5701879060172
    vertex 40.99999999999537 7.122645381450313 264.6655879686475
    vertex 42.02887999614039 5.844872832190996 264.4928170350614
  endloop
endfacet
facet normal -0.648279 0.398711 -0.648663
  outer loop
    vertex 49.61965492579747 7.116609424064309 260.712840696514
    vertex 51.71505595437363 7.114597438268974 258.6174406338837
    vertex 49.98060237834644 5.909264847963253 259.609991519805
  endloop
endfacet
facet normal -0.572487 0.586406 -0.57305
  outer loop
    vertex 43.33345184006902 7.122645381450313 266.999040884405
    vertex 45.42885286864516 7.120633395654978 264.9036408217747
    vertex 43.57799126640344 5.554143156515768 265.1496844917988
  endloop
endfacet
facet normal 0.6474 0.367741 0.667563
  outer loop
    vertex 49.40476559878012 5.998048237779819 256.876601116982
    vertex 49.38160411430003 7.114597438268973 256.2839877181262
    vertex 48.3302908385198 6.04616078787654 257.8921190389962
  endloop
endfacet
facet normal 0.211264 0.946649 -0.243359
  outer loop
    vertex 51.00000000000164 5.911718664272299 255.3999999999975
    vertex 52.59511951035445 5.9991573485797 257.1248748894118
    vertex 52.87186467922385 5.466653976510621 255.293725961813
  endloop
endfacet
facet normal 0.334015 0.894541 0.297035
  outer loop
    vertex 47.810631309519 5.467387066243656 260.219492379567
    vertex 49.23205933538695 5.469272306210752 258.6154222832088
    vertex 48.3302908385198 6.04616078787654 257.8921190389962
  endloop
endfacet
facet normal 0.531801 0.76433 0.364674
  outer loop
    vertex 43.09540102857154 7.120633395654978 262.5701879060172
    vertex 43.57799126640344 5.554143156515768 265.1496844917988
    vertex 45.41851373454934 5.470120416444065 262.6417692300136
  endloop
endfacet
facet normal -0.254602 0.940625 -0.224507
  outer loop
    vertex 49.23205933538695 5.469272306210752 258.6154222832088
    vertex 47.810631309519 5.467387066243656 260.219492379567
    vertex 49.98060237834644 5.909264847963253 259.609991519805
  endloop
endfacet
facet normal -0.720774 0.628769 -0.29178
  outer loop
    vertex 52.59511951035445 5.9991573485797 257.1248748894118
    vertex 53.81045698294979 7.112585452473638 256.5220405712533
    vertex 52.87186467922385 5.466653976510621 255.293725961813
  endloop
endfacet
facet normal -0.0642877 0.847584 0.526753
  outer loop
    vertex 43.57799126640344 5.554143156515768 265.1496844917988
    vertex 43.09540102857154 7.120633395654978 262.5701879060172
    vertex 42.02887999614039 5.844872832190996 264.4928170350614
  endloop
endfacet
facet normal -0.606667 0.643482 -0.466783
  outer loop
    vertex 43.57799126640344 5.554143156515768 265.1496844917988
    vertex 45.42885286864516 7.120633395654978 264.9036408217747
    vertex 45.41851373454934 5.470120416444065 262.6417692300136
  endloop
endfacet
facet normal -0.502982 0.702382 -0.503656
  outer loop
    vertex 47.52425389722131 7.118621409859643 262.8082407591443
    vertex 49.61965492579747 7.116609424064309 260.712840696514
    vertex 47.810631309519 5.467387066243656 260.219492379567
  endloop
endfacet
facet normal -0.201617 0.945593 0.255351
  outer loop
    vertex 52.85897408389508 5.954697180700754 253.4762670337918
    vertex 52.87186467922385 5.466653976510621 255.293725961813
    vertex 54.42197585849392 5.853181215708426 255.0862923903767
  endloop
endfacet
facet normal -0.259921 0.668344 -0.696962
  outer loop
    vertex 52.87186467922385 5.466653976510621 255.293725961813
    vertex 53.81045698294979 7.112585452473638 256.5220405712533
    vertex 54.42197585849392 5.853181215708426 255.0862923903767
  endloop
endfacet
facet normal 0.224723 0.961605 -0.157528
  outer loop
    vertex 54.78781947611126 5.460526368742518 253.2112855331611
    vertex 52.85897408389508 5.954697180700754 253.4762670337918
    vertex 54.42197585849392 5.853181215708426 255.0862923903767
  endloop
endfacet
facet normal -0.153661 0.956222 -0.249055
  outer loop
    vertex 42.50704377480764 5.86404026788915 267.0002493866178
    vertex 43.57799126640344 5.554143156515768 265.1496844917988
    vertex 42.19329208994697 5.474340211412408 265.6976136735271
  endloop
endfacet
facet normal -0.244412 0.943583 -0.223416
  outer loop
    vertex 40.99999999999664 5.473766422127822 267.0006241243343
    vertex 42.50704377480764 5.86404026788915 267.0002493866178
    vertex 42.19329208994697 5.474340211412408 265.6976136735271
  endloop
endfacet
facet normal 0.262896 0.934196 0.241171
  outer loop
    vertex 40.99999999999634 5.863167605210911 265.492244485126
    vertex 40.99999999999664 5.473766422127822 267.0006241243343
    vertex 42.19329208994697 5.474340211412408 265.6976136735271
  endloop
endfacet
facet normal -0.327572 0.581967 -0.744319
  outer loop
    vertex 47.810631309519 5.467387066243656 260.219492379567
    vertex 49.61965492579747 7.116609424064309 260.712840696514
    vertex 49.98060237834644 5.909264847963253 259.609991519805
  endloop
endfacet
facet normal 0.493739 0.716325 0.493051
  outer loop
    vertex 45.19080205714771 7.118621409859643 260.4747878433868
    vertex 43.09540102857154 7.120633395654978 262.5701879060172
    vertex 45.41851373454934 5.470120416444065 262.6417692300136
  endloop
endfacet
facet normal 0.497001 0.7118 0.496317
  outer loop
    vertex 47.28620308572388 7.116609424064309 258.3793877807565
    vertex 45.19080205714771 7.118621409859643 260.4747878433868
    vertex 47.810631309519 5.467387066243656 260.219492379567
  endloop
endfacet
facet normal 0.747192 0.586462 0.312676
  outer loop
    vertex 47.28620308572388 7.116609424064309 258.3793877807565
    vertex 47.810631309519 5.467387066243656 260.219492379567
    vertex 48.3302908385198 6.04616078787654 257.8921190389962
  endloop
endfacet
facet normal -0.507991 0.699631 -0.502456
  outer loop
    vertex 47.52425389722131 7.118621409859643 262.8082407591443
    vertex 47.810631309519 5.467387066243656 260.219492379567
    vertex 45.41851373454934 5.470120416444065 262.6417692300136
  endloop
endfacet
facet normal 0.498206 0.714504 0.491197
  outer loop
    vertex 47.810631309519 5.467387066243656 260.219492379567
    vertex 45.19080205714771 7.118621409859643 260.4747878433868
    vertex 45.41851373454934 5.470120416444065 262.6417692300136
  endloop
endfacet
facet normal -0.689774 0.669825 -0.274857
  outer loop
    vertex 55.90585801152599 7.110573466678303 254.426640508623
    vertex 54.78781947611126 5.460526368742518 253.2112855331611
    vertex 54.42197585849392 5.853181215708426 255.0862923903767
  endloop
endfacet
facet normal -0.506184 0.697766 -0.506854
  outer loop
    vertex 45.42885286864516 7.120633395654978 264.9036408217747
    vertex 47.52425389722131 7.118621409859643 262.8082407591443
    vertex 45.41851373454934 5.470120416444065 262.6417692300136
  endloop
endfacet
facet normal 0.266526 0.66747 0.695304
  outer loop
    vertex 54.78781947611126 5.460526368742518 253.2112855331611
    vertex 53.57240617145237 7.110573466678303 252.0931875928655
    vertex 52.85897408389508 5.954697180700754 253.4762670337918
  endloop
endfacet
facet normal 0.634927 0.423921 0.645878
  outer loop
    vertex 40.99999999999537 7.122645381450313 264.6655879686475
    vertex 40.99999999999634 5.863167605210911 265.492244485126
    vertex 42.02887999614039 5.844872832190996 264.4928170350614
  endloop
endfacet
facet normal 0.237439 0.941832 0.237855
  outer loop
    vertex 51.00000000000164 5.911718664272299 255.3999999999975
    vertex 52.87186467922385 5.466653976510621 255.293725961813
    vertex 51.92608584904436 5.912920218982172 254.4707757122415
  endloop
endfacet
facet normal 0.66096 0.397186 0.636691
  outer loop
    vertex 52.85897408389508 5.954697180700754 253.4762670337918
    vertex 51.4770051428762 7.112585452473638 254.1885876554958
    vertex 51.92608584904436 5.912920218982172 254.4707757122415
  endloop
endfacet
facet normal 0.327857 0.894302 0.304522
  outer loop
    vertex 49.23205933538695 5.469272306210752 258.6154222832088
    vertex 49.40476559878012 5.998048237779819 256.876601116982
    vertex 48.3302908385198 6.04616078787654 257.8921190389962
  endloop
endfacet
facet normal 0.650167 0.39592 0.648483
  outer loop
    vertex 51.4770051428762 7.112585452473638 254.1885876554958
    vertex 51.00000000000164 5.911718664272299 255.3999999999975
    vertex 51.92608584904436 5.912920218982172 254.4707757122415
  endloop
endfacet
facet normal -0.239232 0.941706 -0.236553
  outer loop
    vertex 50.9999999999999 5.914527975879366 258.6
    vertex 49.23205933538695 5.469272306210752 258.6154222832088
    vertex 49.98060237834644 5.909264847963253 259.609991519805
  endloop
endfacet
facet normal 0.260537 0.932225 0.25115
  outer loop
    vertex 42.02887999614039 5.844872832190996 264.4928170350614
    vertex 40.99999999999634 5.863167605210911 265.492244485126
    vertex 42.19329208994697 5.474340211412408 265.6976136735271
  endloop
endfacet
facet normal 0.225601 0.941287 0.251164
  outer loop
    vertex 52.87186467922385 5.466653976510621 255.293725961813
    vertex 52.85897408389508 5.954697180700754 253.4762670337918
    vertex 51.92608584904436 5.912920218982172 254.4707757122415
  endloop
endfacet
facet normal 0.0581333 0.956403 0.286206
  outer loop
    vertex 43.57799126640344 5.554143156515768 265.1496844917988
    vertex 42.02887999614039 5.844872832190996 264.4928170350614
    vertex 42.19329208994697 5.474340211412408 265.6976136735271
  endloop
endfacet
facet normal 0.64928 0.396693 0.648899
  outer loop
    vertex 51.00000000000164 5.911718664272299 255.3999999999975
    vertex 51.4770051428762 7.112585452473638 254.1885876554958
    vertex 49.38160411430003 7.114597438268973 256.2839877181262
  endloop
endfacet
facet normal -0.647528 0.395295 -0.651498
  outer loop
    vertex 51.71505595437363 7.114597438268974 258.6174406338837
    vertex 50.9999999999999 5.914527975879366 258.6
    vertex 49.98060237834644 5.909264847963253 259.609991519805
  endloop
endfacet
facet normal -0.6589 0.362276 -0.659248
  outer loop
    vertex 51.71505595437363 7.114597438268974 258.6174406338837
    vertex 53.81045698294979 7.112585452473638 256.5220405712533
    vertex 52.59511951035445 5.9991573485797 257.1248748894118
  endloop
endfacet
facet normal 0.549657 0.628563 -0.55026
  outer loop
    vertex 50.9999999999999 4.715699866643525 258.6
    vertex 49.3999999999999 4.714163559885161 257
    vertex 49.84868257731888 5.294462653737374 258.1110662411535
  endloop
endfacet
facet normal 0.562613 0.606291 0.56203
  outer loop
    vertex 49.3999999999999 4.714163559885161 257
    vertex 50.9999999999999 4.712627253129255 255.4
    vertex 49.87290005041973 5.328054781903658 255.8643743118191
  endloop
endfacet
facet normal 0.564777 -0.613015 -0.552484
  outer loop
    vertex 49.40476559878012 5.998048237779819 256.876601116982
    vertex 50.9999999999999 5.914527975879366 258.6
    vertex 49.84868257731888 5.294462653737374 258.1110662411535
  endloop
endfacet
facet normal 0.915719 0.0350739 0.400286
  outer loop
    vertex 49.40476559878012 5.998048237779819 256.876601116982
    vertex 49.3999999999999 4.714163559885161 257
    vertex 49.87290005041973 5.328054781903658 255.8643743118191
  endloop
endfacet
facet normal 0.933282 -0.0377912 -0.35715
  outer loop
    vertex 49.3999999999999 4.714163559885161 257
    vertex 49.40476559878012 5.998048237779819 256.876601116982
    vertex 49.84868257731888 5.294462653737374 258.1110662411535
  endloop
endfacet
facet normal 0.390886 0 -0.920439
  outer loop
    vertex 50.9999999999999 5.914527975879366 258.6
    vertex 50.9999999999999 4.715699866643525 258.6
    vertex 49.84868257731888 5.294462653737374 258.1110662411535
  endloop
endfacet
facet normal 0.380942 1.37552e-12 0.924599
  outer loop
    vertex 50.9999999999999 4.712627253129255 255.4
    vertex 51.00000000000164 5.911718664272299 255.3999999999975
    vertex 49.87290005041973 5.328054781903658 255.8643743118191
  endloop
endfacet
facet normal 0.546484 -0.55955 0.623104
  outer loop
    vertex 51.00000000000164 5.911718664272299 255.3999999999975
    vertex 49.40476559878012 5.998048237779819 256.876601116982
    vertex 49.87290005041973 5.328054781903658 255.8643743118191
  endloop
endfacet
facet normal 0.549657 0.628563 -0.55026
  outer loop
    vertex 31 4.734903701092359 278.6
    vertex 29.40000000000001 4.733367394333997 277
    vertex 29.84868311737907 5.313665826641913 278.1110668007784
  endloop
endfacet
facet normal 0.562611 0.606294 0.562029
  outer loop
    vertex 29.40000000000001 4.733367394333997 277
    vertex 31 4.731831087578089 275.4
    vertex 29.87289733458531 5.347254497890312 275.8643770072709
  endloop
endfacet
facet normal 0.56478 -0.613014 -0.552483
  outer loop
    vertex 29.40476498427567 6.017239345129815 276.8766090616362
    vertex 31 5.933737953990082 278.6
    vertex 29.84868311737907 5.313665826641913 278.1110668007784
  endloop
endfacet
facet normal 0.91572 0.0350721 0.400284
  outer loop
    vertex 29.40476498427567 6.017239345129815 276.8766090616362
    vertex 29.40000000000001 4.733367394333997 277
    vertex 29.87289733458531 5.347254497890312 275.8643770072709
  endloop
endfacet
facet normal 0.933282 -0.037789 -0.357151
  outer loop
    vertex 29.40000000000001 4.733367394333997 277
    vertex 29.40476498427567 6.017239345129815 276.8766090616362
    vertex 29.84868311737907 5.313665826641913 278.1110668007784
  endloop
endfacet
facet normal 0.390886 0 -0.920439
  outer loop
    vertex 31 5.933737953990082 278.6
    vertex 31 4.734903701092359 278.6
    vertex 29.84868311737907 5.313665826641913 278.1110668007784
  endloop
endfacet
facet normal 0.380943 1.37552e-12 0.924598
  outer loop
    vertex 31 4.731831087578089 275.4
    vertex 31.00000000000174 5.930916360117769 275.3999999999975
    vertex 29.87289733458531 5.347254497890312 275.8643770072709
  endloop
endfacet
facet normal 0.546484 -0.559556 0.623099
  outer loop
    vertex 31.00000000000174 5.930916360117769 275.3999999999975
    vertex 29.40476498427567 6.017239345129815 276.8766090616362
    vertex 29.87289733458531 5.347254497890312 275.8643770072709
  endloop
endfacet
facet normal 0.550224 0.628626 0.54962
  outer loop
    vertex 29.40000000000001 4.714163559869813 257
    vertex 31 4.712627253113907 255.4
    vertex 29.84835024806042 5.292857829954156 255.8892782306727
  endloop
endfacet
facet normal 0.536854 -0.578891 -0.613736
  outer loop
    vertex 29.40488047280824 5.999157647773632 257.1248753350572
    vertex 31 5.914527975859168 258.6
    vertex 29.89573820030469 5.359223480402517 258.1578453600259
  endloop
endfacet
facet normal 0.564331 -0.613003 0.552954
  outer loop
    vertex 31.00000000000001 5.91171866426517 255.4
    vertex 29.40488047280824 5.999157647773632 257.1248753350572
    vertex 29.84835024806042 5.292857829954156 255.8892782306727
  endloop
endfacet
facet normal 0.57174 0.587862 -0.572304
  outer loop
    vertex 31 4.715699866628176 258.6
    vertex 29.40000000000001 4.714163559869813 257
    vertex 29.89573820030469 5.359223480402517 258.1578453600259
  endloop
endfacet
facet normal 0.933379 -0.0382236 0.35685
  outer loop
    vertex 29.40488047280824 5.999157647773632 257.1248753350572
    vertex 29.40000000000001 4.714163559869813 257
    vertex 29.84835024806042 5.292857829954156 255.8892782306727
  endloop
endfacet
facet normal 0.391024 -2.31708e-15 0.920381
  outer loop
    vertex 31 4.712627253113907 255.4
    vertex 31.00000000000001 5.91171866426517 255.4
    vertex 29.84835024806042 5.292857829954156 255.8892782306727
  endloop
endfacet
facet normal 0.371717 0 -0.928346
  outer loop
    vertex 31 5.914527975859168 258.6
    vertex 31 4.715699866628176 258.6
    vertex 29.89573820030469 5.359223480402517 258.1578453600259
  endloop
endfacet
facet normal 0.911171 0.0364234 -0.410415
  outer loop
    vertex 29.40000000000001 4.714163559869813 257
    vertex 29.40488047280824 5.999157647773632 257.1248753350572
    vertex 29.89573820030469 5.359223480402517 258.1578453600259
  endloop
endfacet
facet normal 0.550224 0.628626 0.549621
  outer loop
    vertex 49.3999999999999 4.733367394349345 277
    vertex 50.9999999999999 4.731831087593438 275.4
    vertex 49.84834968806698 5.312062355950813 275.889278811301
  endloop
endfacet
facet normal 0.536854 -0.578885 -0.613742
  outer loop
    vertex 49.40488110564579 6.018374354962468 277.1248834182679
    vertex 50.9999999999999 5.93373795400056 278.6
    vertex 49.89574014232213 5.378430793632424 278.1578472121664
  endloop
endfacet
facet normal 0.564329 -0.613004 0.552955
  outer loop
    vertex 50.99999999999989 5.930916360141343 275.4
    vertex 49.40488110564579 6.018374354962468 277.1248834182679
    vertex 49.84834968806698 5.312062355950813 275.889278811301
  endloop
endfacet
facet normal 0.571741 0.58786 -0.572305
  outer loop
    vertex 50.9999999999999 4.734903701107707 278.6
    vertex 49.3999999999999 4.733367394349345 277
    vertex 49.89574014232213 5.378430793632424 278.1578472121664
  endloop
endfacet
facet normal 0.93338 -0.0382258 0.356849
  outer loop
    vertex 49.40488110564579 6.018374354962468 277.1248834182679
    vertex 49.3999999999999 4.733367394349345 277
    vertex 49.84834968806698 5.312062355950813 275.889278811301
  endloop
endfacet
facet normal 0.391024 2.31709e-15 0.920381
  outer loop
    vertex 50.9999999999999 4.731831087593438 275.4
    vertex 50.99999999999989 5.930916360141343 275.4
    vertex 49.84834968806698 5.312062355950813 275.889278811301
  endloop
endfacet
facet normal 0.371716 0 -0.928347
  outer loop
    vertex 50.9999999999999 5.93373795400056 278.6
    vertex 50.9999999999999 4.734903701107707 278.6
    vertex 49.89574014232213 5.378430793632424 278.1578472121664
  endloop
endfacet
facet normal 0.91117 0.0364253 -0.410417
  outer loop
    vertex 49.3999999999999 4.733367394349345 277
    vertex 49.40488110564579 6.018374354962468 277.1248834182679
    vertex 49.89574014232213 5.378430793632424 278.1578472121664
  endloop
endfacet
facet normal -0.550394 -0.636506 -0.540302
  outer loop
    vertex 50.9999999999999 5.93373795400056 278.6
    vertex 52.59523267122856 6.017261314378273 276.8765779479678
    vertex 52.17706648895403 5.354137842643416 278.0837501928863
  endloop
endfacet
facet normal -0.536565 -0.579347 0.61356
  outer loop
    vertex 52.59523267122856 6.017261314378273 276.8765779479678
    vertex 50.99999999999989 5.930916360141343 275.4
    vertex 52.10449859295633 5.3764853360567 275.8423805210013
  endloop
endfacet
facet normal -0.564419 0.601839 -0.564997
  outer loop
    vertex 52.59999999999989 4.7333673943518 277
    vertex 50.9999999999999 4.734903701107707 278.6
    vertex 52.17706648895403 5.354137842643416 278.0837501928863
  endloop
endfacet
facet normal -0.572192 0.58808 0.571627
  outer loop
    vertex 50.9999999999999 4.731831087593438 275.4
    vertex 52.59999999999989 4.7333673943518 277
    vertex 52.10449859295633 5.3764853360567 275.8423805210013
  endloop
endfacet
facet normal -0.937881 -0.0366492 -0.345016
  outer loop
    vertex 52.59523267122856 6.017261314378273 276.8765779479678
    vertex 52.59999999999989 4.7333673943518 277
    vertex 52.17706648895403 5.354137842643416 278.0837501928863
  endloop
endfacet
facet normal -0.371812 -2.20325e-15 0.928308
  outer loop
    vertex 50.99999999999989 5.930916360141343 275.4
    vertex 50.9999999999999 4.731831087593438 275.4
    vertex 52.10449859295633 5.3764853360567 275.8423805210013
  endloop
endfacet
facet normal -0.911327 0.0360396 0.410102
  outer loop
    vertex 52.59999999999989 4.7333673943518 277
    vertex 52.59523267122856 6.017261314378273 276.8765779479678
    vertex 52.10449859295633 5.3764853360567 275.8423805210013
  endloop
endfacet
facet normal -0.401657 0 -0.91579
  outer loop
    vertex 50.9999999999999 4.734903701107707 278.6
    vertex 50.9999999999999 5.93373795400056 278.6
    vertex 52.17706648895403 5.354137842643416 278.0837501928863
  endloop
endfacet
facet normal -0.549659 0.628559 -0.550263
  outer loop
    vertex 32.59999999999999 4.714163559872269 257
    vertex 31 4.715699866628176 258.6
    vertex 32.15132374751035 5.294468571040026 258.111059687154
  endloop
endfacet
facet normal -0.536565 -0.57934 0.613566
  outer loop
    vertex 32.59523205969204 5.998070178480739 256.8765700438912
    vertex 31.00000000000001 5.91171866426517 255.4
    vertex 32.10449669340206 5.357284962047244 255.8423787086167
  endloop
endfacet
facet normal -0.564775 -0.613021 -0.55248
  outer loop
    vertex 31 5.914527975859168 258.6
    vertex 32.59523205969204 5.998070178480739 256.8765700438912
    vertex 32.15132374751035 5.294468571040026 258.111059687154
  endloop
endfacet
facet normal -0.572193 0.588078 0.571628
  outer loop
    vertex 31 4.712627253113907 255.4
    vertex 32.59999999999999 4.714163559872269 257
    vertex 32.10449669340206 5.357284962047244 255.8423787086167
  endloop
endfacet
facet normal -0.933285 -0.0378002 -0.357143
  outer loop
    vertex 32.59523205969204 5.998070178480739 256.8765700438912
    vertex 32.59999999999999 4.714163559872269 257
    vertex 32.15132374751035 5.294468571040026 258.111059687154
  endloop
endfacet
facet normal -0.390889 0 -0.920438
  outer loop
    vertex 31 4.715699866628176 258.6
    vertex 31 5.914527975859168 258.6
    vertex 32.15132374751035 5.294468571040026 258.111059687154
  endloop
endfacet
facet normal -0.371811 2.20323e-15 0.928308
  outer loop
    vertex 31.00000000000001 5.91171866426517 255.4
    vertex 31 4.712627253113907 255.4
    vertex 32.10449669340206 5.357284962047244 255.8423787086167
  endloop
endfacet
facet normal -0.911327 0.0360415 0.410103
  outer loop
    vertex 32.59999999999999 4.714163559872269 257
    vertex 32.59523205969204 5.998070178480739 256.8765700438912
    vertex 32.10449669340206 5.357284962047244 255.8423787086167
  endloop
endfacet
facet normal -0.550224 0.628626 0.549621
  outer loop
    vertex 31 4.731831087578089 275.4
    vertex 32.59999999999999 4.733367394336452 277.0000000000001
    vertex 32.15164945320922 5.312061772675744 275.8892779209348
  endloop
endfacet
facet normal -0.562151 0.606068 -0.562732
  outer loop
    vertex 32.59999999999999 4.733367394336452 277.0000000000001
    vertex 31 4.734903701092359 278.6
    vertex 32.12672957237691 5.349157632283142 278.135993164914
  endloop
endfacet
facet normal -0.564329 -0.613004 0.552955
  outer loop
    vertex 32.59511887844238 6.018374047470574 277.1248829610229
    vertex 31.00000000000174 5.930916360117769 275.3999999999975
    vertex 32.15164945320922 5.312061772675744 275.8892779209348
  endloop
endfacet
facet normal -0.915545 0.0354593 -0.40065
  outer loop
    vertex 32.59511887844238 6.018374047470574 277.1248829610229
    vertex 32.59999999999999 4.733367394336452 277.0000000000001
    vertex 32.12672957237691 5.349157632283142 278.135993164914
  endloop
endfacet
facet normal -0.93338 -0.0382257 0.356849
  outer loop
    vertex 32.59999999999999 4.733367394336452 277.0000000000001
    vertex 32.59511887844238 6.018374047470574 277.1248829610229
    vertex 32.15164945320922 5.312061772675744 275.8892779209348
  endloop
endfacet
facet normal -0.391023 2.48746e-12 0.920381
  outer loop
    vertex 31.00000000000174 5.930916360117769 275.3999999999975
    vertex 31 4.731831087578089 275.4
    vertex 32.15164945320922 5.312061772675744 275.8892779209348
  endloop
endfacet
facet normal -0.380791 0 -0.924661
  outer loop
    vertex 31 4.734903701092359 278.6
    vertex 31 5.933737953990082 278.6
    vertex 32.12672957237691 5.349157632283142 278.135993164914
  endloop
endfacet
facet normal -0.546749 -0.559069 -0.623304
  outer loop
    vertex 31 5.933737953990082 278.6
    vertex 32.59511887844238 6.018374047470574 277.1248829610229
    vertex 32.12672957237691 5.349157632283142 278.135993164914
  endloop
endfacet
facet normal -0.550224 0.628627 0.54962
  outer loop
    vertex 50.9999999999999 4.712627253129255 255.4
    vertex 52.59999999999988 4.714163559887617 257.0000000000001
    vertex 52.15164889463954 5.292857248204848 255.8892773417836
  endloop
endfacet
facet normal -0.562149 0.606071 -0.562731
  outer loop
    vertex 52.59999999999988 4.714163559887617 257.0000000000001
    vertex 50.9999999999999 4.715699866643525 258.6
    vertex 52.12673232517563 5.329949650596415 258.1359904345566
  endloop
endfacet
facet normal -0.564331 -0.613003 0.552954
  outer loop
    vertex 52.59511951035445 5.9991573485797 257.1248748894118
    vertex 51.00000000000164 5.911718664272299 255.3999999999975
    vertex 52.15164889463954 5.292857248204848 255.8892773417836
  endloop
endfacet
facet normal -0.915546 0.0354574 -0.400648
  outer loop
    vertex 52.59511951035445 5.9991573485797 257.1248748894118
    vertex 52.59999999999988 4.714163559887617 257.0000000000001
    vertex 52.12673232517563 5.329949650596415 258.1359904345566
  endloop
endfacet
facet normal -0.933379 -0.0382235 0.35685
  outer loop
    vertex 52.59999999999988 4.714163559887617 257.0000000000001
    vertex 52.59511951035445 5.9991573485797 257.1248748894118
    vertex 52.15164889463954 5.292857248204848 255.8892773417836
  endloop
endfacet
facet normal -0.391023 2.48745e-12 0.920381
  outer loop
    vertex 51.00000000000164 5.911718664272299 255.3999999999975
    vertex 50.9999999999999 4.712627253129255 255.4
    vertex 52.15164889463954 5.292857248204848 255.8892773417836
  endloop
endfacet
facet normal -0.380793 0 -0.92466
  outer loop
    vertex 50.9999999999999 4.715699866643525 258.6
    vertex 50.9999999999999 5.914527975879366 258.6
    vertex 52.12673232517563 5.329949650596415 258.1359904345566
  endloop
endfacet
facet normal -0.546749 -0.559075 -0.623299
  outer loop
    vertex 50.9999999999999 5.914527975879366 258.6
    vertex 52.59511951035445 5.9991573485797 257.1248748894118
    vertex 52.12673232517563 5.329949650596415 258.1359904345566
  endloop
endfacet
facet normal -0.924108 7.67407e-05 -0.382132
  outer loop
    vertex 43.33345184006902 7.122645381450313 266.999040884405
    vertex 43.33345237791102 7.123765661505548 266.9990398087213
    vertex 43.57550287074783 7.983528454211626 266.4138626254596
  endloop
endfacet
facet normal -0.659268 -0.362202 -0.65892
  outer loop
    vertex 52.59509838654117 8.227567178561817 257.1251450884711
    vertex 53.81045698294979 7.112585452473638 256.5220405712533
    vertex 51.71505595437363 7.114597438268974 258.6174406338837
  endloop
endfacet
facet normal -0.234547 -0.935998 0.262479
  outer loop
    vertex 49.4047470372159 8.231863464564038 256.8768404894121
    vertex 50.9999999999999 8.315336745122483 258.6
    vertex 49.23293985954489 8.762321983952432 258.6149302604771
  endloop
endfacet
facet normal 0.641477 -0.369906 0.672069
  outer loop
    vertex 49.38160411430003 7.114597438268973 256.2839877181262
    vertex 50.99999999999991 8.315073444630809 255.4
    vertex 49.4047470372159 8.231863464564038 256.8768404894121
  endloop
endfacet
facet normal -0.642312 -0.418792 -0.64191
  outer loop
    vertex 55.90585801152599 7.110573466678303 254.426640508623
    vertex 53.81045698294979 7.112585452473638 256.5220405712533
    vertex 54.44846116821738 8.366561509969809 255.0655246483403
  endloop
endfacet
facet normal 0.634812 -0.439875 0.635235
  outer loop
    vertex 51.4770051428762 7.112585452473638 254.1885876554958
    vertex 53.57240617145237 7.110573466678303 252.0931875928655
    vertex 52.84145223506253 8.415320498015923 253.7271406712513
  endloop
endfacet
facet normal -0.636883 -0.388941 -0.665661
  outer loop
    vertex 50.9999999999999 8.315336745122483 258.6
    vertex 52.59509838654117 8.227567178561817 257.1251450884711
    vertex 51.71505595437363 7.114597438268974 258.6174406338837
  endloop
endfacet
facet normal 0.663315 -0.345813 0.663647
  outer loop
    vertex 47.28620308572388 7.116609424064309 258.3793877807565
    vertex 49.38160411430003 7.114597438268973 256.2839877181262
    vertex 48.3299934936406 8.18665092652177 257.8936967781254
  endloop
endfacet
facet normal -0.680746 -0.271152 -0.680486
  outer loop
    vertex 45.42885286864516 7.120633395654978 264.9036408217747
    vertex 43.33345184006902 7.122645381450313 266.999040884405
    vertex 43.57550287074783 7.983528454211626 266.4138626254596
  endloop
endfacet
facet normal 0.637628 -0.431661 0.638043
  outer loop
    vertex 40.99999999999537 7.122645381450313 264.6655879686475
    vertex 43.09540102857154 7.120633395654978 262.5701879060172
    vertex 42.08955525038832 8.406951490240337 264.4456252179513
  endloop
endfacet
facet normal 0.623065 -0.418524 0.660778
  outer loop
    vertex 50.99999999999991 8.315073444630809 255.4
    vertex 51.4770051428762 7.112585452473638 254.1885876554958
    vertex 52.84145223506253 8.415320498015923 253.7271406712513
  endloop
endfacet
facet normal -0.648924 -0.397857 -0.648542
  outer loop
    vertex 51.71505595437363 7.114597438268974 258.6174406338837
    vertex 49.61965492579747 7.116609424064309 260.712840696514
    vertex 49.98119229072064 8.32045066323502 259.612578054833
  endloop
endfacet
facet normal 0.647232 -0.367725 0.667734
  outer loop
    vertex 49.38160411430003 7.114597438268973 256.2839877181262
    vertex 49.4047470372159 8.231863464564038 256.8768404894121
    vertex 48.3299934936406 8.18665092652177 257.8936967781254
  endloop
endfacet
facet normal 0.210204 -0.94713 -0.242401
  outer loop
    vertex 52.59509838654117 8.227567178561817 257.1251450884711
    vertex 50.99999999999991 8.315073444630809 255.4
    vertex 52.87309933300081 8.758222156181318 255.2927982676564
  endloop
endfacet
facet normal 0.334894 -0.894884 0.295006
  outer loop
    vertex 49.23293985954489 8.762321983952432 258.6149302604771
    vertex 47.8053348258173 8.766792859705383 260.2491244327265
    vertex 48.3299934936406 8.18665092652177 257.8936967781254
  endloop
endfacet
facet normal 0.236426 -0.95014 0.203315
  outer loop
    vertex 52.87309933300081 8.758222156181318 255.2927982676564
    vertex 50.99999999999991 8.315073444630809 255.4
    vertex 52.84145223506253 8.415320498015923 253.7271406712513
  endloop
endfacet
facet normal -0.258036 -0.940084 -0.222844
  outer loop
    vertex 47.8053348258173 8.766792859705383 260.2491244327265
    vertex 49.23293985954489 8.762321983952432 258.6149302604771
    vertex 49.98119229072064 8.32045066323502 259.612578054833
  endloop
endfacet
facet normal -0.721179 -0.628469 -0.291423
  outer loop
    vertex 53.81045698294979 7.112585452473638 256.5220405712533
    vertex 52.59509838654117 8.227567178561817 257.1251450884711
    vertex 52.87309933300081 8.758222156181318 255.2927982676564
  endloop
endfacet
facet normal -0.506238 -0.69866 -0.505567
  outer loop
    vertex 49.61965492579747 7.116609424064309 260.712840696514
    vertex 47.52425389722131 7.118621409859643 262.8082407591443
    vertex 47.8053348258173 8.766792859705383 260.2491244327265
  endloop
endfacet
facet normal -0.206626 -0.954885 0.21331
  outer loop
    vertex 52.87309933300081 8.758222156181318 255.2927982676564
    vertex 52.84145223506253 8.415320498015923 253.7271406712513
    vertex 54.44846116821738 8.366561509969809 255.0655246483403
  endloop
endfacet
facet normal -0.266492 -0.669625 -0.693242
  outer loop
    vertex 53.81045698294979 7.112585452473638 256.5220405712533
    vertex 52.87309933300081 8.758222156181318 255.2927982676564
    vertex 54.44846116821738 8.366561509969809 255.0655246483403
  endloop
endfacet
facet normal 0.224653 -0.943086 0.245194
  outer loop
    vertex 40.99999999999411 8.773764900881483 266.9974554931084
    vertex 40.9999999999944 8.382044004829314 265.4907871507363
    vertex 42.36437551578776 8.770933130302375 265.7364908079674
  endloop
endfacet
facet normal -0.242029 -0.934846 -0.259778
  outer loop
    vertex 42.50704377480647 8.383491055122008 266.9978302308249
    vertex 40.99999999999411 8.773764900881483 266.9974554931084
    vertex 42.36437551578776 8.770933130302375 265.7364908079674
  endloop
endfacet
facet normal 0.123853 -0.975048 -0.184234
  outer loop
    vertex 52.84145223506253 8.415320498015923 253.7271406712513
    vertex 54.78936783322393 8.760525607863016 253.2096652613215
    vertex 54.44846116821738 8.366561509969809 255.0655246483403
  endloop
endfacet
facet normal 0.490974 -0.709659 0.505301
  outer loop
    vertex 45.19080205714771 7.118621409859643 260.4747878433868
    vertex 47.8053348258173 8.766792859705383 260.2491244327265
    vertex 45.40642012786803 8.76951916239279 262.5838487537272
  endloop
endfacet
facet normal 0.532784 -0.749979 0.392012
  outer loop
    vertex 43.09540102857154 7.120633395654978 262.5701879060172
    vertex 45.40642012786803 8.76951916239279 262.5838487537272
    vertex 43.83508448513875 8.734668384698761 264.6527776514337
  endloop
endfacet
facet normal 0.5006 -0.705776 0.501278
  outer loop
    vertex 43.09540102857154 7.120633395654978 262.5701879060172
    vertex 45.19080205714771 7.118621409859643 260.4747878433868
    vertex 45.40642012786803 8.76951916239279 262.5838487537272
  endloop
endfacet
facet normal -0.495366 -0.704544 -0.508163
  outer loop
    vertex 47.8053348258173 8.766792859705383 260.2491244327265
    vertex 47.52425389722131 7.118621409859643 262.8082407591443
    vertex 45.40642012786803 8.76951916239279 262.5838487537272
  endloop
endfacet
facet normal 0.0801331 -0.801448 0.592672
  outer loop
    vertex 42.08955525038832 8.406951490240337 264.4456252179513
    vertex 43.09540102857154 7.120633395654978 262.5701879060172
    vertex 43.83508448513875 8.734668384698761 264.6527776514337
  endloop
endfacet
facet normal -0.336101 -0.578403 -0.743294
  outer loop
    vertex 49.61965492579747 7.116609424064309 260.712840696514
    vertex 47.8053348258173 8.766792859705383 260.2491244327265
    vertex 49.98119229072064 8.32045066323502 259.612578054833
  endloop
endfacet
facet normal 0.493684 -0.715454 0.494371
  outer loop
    vertex 45.19080205714771 7.118621409859643 260.4747878433868
    vertex 47.28620308572388 7.116609424064309 258.3793877807565
    vertex 47.8053348258173 8.766792859705383 260.2491244327265
  endloop
endfacet
facet normal 0.747035 -0.5875 0.311099
  outer loop
    vertex 47.8053348258173 8.766792859705383 260.2491244327265
    vertex 47.28620308572388 7.116609424064309 258.3793877807565
    vertex 48.3299934936406 8.18665092652177 257.8936967781254
  endloop
endfacet
facet normal 0.298744 -0.676102 0.673526
  outer loop
    vertex 53.57240617145237 7.110573466678303 252.0931875928655
    vertex 54.78936783322393 8.760525607863016 253.2096652613215
    vertex 52.84145223506253 8.415320498015923 253.7271406712513
  endloop
endfacet
facet normal -0.627245 -0.678733 -0.381949
  outer loop
    vertex 45.42885286864516 7.120633395654978 264.9036408217747
    vertex 43.57550287074783 7.983528454211626 266.4138626254596
    vertex 43.83508448513875 8.734668384698761 264.6527776514337
  endloop
endfacet
facet normal -0.547618 -0.360294 -0.755184
  outer loop
    vertex 43.333451840069 7.124885941560784 266.9990387330377
    vertex 42.50704377480647 8.383491055122008 266.9978302308249
    vertex 43.57550287074783 7.983528454211626 266.4138626254596
  endloop
endfacet
facet normal -0.693729 -0.66802 -0.26924
  outer loop
    vertex 54.78936783322393 8.760525607863016 253.2096652613215
    vertex 55.90585801152599 7.110573466678303 254.426640508623
    vertex 54.44846116821738 8.366561509969809 255.0655246483403
  endloop
endfacet
facet normal -0.499399 -0.708435 -0.498719
  outer loop
    vertex 47.52425389722131 7.118621409859643 262.8082407591443
    vertex 45.42885286864516 7.120633395654978 264.9036408217747
    vertex 45.40642012786803 8.76951916239279 262.5838487537272
  endloop
endfacet
facet normal -0.594012 -0.658397 -0.462238
  outer loop
    vertex 45.40642012786803 8.76951916239279 262.5838487537272
    vertex 45.42885286864516 7.120633395654978 264.9036408217747
    vertex 43.83508448513875 8.734668384698761 264.6527776514337
  endloop
endfacet
facet normal 0.631706 -0.424862 0.648413
  outer loop
    vertex 40.9999999999944 8.382044004829314 265.4907871507363
    vertex 40.99999999999537 7.122645381450313 264.6655879686475
    vertex 42.08955525038832 8.406951490240337 264.4456252179513
  endloop
endfacet
facet normal 0.151838 -0.959283 0.238161
  outer loop
    vertex 42.36437551578776 8.770933130302375 265.7364908079674
    vertex 42.08955525038832 8.406951490240337 264.4456252179513
    vertex 43.83508448513875 8.734668384698761 264.6527776514337
  endloop
endfacet
facet normal 0.32647 -0.894549 0.305284
  outer loop
    vertex 49.4047470372159 8.231863464564038 256.8768404894121
    vertex 49.23293985954489 8.762321983952432 258.6149302604771
    vertex 48.3299934936406 8.18665092652177 257.8936967781254
  endloop
endfacet
facet normal -0.323985 -0.852041 -0.411169
  outer loop
    vertex 43.57550287074783 7.983528454211626 266.4138626254596
    vertex 42.36437551578776 8.770933130302375 265.7364908079674
    vertex 43.83508448513875 8.734668384698761 264.6527776514337
  endloop
endfacet
facet normal -0.240133 -0.941401 -0.236855
  outer loop
    vertex 49.23293985954489 8.762321983952432 258.6149302604771
    vertex 50.9999999999999 8.315336745122483 258.6
    vertex 49.98119229072064 8.32045066323502 259.612578054833
  endloop
endfacet
facet normal 0.23097 -0.948182 0.218184
  outer loop
    vertex 40.9999999999944 8.382044004829314 265.4907871507363
    vertex 42.08955525038832 8.406951490240337 264.4456252179513
    vertex 42.36437551578776 8.770933130302375 265.7364908079674
  endloop
endfacet
facet normal -0.443965 -0.869411 -0.216838
  outer loop
    vertex 43.57550287074783 7.983528454211626 266.4138626254596
    vertex 42.50704377480647 8.383491055122008 266.9978302308249
    vertex 42.36437551578776 8.770933130302375 265.7364908079674
  endloop
endfacet
facet normal -0.923646 -0.000811428 -0.383246
  outer loop
    vertex 43.33345237791102 7.123765661505548 266.9990398087213
    vertex 43.333451840069 7.124885941560784 266.9990387330377
    vertex 43.57550287074783 7.983528454211626 266.4138626254596
  endloop
endfacet
facet normal -0.648428 -0.395595 -0.65042
  outer loop
    vertex 50.9999999999999 8.315336745122483 258.6
    vertex 51.71505595437363 7.114597438268974 258.6174406338837
    vertex 49.98119229072064 8.32045066323502 259.612578054833
  endloop
endfacet
facet normal 0.648899 -0.396693 0.64928
  outer loop
    vertex 49.38160411430003 7.114597438268973 256.2839877181262
    vertex 51.4770051428762 7.112585452473638 254.1885876554958
    vertex 50.99999999999991 8.315073444630809 255.4
  endloop
endfacet
facet normal 0.900938 0.221465 0.373181
  outer loop
    vertex 28.05000000000005 19.1111902737935 276.9999999999999
    vertex 28.91403499549971 19.1111902737935 274.9140349954996
    vertex 28.27455537909174 20.09996548829531 275.8710838745229
  endloop
endfacet
facet normal 0.900938 0.221465 -0.373181
  outer loop
    vertex 28.91403499549972 19.1111902737935 279.0859650045002
    vertex 28.05000000000005 19.1111902737935 276.9999999999999
    vertex 28.27455537909175 20.09996548829531 278.1289161254769
  endloop
endfacet
facet normal 0.373181 -0.221465 -0.900938
  outer loop
    vertex 28.91403499549972 21.1111902737934 279.0859650045002
    vertex 30.99999999999992 21.1111902737934 279.9499999999999
    vertex 29.87108387452302 20.12241505929159 279.7254446209081
  endloop
endfacet
facet normal 0.373181 0.221465 0.900938
  outer loop
    vertex 28.91403499549971 19.1111902737935 274.9140349954996
    vertex 30.99999999999993 19.1111902737935 274.05
    vertex 29.87108387452297 20.09996548829531 274.2745553790916
  endloop
endfacet
facet normal 0.90191 -0.216782 0.373583
  outer loop
    vertex 28.91403499549971 21.1111902737934 274.9140349954996
    vertex 28.05000000000005 21.1111902737934 276.9999999999999
    vertex 28.27455537909174 20.09996548829531 275.8710838745229
  endloop
endfacet
facet normal 0.90191 -0.216782 -0.373583
  outer loop
    vertex 28.05000000000005 21.1111902737934 276.9999999999999
    vertex 28.91403499549972 21.1111902737934 279.0859650045002
    vertex 28.27455537909175 20.09996548829531 278.1289161254769
  endloop
endfacet
facet normal 0.373583 0.216782 -0.90191
  outer loop
    vertex 30.99999999999993 19.1111902737935 279.9499999999999
    vertex 28.91403499549972 19.1111902737935 279.0859650045002
    vertex 29.87108387452302 20.12241505929159 279.7254446209081
  endloop
endfacet
facet normal 0.373583 -0.216782 0.90191
  outer loop
    vertex 30.99999999999993 21.1111902737934 274.05
    vertex 28.91403499549971 21.1111902737934 274.9140349954996
    vertex 29.87108387452297 20.09996548829531 274.2745553790916
  endloop
endfacet
facet normal 0.83147 0 -0.55557
  outer loop
    vertex 28.91403499549972 21.1111902737934 279.0859650045002
    vertex 28.91403499549972 19.1111902737935 279.0859650045002
    vertex 28.27455537909175 20.09996548829531 278.1289161254769
  endloop
endfacet
facet normal 0.980785 0 0.19509
  outer loop
    vertex 28.05000000000005 21.1111902737934 276.9999999999999
    vertex 28.05000000000005 19.1111902737935 276.9999999999999
    vertex 28.27455537909174 20.09996548829531 275.8710838745229
  endloop
endfacet
facet normal 0.55557 0 0.83147
  outer loop
    vertex 28.91403499549971 21.1111902737934 274.9140349954996
    vertex 28.91403499549971 19.1111902737935 274.9140349954996
    vertex 29.87108387452297 20.09996548829531 274.2745553790916
  endloop
endfacet
facet normal 0.19509 3.4655e-16 -0.980785
  outer loop
    vertex 30.99999999999992 21.1111902737934 279.9499999999999
    vertex 30.99999999999993 19.1111902737935 279.9499999999999
    vertex 29.87108387452302 20.12241505929159 279.7254446209081
  endloop
endfacet
facet normal 0.83147 -0 0.55557
  outer loop
    vertex 28.91403499549971 19.1111902737935 274.9140349954996
    vertex 28.91403499549971 21.1111902737934 274.9140349954996
    vertex 28.27455537909174 20.09996548829531 275.8710838745229
  endloop
endfacet
facet normal 0.55557 0 -0.83147
  outer loop
    vertex 28.91403499549972 19.1111902737935 279.0859650045002
    vertex 28.91403499549972 21.1111902737934 279.0859650045002
    vertex 29.87108387452302 20.12241505929159 279.7254446209081
  endloop
endfacet
facet normal 0.19509 -0 0.980785
  outer loop
    vertex 30.99999999999993 19.1111902737935 274.05
    vertex 30.99999999999993 21.1111902737934 274.05
    vertex 29.87108387452297 20.09996548829531 274.2745553790916
  endloop
endfacet
facet normal 0.980785 0 -0.19509
  outer loop
    vertex 28.05000000000005 19.1111902737935 276.9999999999999
    vertex 28.05000000000005 21.1111902737934 276.9999999999999
    vertex 28.27455537909175 20.09996548829531 278.1289161254769
  endloop
endfacet
facet normal 0.373181 -0.221465 -0.900938
  outer loop
    vertex 28.91403499549522 21.1111902737934 259.0859650045003
    vertex 30.99999999999562 21.1111902737934 259.95
    vertex 29.87108387451856 20.1224150592916 259.7254446209083
  endloop
endfacet
facet normal 0.900938 0.221465 0.373181
  outer loop
    vertex 28.0499999999955 19.1111902737935 256.9999999999999
    vertex 28.91403499549521 19.1111902737935 254.9140349954995
    vertex 28.27455537908721 20.09996548829531 255.8710838745228
  endloop
endfacet
facet normal 0.373181 0.221465 0.900938
  outer loop
    vertex 28.91403499549521 19.1111902737935 254.9140349954995
    vertex 30.99999999999562 19.1111902737935 254.0499999999998
    vertex 29.87108387451855 20.09996548829531 254.2745553790915
  endloop
endfacet
facet normal 0.901432 -0.219099 -0.373385
  outer loop
    vertex 28.0499999999955 21.1111902737934 256.9999999999999
    vertex 28.91403499549522 21.1111902737934 259.0859650045003
    vertex 28.27447377748602 20.11119027379345 258.1287191016427
  endloop
endfacet
facet normal 0.901432 0.219099 -0.373385
  outer loop
    vertex 28.91403499549522 19.1111902737935 259.0859650045003
    vertex 28.0499999999955 19.1111902737935 256.9999999999999
    vertex 28.27447377748602 20.11119027379345 258.1287191016427
  endloop
endfacet
facet normal 0.90191 -0.216782 0.373583
  outer loop
    vertex 28.91403499549521 21.1111902737934 254.9140349954995
    vertex 28.0499999999955 21.1111902737934 256.9999999999999
    vertex 28.27455537908721 20.09996548829531 255.8710838745228
  endloop
endfacet
facet normal 0.373583 0.216782 -0.90191
  outer loop
    vertex 30.99999999999562 19.1111902737935 259.95
    vertex 28.91403499549522 19.1111902737935 259.0859650045003
    vertex 29.87108387451856 20.1224150592916 259.7254446209083
  endloop
endfacet
facet normal 0.373583 -0.216782 0.90191
  outer loop
    vertex 30.99999999999562 21.1111902737934 254.0499999999998
    vertex 28.91403499549521 21.1111902737934 254.9140349954995
    vertex 29.87108387451855 20.09996548829531 254.2745553790915
  endloop
endfacet
facet normal 0.980792 0 -0.195055
  outer loop
    vertex 28.0499999999955 19.1111902737935 256.9999999999999
    vertex 28.0499999999955 21.1111902737934 256.9999999999999
    vertex 28.27447377748602 20.11119027379345 258.1287191016427
  endloop
endfacet
facet normal 0.19509 0 -0.980785
  outer loop
    vertex 30.99999999999562 21.1111902737934 259.95
    vertex 30.99999999999562 19.1111902737935 259.95
    vertex 29.87108387451856 20.1224150592916 259.7254446209083
  endloop
endfacet
facet normal 0.19509 -0 0.980785
  outer loop
    vertex 30.99999999999562 19.1111902737935 254.0499999999998
    vertex 30.99999999999562 21.1111902737934 254.0499999999998
    vertex 29.87108387451855 20.09996548829531 254.2745553790915
  endloop
endfacet
facet normal 0.980785 0 0.19509
  outer loop
    vertex 28.0499999999955 21.1111902737934 256.9999999999999
    vertex 28.0499999999955 19.1111902737935 256.9999999999999
    vertex 28.27455537908721 20.09996548829531 255.8710838745228
  endloop
endfacet
facet normal 0.55557 0 0.83147
  outer loop
    vertex 28.91403499549521 21.1111902737934 254.9140349954995
    vertex 28.91403499549521 19.1111902737935 254.9140349954995
    vertex 29.87108387451855 20.09996548829531 254.2745553790915
  endloop
endfacet
facet normal 0.83147 -0 0.55557
  outer loop
    vertex 28.91403499549521 19.1111902737935 254.9140349954995
    vertex 28.91403499549521 21.1111902737934 254.9140349954995
    vertex 28.27455537908721 20.09996548829531 255.8710838745228
  endloop
endfacet
facet normal 0.55557 0 -0.83147
  outer loop
    vertex 28.91403499549522 19.1111902737935 259.0859650045003
    vertex 28.91403499549522 21.1111902737934 259.0859650045003
    vertex 29.87108387451856 20.1224150592916 259.7254446209083
  endloop
endfacet
facet normal 0.83149 0 -0.55554
  outer loop
    vertex 28.91403499549522 21.1111902737934 259.0859650045003
    vertex 28.91403499549522 19.1111902737935 259.0859650045003
    vertex 28.27447377748602 20.11119027379345 258.1287191016427
  endloop
endfacet
facet normal -0.392561 0 0.919726
  outer loop
    vertex 31 19.1111902737935 275.4
    vertex 31 16.1303945521613 275.4
    vertex 32.15535500249286 17.61831564667681 275.8931328814105
  endloop
endfacet
facet normal -0.392561 0 -0.919726
  outer loop
    vertex 31 16.1303945521613 278.6
    vertex 31 19.1111902737935 278.6
    vertex 32.15535500249286 17.61831564667681 278.1068671185895
  endloop
endfacet
facet normal -0.989937 -0.141508 -0
  outer loop
    vertex 32.38564064605509 19.1111902737935 277.8
    vertex 32.38564064605509 19.1111902737935 276.2
    vertex 32.59999999999999 17.61161391411776 277
  endloop
endfacet
facet normal -0.925748 0.0662772 -0.372288
  outer loop
    vertex 32.38564064605509 19.1111902737935 277.8
    vertex 32.59999999999999 17.61161391411776 277
    vertex 32.15535500249286 17.61831564667681 278.1068671185895
  endloop
endfacet
facet normal -0.925748 0.0662772 0.372288
  outer loop
    vertex 32.59999999999999 17.61161391411776 277
    vertex 32.38564064605509 19.1111902737935 276.2
    vertex 32.15535500249286 17.61831564667681 275.8931328814105
  endloop
endfacet
facet normal -0.497458 0.100708 0.861623
  outer loop
    vertex 31 16.1303945521613 275.4
    vertex 32.38564064605509 16.1303945521613 276.2
    vertex 32.15535500249286 17.61831564667681 275.8931328814105
  endloop
endfacet
facet normal -0.497475 -0.100378 0.861651
  outer loop
    vertex 32.38564064605509 19.1111902737935 276.2
    vertex 31 19.1111902737935 275.4
    vertex 32.15535500249286 17.61831564667681 275.8931328814105
  endloop
endfacet
facet normal -0.497458 0.100708 -0.861623
  outer loop
    vertex 32.38564064605509 16.1303945521613 277.8
    vertex 31 16.1303945521613 278.6
    vertex 32.15535500249286 17.61831564667681 278.1068671185895
  endloop
endfacet
facet normal -0.497475 -0.100378 -0.861651
  outer loop
    vertex 31 19.1111902737935 278.6
    vertex 32.38564064605509 19.1111902737935 277.8
    vertex 32.15535500249286 17.61831564667681 278.1068671185895
  endloop
endfacet
facet normal -0.926001 -0.0666821 0.371585
  outer loop
    vertex 32.38564064605509 16.1303945521613 276.2
    vertex 32.59999999999999 17.61161391411776 277
    vertex 32.15535500249286 17.61831564667681 275.8931328814105
  endloop
endfacet
facet normal -0.926001 -0.0666821 -0.371585
  outer loop
    vertex 32.59999999999999 17.61161391411776 277
    vertex 32.38564064605509 16.1303945521613 277.8
    vertex 32.15535500249286 17.61831564667681 278.1068671185895
  endloop
endfacet
facet normal -0.98969 0.143226 0
  outer loop
    vertex 32.38564064605509 16.1303945521613 276.2
    vertex 32.38564064605509 16.1303945521613 277.8
    vertex 32.59999999999999 17.61161391411776 277
  endloop
endfacet
facet normal -0.386846 0 -0.922144
  outer loop
    vertex 31 16.11119027379255 258.6
    vertex 31 19.1111902737935 258.6
    vertex 32.14152858937176 17.59929045126307 258.1211210816174
  endloop
endfacet
facet normal -0.39508 0 0.918647
  outer loop
    vertex 31 19.1111902737935 255.4
    vertex 31 16.11119027379255 255.4
    vertex 32.16140403788734 17.59925592189558 255.8994816399628
  endloop
endfacet
facet normal -0.497541 0.0990612 0.861766
  outer loop
    vertex 31 16.11119027379255 255.4
    vertex 32.38564064605509 16.11119027379255 256.2
    vertex 32.16140403788734 17.59925592189558 255.8994816399628
  endloop
endfacet
facet normal -0.497274 0.104289 -0.861303
  outer loop
    vertex 32.38564064605509 16.11119027379255 257.8
    vertex 31 16.11119027379255 258.6
    vertex 32.14152858937176 17.59929045126307 258.1211210816174
  endloop
endfacet
facet normal -0.990392 -0.138287 -0
  outer loop
    vertex 32.38564064605509 19.1111902737935 257.8
    vertex 32.38564064605509 19.1111902737935 256.2
    vertex 32.59991509295338 17.57658806811522 257.01648318355
  endloop
endfacet
facet normal -0.92923 -0.0666274 0.363444
  outer loop
    vertex 32.16140403788734 17.59925592189558 255.8994816399628
    vertex 32.38564064605509 16.11119027379255 256.2
    vertex 32.59991509295338 17.57658806811522 257.01648318355
  endloop
endfacet
facet normal -0.928423 0.0649879 0.365798
  outer loop
    vertex 32.38564064605509 19.1111902737935 256.2
    vertex 32.16140403788734 17.59925592189558 255.8994816399628
    vertex 32.59991509295338 17.57658806811522 257.01648318355
  endloop
endfacet
facet normal -0.921934 -0.0689866 -0.381153
  outer loop
    vertex 32.38564064605509 16.11119027379255 257.8
    vertex 32.14152858937176 17.59929045126307 258.1211210816174
    vertex 32.59991509295338 17.57658806811522 257.01648318355
  endloop
endfacet
facet normal -0.921053 0.0672414 -0.383587
  outer loop
    vertex 32.14152858937176 17.59929045126307 258.1211210816174
    vertex 32.38564064605509 19.1111902737935 257.8
    vertex 32.59991509295338 17.57658806811522 257.01648318355
  endloop
endfacet
facet normal -0.989478 0.144684 0
  outer loop
    vertex 32.38564064605509 16.11119027379255 256.2
    vertex 32.38564064605509 16.11119027379255 257.8
    vertex 32.59991509295338 17.57658806811522 257.01648318355
  endloop
endfacet
facet normal -0.497617 -0.0975123 0.861898
  outer loop
    vertex 32.38564064605509 19.1111902737935 256.2
    vertex 31 19.1111902737935 255.4
    vertex 32.16140403788734 17.59925592189558 255.8994816399628
  endloop
endfacet
facet normal -0.497358 -0.102665 -0.861449
  outer loop
    vertex 31 19.1111902737935 258.6
    vertex 32.38564064605509 19.1111902737935 257.8
    vertex 32.14152858937176 17.59929045126307 258.1211210816174
  endloop
endfacet
facet normal 0 0 -1
  outer loop
    vertex 30.99999999999993 19.1111902737935 279.9499999999999
    vertex 30.99999999999992 21.1111902737934 279.9499999999999
    vertex 32.40000000000583 20.11119027379345 279.9499999999999
  endloop
endfacet
facet normal 4.06024e-14 0 -1
  outer loop
    vertex 33.80000000001172 21.1111902737934 279.95
    vertex 33.80000000001172 19.1111902737935 279.95
    vertex 32.40000000000583 20.11119027379345 279.9499999999999
  endloop
endfacet
facet normal 2.03012e-14 -2.84217e-14 -1
  outer loop
    vertex 33.80000000001172 19.1111902737935 279.95
    vertex 30.99999999999993 19.1111902737935 279.9499999999999
    vertex 32.40000000000583 20.11119027379345 279.9499999999999
  endloop
endfacet
facet normal 2.03012e-14 2.84217e-14 -1
  outer loop
    vertex 30.99999999999992 21.1111902737934 279.9499999999999
    vertex 33.80000000001172 21.1111902737934 279.95
    vertex 32.40000000000583 20.11119027379345 279.9499999999999
  endloop
endfacet
facet normal -0 1 0
  outer loop
    vertex 28.05000000000005 19.1111902737935 276.9999999999999
    vertex 29.61435935394491 19.1111902737935 277.8
    vertex 29.61435935394491 19.1111902737935 276.2
  endloop
endfacet
facet normal 0 1 0
  outer loop
    vertex 32.38564064605509 19.1111902737935 277.8
    vertex 33.80000000001172 19.1111902737935 277
    vertex 32.38564064605509 19.1111902737935 276.2
  endloop
endfacet
facet normal 0 1 0
  outer loop
    vertex 29.61435935394491 19.1111902737935 277.8
    vertex 30.13209858736117 19.1111902737935 278.858991251125
    vertex 31 19.1111902737935 278.6
  endloop
endfacet
facet normal 0 1 0
  outer loop
    vertex 31 19.1111902737935 275.4
    vertex 30.13209858736116 19.1111902737935 275.1410087488749
    vertex 29.61435935394491 19.1111902737935 276.2
  endloop
endfacet
facet normal 0 1 0
  outer loop
    vertex 31 19.1111902737935 278.6
    vertex 30.13209858736117 19.1111902737935 278.858991251125
    vertex 30.99999999999993 19.1111902737935 279.9499999999999
  endloop
endfacet
facet normal 0 1 -0
  outer loop
    vertex 30.99999999999993 19.1111902737935 274.05
    vertex 30.13209858736116 19.1111902737935 275.1410087488749
    vertex 31 19.1111902737935 275.4
  endloop
endfacet
facet normal 0 1 0
  outer loop
    vertex 28.91403499549972 19.1111902737935 279.0859650045002
    vertex 30.13209858736117 19.1111902737935 278.858991251125
    vertex 29.61435935394491 19.1111902737935 277.8
  endloop
endfacet
facet normal 0 1 0
  outer loop
    vertex 29.61435935394491 19.1111902737935 276.2
    vertex 30.13209858736116 19.1111902737935 275.1410087488749
    vertex 28.91403499549971 19.1111902737935 274.9140349954996
  endloop
endfacet
facet normal -0 1 0
  outer loop
    vertex 28.91403499549971 19.1111902737935 274.9140349954996
    vertex 30.13209858736116 19.1111902737935 275.1410087488749
    vertex 30.99999999999993 19.1111902737935 274.05
  endloop
endfacet
facet normal 0 1 0
  outer loop
    vertex 30.99999999999993 19.1111902737935 279.9499999999999
    vertex 30.13209858736117 19.1111902737935 278.858991251125
    vertex 28.91403499549972 19.1111902737935 279.0859650045002
  endloop
endfacet
facet normal 0 1 0
  outer loop
    vertex 32.38564064605509 19.1111902737935 276.2
    vertex 30.99999999999993 19.1111902737935 274.05
    vertex 31 19.1111902737935 275.4
  endloop
endfacet
facet normal -0 1 -0
  outer loop
    vertex 31 19.1111902737935 278.6
    vertex 30.99999999999993 19.1111902737935 279.9499999999999
    vertex 32.38564064605509 19.1111902737935 277.8
  endloop
endfacet
facet normal 0 1 0
  outer loop
    vertex 32.38564064605509 19.1111902737935 276.2
    vertex 33.80000000001172 19.1111902737935 274.05
    vertex 30.99999999999993 19.1111902737935 274.05
  endloop
endfacet
facet normal -0 1 0
  outer loop
    vertex 30.99999999999993 19.1111902737935 279.9499999999999
    vertex 33.80000000001172 19.1111902737935 279.95
    vertex 32.38564064605509 19.1111902737935 277.8
  endloop
endfacet
facet normal -0 1 0
  outer loop
    vertex 32.38564064605509 19.1111902737935 277.8
    vertex 33.80000000001172 19.1111902737935 279.95
    vertex 33.80000000001172 19.1111902737935 277
  endloop
endfacet
facet normal 0 1 0
  outer loop
    vertex 33.80000000001172 19.1111902737935 277
    vertex 33.80000000001172 19.1111902737935 274.05
    vertex 32.38564064605509 19.1111902737935 276.2
  endloop
endfacet
facet normal 0 1 0
  outer loop
    vertex 29.61435935394491 19.1111902737935 276.2
    vertex 28.91403499549971 19.1111902737935 274.9140349954996
    vertex 28.05000000000005 19.1111902737935 276.9999999999999
  endloop
endfacet
facet normal 0 1 0
  outer loop
    vertex 28.05000000000005 19.1111902737935 276.9999999999999
    vertex 28.91403499549972 19.1111902737935 279.0859650045002
    vertex 29.61435935394491 19.1111902737935 277.8
  endloop
endfacet
facet normal 0 0 1
  outer loop
    vertex 30.99999999999993 21.1111902737934 274.05
    vertex 30.99999999999993 19.1111902737935 274.05
    vertex 32.40000000000583 20.11119027379345 274.05
  endloop
endfacet
facet normal 0 -0 1
  outer loop
    vertex 33.80000000001172 19.1111902737935 274.05
    vertex 33.80000000001172 21.1111902737934 274.05
    vertex 32.40000000000583 20.11119027379345 274.05
  endloop
endfacet
facet normal 0 0 1
  outer loop
    vertex 30.99999999999993 19.1111902737935 274.05
    vertex 33.80000000001172 19.1111902737935 274.05
    vertex 32.40000000000583 20.11119027379345 274.05
  endloop
endfacet
facet normal 0 0 1
  outer loop
    vertex 33.80000000001172 21.1111902737934 274.05
    vertex 30.99999999999993 21.1111902737934 274.05
    vertex 32.40000000000583 20.11119027379345 274.05
  endloop
endfacet
facet normal 0 -0 -1
  outer loop
    vertex 33.80000000000739 21.1111902737934 259.95
    vertex 33.80000000000739 19.1111902737935 259.95
    vertex 32.4000000000015 20.11119027379345 259.95
  endloop
endfacet
facet normal 0 0 -1
  outer loop
    vertex 30.99999999999562 19.1111902737935 259.95
    vertex 30.99999999999562 21.1111902737934 259.95
    vertex 32.4000000000015 20.11119027379345 259.95
  endloop
endfacet
facet normal 0 0 -1
  outer loop
    vertex 33.80000000000739 19.1111902737935 259.95
    vertex 30.99999999999562 19.1111902737935 259.95
    vertex 32.4000000000015 20.11119027379345 259.95
  endloop
endfacet
facet normal 0 0 -1
  outer loop
    vertex 30.99999999999562 21.1111902737934 259.95
    vertex 33.80000000000739 21.1111902737934 259.95
    vertex 32.4000000000015 20.11119027379345 259.95
  endloop
endfacet
facet normal 0 1 0
  outer loop
    vertex 29.61435935394491 19.1111902737935 256.2
    vertex 28.0499999999955 19.1111902737935 256.9999999999999
    vertex 29.61435935394491 19.1111902737935 257.8
  endloop
endfacet
facet normal 0 1 0
  outer loop
    vertex 32.38564064605509 19.1111902737935 257.8
    vertex 33.80000000000739 19.1111902737935 256.9999999999999
    vertex 32.38564064605509 19.1111902737935 256.2
  endloop
endfacet
facet normal 0 1 0
  outer loop
    vertex 29.61435935394491 19.1111902737935 257.8
    vertex 30.13209858735894 19.1111902737935 258.8589912511251
    vertex 31 19.1111902737935 258.6
  endloop
endfacet
facet normal 0 1 0
  outer loop
    vertex 31 19.1111902737935 255.4
    vertex 30.13209858735894 19.1111902737935 255.1410087488748
    vertex 29.61435935394491 19.1111902737935 256.2
  endloop
endfacet
facet normal 0 1 -0
  outer loop
    vertex 30.99999999999562 19.1111902737935 254.0499999999998
    vertex 30.13209858735894 19.1111902737935 255.1410087488748
    vertex 31 19.1111902737935 255.4
  endloop
endfacet
facet normal 0 1 0
  outer loop
    vertex 31 19.1111902737935 258.6
    vertex 30.13209858735894 19.1111902737935 258.8589912511251
    vertex 30.99999999999562 19.1111902737935 259.95
  endloop
endfacet
facet normal 0 1 0
  outer loop
    vertex 29.61435935394491 19.1111902737935 256.2
    vertex 30.13209858735894 19.1111902737935 255.1410087488748
    vertex 28.91403499549521 19.1111902737935 254.9140349954995
  endloop
endfacet
facet normal 0 1 0
  outer loop
    vertex 28.91403499549522 19.1111902737935 259.0859650045003
    vertex 30.13209858735894 19.1111902737935 258.8589912511251
    vertex 29.61435935394491 19.1111902737935 257.8
  endloop
endfacet
facet normal -0 1 0
  outer loop
    vertex 28.91403499549521 19.1111902737935 254.9140349954995
    vertex 30.13209858735894 19.1111902737935 255.1410087488748
    vertex 30.99999999999562 19.1111902737935 254.0499999999998
  endloop
endfacet
facet normal 0 1 0
  outer loop
    vertex 30.99999999999562 19.1111902737935 259.95
    vertex 30.13209858735894 19.1111902737935 258.8589912511251
    vertex 28.91403499549522 19.1111902737935 259.0859650045003
  endloop
endfacet
facet normal 0 1 0
  outer loop
    vertex 30.99999999999562 19.1111902737935 254.0499999999998
    vertex 31 19.1111902737935 255.4
    vertex 32.38564064605509 19.1111902737935 256.2
  endloop
endfacet
facet normal -0 1 -0
  outer loop
    vertex 31 19.1111902737935 258.6
    vertex 30.99999999999562 19.1111902737935 259.95
    vertex 32.38564064605509 19.1111902737935 257.8
  endloop
endfacet
facet normal 0 1 0
  outer loop
    vertex 32.38564064605509 19.1111902737935 256.2
    vertex 33.80000000000739 19.1111902737935 254.0499999999998
    vertex 30.99999999999562 19.1111902737935 254.0499999999998
  endloop
endfacet
facet normal 0 1 -0
  outer loop
    vertex 32.38564064605509 19.1111902737935 257.8
    vertex 30.99999999999562 19.1111902737935 259.95
    vertex 33.80000000000739 19.1111902737935 259.95
  endloop
endfacet
facet normal 0 1 0
  outer loop
    vertex 33.80000000000739 19.1111902737935 259.95
    vertex 33.80000000000739 19.1111902737935 256.9999999999999
    vertex 32.38564064605509 19.1111902737935 257.8
  endloop
endfacet
facet normal -0 1 0
  outer loop
    vertex 32.38564064605509 19.1111902737935 256.2
    vertex 33.80000000000739 19.1111902737935 256.9999999999999
    vertex 33.80000000000739 19.1111902737935 254.0499999999998
  endloop
endfacet
facet normal 0 1 -0
  outer loop
    vertex 28.91403499549521 19.1111902737935 254.9140349954995
    vertex 28.0499999999955 19.1111902737935 256.9999999999999
    vertex 29.61435935394491 19.1111902737935 256.2
  endloop
endfacet
facet normal 0 1 0
  outer loop
    vertex 29.61435935394491 19.1111902737935 257.8
    vertex 28.0499999999955 19.1111902737935 256.9999999999999
    vertex 28.91403499549522 19.1111902737935 259.0859650045003
  endloop
endfacet
facet normal 0 0 1
  outer loop
    vertex 30.99999999999562 21.1111902737934 254.0499999999998
    vertex 30.99999999999562 19.1111902737935 254.0499999999998
    vertex 32.40000000000259 20.11119027379345 254.0499999999998
  endloop
endfacet
facet normal 0 -0 1
  outer loop
    vertex 33.80000000000739 19.1111902737935 254.0499999999998
    vertex 33.80000000001175 21.1111902737934 254.0499999999998
    vertex 32.40000000000259 20.11119027379345 254.0499999999998
  endloop
endfacet
facet normal 0 0 1
  outer loop
    vertex 30.99999999999562 19.1111902737935 254.0499999999998
    vertex 33.80000000000739 19.1111902737935 254.0499999999998
    vertex 32.40000000000259 20.11119027379345 254.0499999999998
  endloop
endfacet
facet normal 0 0 1
  outer loop
    vertex 33.80000000001175 21.1111902737934 254.0499999999998
    vertex 30.99999999999562 21.1111902737934 254.0499999999998
    vertex 32.40000000000259 20.11119027379345 254.0499999999998
  endloop
endfacet
facet normal 0 1 0
  outer loop
    vertex 30.21258140665736 21.1111902737934 252.7049053234585
    vertex 32.31641477869633 21.1111902737934 252.5659586947871
    vertex 31.801161022093 21.1111902737934 251.035601846684
  endloop
endfacet
facet normal 1.54939e-16 1 -2.2886e-15
  outer loop
    vertex 31.78070010799682 21.11119027379341 282.9356165520718
    vertex 32.30782655851781 21.1111902737934 281.4189501261739
    vertex 30.19338569359586 21.1111902737934 281.2758012270023
  endloop
endfacet
facet normal -5.14499e-15 1 5.06708e-15
  outer loop
    vertex 25.04999999998768 21.11119027379339 278.218177213774
    vertex 26.79094826045932 21.1111902737934 277.8824849366048
    vertex 25.04999999998481 21.11119027379341 275.4136329103294
  endloop
endfacet
facet normal 2.04674e-15 1 5.24513e-27
  outer loop
    vertex 25.04999999998481 21.11119027379341 258.5863670896615
    vertex 26.78579058318188 21.1111902737934 256.2599819633824
    vertex 25.04999999999199 21.11119027379341 255.7818227862168
  endloop
endfacet
facet normal 0 1 -0
  outer loop
    vertex 33.80000000001172 21.1111902737934 251.0356018466839
    vertex 32.31641477869633 21.1111902737934 252.5659586947871
    vertex 33.80000000001175 21.1111902737934 254.0499999999998
  endloop
endfacet
facet normal -0 1 0
  outer loop
    vertex 30.19338569359586 21.1111902737934 281.2758012270023
    vertex 32.30782655851781 21.1111902737934 281.4189501261739
    vertex 30.99999999999992 21.1111902737934 279.9499999999999
  endloop
endfacet
facet normal 1.68871e-15 1 -2.67141e-16
  outer loop
    vertex 27.13923365058339 21.1111902737934 258.4942364973243
    vertex 26.78579058318188 21.1111902737934 256.2599819633824
    vertex 25.04999999998481 21.11119027379341 258.5863670896615
  endloop
endfacet
facet normal 1.68975e-15 1 2.47463e-16
  outer loop
    vertex 25.04999999998481 21.11119027379341 275.4136329103294
    vertex 26.79094826045932 21.1111902737934 277.8824849366048
    vertex 27.13907561881648 21.1111902737934 275.5053743184861
  endloop
endfacet
facet normal 0 1 0
  outer loop
    vertex 30.99999999999562 21.1111902737934 254.0499999999998
    vertex 32.31641477869633 21.1111902737934 252.5659586947871
    vertex 30.21258140665736 21.1111902737934 252.7049053234585
  endloop
endfacet
facet normal 0 1 0
  outer loop
    vertex 30.99999999999562 21.1111902737934 259.95
    vertex 31.38816589154303 21.1111902737934 261.9746345162202
    vertex 33.80000000000739 21.1111902737934 259.95
  endloop
endfacet
facet normal 0 1 0
  outer loop
    vertex 33.80000000001172 21.1111902737934 274.05
    vertex 31.45881796036389 21.1111902737934 272.0283188660491
    vertex 30.99999999999993 21.1111902737934 274.05
  endloop
endfacet
facet normal 0 1 -0
  outer loop
    vertex 33.80000000001172 21.1111902737934 279.95
    vertex 32.30782655851781 21.1111902737934 281.4189501261739
    vertex 33.80000000001173 21.1111902737934 282.935616552072
  endloop
endfacet
facet normal -1.77739e-15 1 -1.69144e-15
  outer loop
    vertex 29.80232204417428 21.1111902737934 251.0356018466838
    vertex 30.21258140665736 21.1111902737934 252.7049053234585
    vertex 31.801161022093 21.1111902737934 251.035601846684
  endloop
endfacet
facet normal -1.80759e-28 1 -2.14043e-15
  outer loop
    vertex 31.78070010799682 21.11119027379341 282.9356165520718
    vertex 30.19338569359586 21.1111902737934 281.2758012270023
    vertex 29.76140021598192 21.11119027379341 282.935616552072
  endloop
endfacet
facet normal -4.3551e-15 1 -1.4935e-16
  outer loop
    vertex 28.91403499549972 21.1111902737934 279.0859650045002
    vertex 26.43652827854311 21.11119027379339 279.9674705096378
    vertex 28.01388448281338 21.1111902737934 281.5468485856658
  endloop
endfacet
facet normal -1.98155e-15 1 -6.45539e-15
  outer loop
    vertex 28.91403499549521 21.1111902737934 254.9140349954995
    vertex 28.03878468003976 21.11119027379339 252.4309609984176
    vertex 26.44762351024419 21.11119027379339 254.0200794108591
  endloop
endfacet
facet normal 0 1 -0
  outer loop
    vertex 33.80000000000739 21.1111902737934 259.95
    vertex 31.38816589154303 21.1111902737934 261.9746345162202
    vertex 33.80000000001175 21.1111902737934 262.77
  endloop
endfacet
facet normal 0 1 0
  outer loop
    vertex 33.80000000001175 21.1111902737934 271.23
    vertex 31.45881796036389 21.1111902737934 272.0283188660491
    vertex 33.80000000001172 21.1111902737934 274.05
  endloop
endfacet
facet normal 0 1 0
  outer loop
    vertex 28.0499999999955 21.1111902737934 256.9999999999999
    vertex 26.78579058318188 21.1111902737934 256.2599819633824
    vertex 27.13923365058339 21.1111902737934 258.4942364973243
  endloop
endfacet
facet normal 0 1 -0
  outer loop
    vertex 27.13907561881648 21.1111902737934 275.5053743184861
    vertex 26.79094826045932 21.1111902737934 277.8824849366048
    vertex 28.05000000000005 21.1111902737934 276.9999999999999
  endloop
endfacet
facet normal 0 1 -0
  outer loop
    vertex 27.05613422184058 21.1111902737934 262.7363999014235
    vertex 26.99681515708715 21.1111902737934 265.4741119799281
    vertex 29.18821505146878 21.1111902737934 263.7027260863122
  endloop
endfacet
facet normal -0 1 0
  outer loop
    vertex 27.47701950342446 21.1111902737934 268.308583992124
    vertex 29.8620299521664 21.1111902737934 268.3308376981653
    vertex 29.34621160564017 21.1111902737934 266.1894788014958
  endloop
endfacet
facet normal -7.6081e-15 1 -4.47211e-15
  outer loop
    vertex 28.91403499549521 21.1111902737934 254.9140349954995
    vertex 30.21258140665736 21.1111902737934 252.7049053234585
    vertex 28.03878468003976 21.11119027379339 252.4309609984176
  endloop
endfacet
facet normal 0 1 0
  outer loop
    vertex 29.34621160564017 21.1111902737934 266.1894788014958
    vertex 26.99681515708715 21.1111902737934 265.4741119799281
    vertex 27.47701950342446 21.1111902737934 268.308583992124
  endloop
endfacet
facet normal 0 1 0
  outer loop
    vertex 33.80000000001175 21.1111902737934 268.41
    vertex 31.54275213149588 21.1111902737934 266.9917313133595
    vertex 31.54470368682769 21.1111902737934 269.5817929980482
  endloop
endfacet
facet normal -1.51965e-15 1 8.87812e-16
  outer loop
    vertex 28.01388448281338 21.1111902737934 281.5468485856658
    vertex 30.19338569359586 21.1111902737934 281.2758012270023
    vertex 28.91403499549972 21.1111902737934 279.0859650045002
  endloop
endfacet
facet normal -2.643e-15 1 4.66258e-15
  outer loop
    vertex 28.91403499549972 21.1111902737934 279.0859650045002
    vertex 26.79094826045932 21.1111902737934 277.8824849366048
    vertex 26.43652827854311 21.11119027379339 279.9674705096378
  endloop
endfacet
facet normal 0 1 -0
  outer loop
    vertex 29.18821505146878 21.1111902737934 263.7027260863122
    vertex 26.99681515708715 21.1111902737934 265.4741119799281
    vertex 29.34621160564017 21.1111902737934 266.1894788014958
  endloop
endfacet
facet normal -2.74697e-15 1 -4.34358e-15
  outer loop
    vertex 26.44762351024419 21.11119027379339 254.0200794108591
    vertex 26.78579058318188 21.1111902737934 256.2599819633824
    vertex 28.91403499549521 21.1111902737934 254.9140349954995
  endloop
endfacet
facet normal 0 1 0
  outer loop
    vertex 31.39803721892891 21.1111902737934 264.4049654026871
    vertex 31.54275213149588 21.1111902737934 266.9917313133595
    vertex 33.80000000001175 21.1111902737934 265.59
  endloop
endfacet
facet normal 0 1 -0
  outer loop
    vertex 33.80000000001175 21.1111902737934 268.41
    vertex 31.54470368682769 21.1111902737934 269.5817929980482
    vertex 33.80000000001175 21.1111902737934 271.23
  endloop
endfacet
facet normal 0 1 -0
  outer loop
    vertex 33.80000000001175 21.1111902737934 262.77
    vertex 31.39803721892891 21.1111902737934 264.4049654026871
    vertex 33.80000000001175 21.1111902737934 265.59
  endloop
endfacet
facet normal 0 1 -0
  outer loop
    vertex 31.39803721892891 21.1111902737934 264.4049654026871
    vertex 29.34621160564017 21.1111902737934 266.1894788014958
    vertex 31.54275213149588 21.1111902737934 266.9917313133595
  endloop
endfacet
facet normal 0 1 -0
  outer loop
    vertex 33.80000000001175 21.1111902737934 265.59
    vertex 31.54275213149588 21.1111902737934 266.9917313133595
    vertex 33.80000000001175 21.1111902737934 268.41
  endloop
endfacet
facet normal 1.46382e-15 1 0
  outer loop
    vertex 25.04999999998481 21.11119027379341 269.8045443034401
    vertex 27.47701950342446 21.1111902737934 268.308583992124
    vertex 25.04999999998481 21.11119027379341 266.9999999999955
  endloop
endfacet
facet normal 1.63968e-15 1 0
  outer loop
    vertex 25.04999999998481 21.11119027379341 272.6090886068847
    vertex 27.21671301576497 21.1111902737934 271.2531457207863
    vertex 25.04999999998481 21.11119027379341 269.8045443034401
  endloop
endfacet
facet normal 0 1 0
  outer loop
    vertex 33.80000000001175 21.1111902737934 254.0499999999998
    vertex 32.31641477869633 21.1111902737934 252.5659586947871
    vertex 30.99999999999562 21.1111902737934 254.0499999999998
  endloop
endfacet
facet normal 0 1 0
  outer loop
    vertex 30.99999999999992 21.1111902737934 279.9499999999999
    vertex 32.30782655851781 21.1111902737934 281.4189501261739
    vertex 33.80000000001172 21.1111902737934 279.95
  endloop
endfacet
facet normal 1.7204e-15 1 0
  outer loop
    vertex 25.04999999998481 21.11119027379341 261.3909113931061
    vertex 27.11505451586332 21.1111902737934 260.4614627759769
    vertex 25.04999999998481 21.11119027379341 258.5863670896615
  endloop
endfacet
facet normal 1.7204e-15 1 0
  outer loop
    vertex 25.04999999998481 21.11119027379341 275.4136329103294
    vertex 27.11505451586354 21.1111902737934 273.5385372240225
    vertex 25.04999999998481 21.11119027379341 272.6090886068847
  endloop
endfacet
facet normal 0 1 0
  outer loop
    vertex 33.80000000001175 21.1111902737934 262.77
    vertex 31.38816589154303 21.1111902737934 261.9746345162202
    vertex 31.39803721892891 21.1111902737934 264.4049654026871
  endloop
endfacet
facet normal 0 1 -0
  outer loop
    vertex 31.54470368682769 21.1111902737934 269.5817929980482
    vertex 31.45881796036389 21.1111902737934 272.0283188660491
    vertex 33.80000000001175 21.1111902737934 271.23
  endloop
endfacet
facet normal 1.68663e-15 1 7.50245e-17
  outer loop
    vertex 25.04999999998481 21.11119027379341 272.6090886068847
    vertex 27.11505451586354 21.1111902737934 273.5385372240225
    vertex 27.21671301576497 21.1111902737934 271.2531457207863
  endloop
endfacet
facet normal 0 1 0
  outer loop
    vertex 29.34621160564017 21.1111902737934 266.1894788014958
    vertex 29.8620299521664 21.1111902737934 268.3308376981653
    vertex 31.54275213149588 21.1111902737934 266.9917313133595
  endloop
endfacet
facet normal 0 1 -0
  outer loop
    vertex 27.21671301576497 21.1111902737934 271.2531457207863
    vertex 27.11505451586354 21.1111902737934 273.5385372240225
    vertex 29.2087412418884 21.1111902737934 272.6755188124473
  endloop
endfacet
facet normal 0 1 0
  outer loop
    vertex 30.99999999999993 21.1111902737934 274.05
    vertex 29.2087412418884 21.1111902737934 272.6755188124473
    vertex 28.91403499549971 21.1111902737934 274.9140349954996
  endloop
endfacet
facet normal 0 1 0
  outer loop
    vertex 28.91403499549522 21.1111902737934 259.0859650045003
    vertex 29.14994868596394 21.1111902737934 261.3131500477735
    vertex 30.99999999999562 21.1111902737934 259.95
  endloop
endfacet
facet normal 1.54818e-15 1 1.36863e-16
  outer loop
    vertex 25.04999999998481 21.11119027379341 269.8045443034401
    vertex 27.21671301576497 21.1111902737934 271.2531457207863
    vertex 27.47701950342446 21.1111902737934 268.308583992124
  endloop
endfacet
facet normal 1.61097e-15 1 -2.72924e-16
  outer loop
    vertex 27.47701950342446 21.1111902737934 268.308583992124
    vertex 26.99681515708715 21.1111902737934 265.4741119799281
    vertex 25.04999999998481 21.11119027379341 266.9999999999955
  endloop
endfacet
facet normal 0 1 0
  outer loop
    vertex 27.21671301576497 21.1111902737934 271.2531457207863
    vertex 29.43103157151972 21.1111902737934 270.4705767066177
    vertex 27.47701950342446 21.1111902737934 268.308583992124
  endloop
endfacet
facet normal 1.77093e-15 1 0
  outer loop
    vertex 25.04999999998481 21.11119027379341 264.1954556965508
    vertex 27.05613422184058 21.1111902737934 262.7363999014235
    vertex 25.04999999998481 21.11119027379341 261.3909113931061
  endloop
endfacet
facet normal 0 1 0
  outer loop
    vertex 30.99999999999562 21.1111902737934 254.0499999999998
    vertex 30.21258140665736 21.1111902737934 252.7049053234585
    vertex 28.91403499549521 21.1111902737934 254.9140349954995
  endloop
endfacet
facet normal 0 1 0
  outer loop
    vertex 28.91403499549972 21.1111902737934 279.0859650045002
    vertex 30.19338569359586 21.1111902737934 281.2758012270023
    vertex 30.99999999999992 21.1111902737934 279.9499999999999
  endloop
endfacet
facet normal 0 1 -0
  outer loop
    vertex 28.05000000000005 21.1111902737934 276.9999999999999
    vertex 26.79094826045932 21.1111902737934 277.8824849366048
    vertex 28.91403499549972 21.1111902737934 279.0859650045002
  endloop
endfacet
facet normal 0 1 0
  outer loop
    vertex 28.91403499549521 21.1111902737934 254.9140349954995
    vertex 26.78579058318188 21.1111902737934 256.2599819633824
    vertex 28.0499999999955 21.1111902737934 256.9999999999999
  endloop
endfacet
facet normal 1.79928e-15 1 3.89857e-17
  outer loop
    vertex 25.04999999998481 21.11119027379341 264.1954556965508
    vertex 26.99681515708715 21.1111902737934 265.4741119799281
    vertex 27.05613422184058 21.1111902737934 262.7363999014235
  endloop
endfacet
facet normal 0 1 0
  outer loop
    vertex 27.47701950342446 21.1111902737934 268.308583992124
    vertex 29.43103157151972 21.1111902737934 270.4705767066177
    vertex 29.8620299521664 21.1111902737934 268.3308376981653
  endloop
endfacet
facet normal 0 1 0
  outer loop
    vertex 29.2087412418884 21.1111902737934 272.6755188124473
    vertex 27.11505451586354 21.1111902737934 273.5385372240225
    vertex 28.91403499549971 21.1111902737934 274.9140349954996
  endloop
endfacet
facet normal 0 1 -0
  outer loop
    vertex 28.91403499549522 21.1111902737934 259.0859650045003
    vertex 27.11505451586332 21.1111902737934 260.4614627759769
    vertex 29.14994868596394 21.1111902737934 261.3131500477735
  endloop
endfacet
facet normal 0 1 0
  outer loop
    vertex 29.14994868596394 21.1111902737934 261.3131500477735
    vertex 27.11505451586332 21.1111902737934 260.4614627759769
    vertex 27.05613422184058 21.1111902737934 262.7363999014235
  endloop
endfacet
facet normal 1.70141e-15 1 2.0912e-17
  outer loop
    vertex 27.11505451586332 21.1111902737934 260.4614627759769
    vertex 27.13923365058339 21.1111902737934 258.4942364973243
    vertex 25.04999999998481 21.11119027379341 258.5863670896615
  endloop
endfacet
facet normal 1.70153e-15 1 -2.07809e-17
  outer loop
    vertex 25.04999999998481 21.11119027379341 275.4136329103294
    vertex 27.13907561881648 21.1111902737934 275.5053743184861
    vertex 27.11505451586354 21.1111902737934 273.5385372240225
  endloop
endfacet
facet normal 0 1 -0
  outer loop
    vertex 31.54275213149588 21.1111902737934 266.9917313133595
    vertex 29.8620299521664 21.1111902737934 268.3308376981653
    vertex 31.54470368682769 21.1111902737934 269.5817929980482
  endloop
endfacet
facet normal -8.15608e-15 1 -1.23767e-16
  outer loop
    vertex 28.03878468003976 21.11119027379339 252.4309609984176
    vertex 30.21258140665736 21.1111902737934 252.7049053234585
    vertex 29.80232204417428 21.1111902737934 251.0356018466838
  endloop
endfacet
facet normal -1.95967e-15 1 -2.65045e-15
  outer loop
    vertex 29.76140021598192 21.11119027379341 282.935616552072
    vertex 30.19338569359586 21.1111902737934 281.2758012270023
    vertex 28.01388448281338 21.1111902737934 281.5468485856658
  endloop
endfacet
facet normal 0 1 0
  outer loop
    vertex 31.39803721892891 21.1111902737934 264.4049654026871
    vertex 29.18821505146878 21.1111902737934 263.7027260863122
    vertex 29.34621160564017 21.1111902737934 266.1894788014958
  endloop
endfacet
facet normal 0 1 0
  outer loop
    vertex 30.99999999999993 21.1111902737934 274.05
    vertex 31.45881796036389 21.1111902737934 272.0283188660491
    vertex 29.2087412418884 21.1111902737934 272.6755188124473
  endloop
endfacet
facet normal -0 1 0
  outer loop
    vertex 29.14994868596394 21.1111902737934 261.3131500477735
    vertex 31.38816589154303 21.1111902737934 261.9746345162202
    vertex 30.99999999999562 21.1111902737934 259.95
  endloop
endfacet
facet normal 1.74069e-15 1 4.50834e-17
  outer loop
    vertex 27.05613422184058 21.1111902737934 262.7363999014235
    vertex 27.11505451586332 21.1111902737934 260.4614627759769
    vertex 25.04999999998481 21.11119027379341 261.3909113931061
  endloop
endfacet
facet normal 1.82488e-15 1 0
  outer loop
    vertex 25.04999999998481 21.11119027379341 266.9999999999955
    vertex 26.99681515708715 21.1111902737934 265.4741119799281
    vertex 25.04999999998481 21.11119027379341 264.1954556965508
  endloop
endfacet
facet normal 0 1 0
  outer loop
    vertex 29.14994868596394 21.1111902737934 261.3131500477735
    vertex 29.18821505146878 21.1111902737934 263.7027260863122
    vertex 31.38816589154303 21.1111902737934 261.9746345162202
  endloop
endfacet
facet normal 0 1 -0
  outer loop
    vertex 31.38816589154303 21.1111902737934 261.9746345162202
    vertex 29.18821505146878 21.1111902737934 263.7027260863122
    vertex 31.39803721892891 21.1111902737934 264.4049654026871
  endloop
endfacet
facet normal -0 1 0
  outer loop
    vertex 27.05613422184058 21.1111902737934 262.7363999014235
    vertex 29.18821505146878 21.1111902737934 263.7027260863122
    vertex 29.14994868596394 21.1111902737934 261.3131500477735
  endloop
endfacet
facet normal -5.31042e-15 1 4.20915e-15
  outer loop
    vertex 26.43652827854311 21.11119027379339 279.9674705096378
    vertex 26.79094826045932 21.1111902737934 277.8824849366048
    vertex 25.04999999998768 21.11119027379339 278.218177213774
  endloop
endfacet
facet normal -0 1 0
  outer loop
    vertex 31.801161022093 21.1111902737934 251.035601846684
    vertex 32.31641477869633 21.1111902737934 252.5659586947871
    vertex 33.80000000001172 21.1111902737934 251.0356018466839
  endloop
endfacet
facet normal 3.50321e-15 1 -5.2872e-15
  outer loop
    vertex 25.04999999999199 21.11119027379341 255.7818227862168
    vertex 26.78579058318188 21.1111902737934 256.2599819633824
    vertex 26.44762351024419 21.11119027379339 254.0200794108591
  endloop
endfacet
facet normal 1.75938e-15 1 -1.73097e-15
  outer loop
    vertex 33.80000000001173 21.1111902737934 282.935616552072
    vertex 32.30782655851781 21.1111902737934 281.4189501261739
    vertex 31.78070010799682 21.11119027379341 282.9356165520718
  endloop
endfacet
facet normal 0 1 0
  outer loop
    vertex 29.2087412418884 21.1111902737934 272.6755188124473
    vertex 29.43103157151972 21.1111902737934 270.4705767066177
    vertex 27.21671301576497 21.1111902737934 271.2531457207863
  endloop
endfacet
facet normal 0 1 0
  outer loop
    vertex 28.91403499549971 21.1111902737934 274.9140349954996
    vertex 27.13907561881648 21.1111902737934 275.5053743184861
    vertex 28.05000000000005 21.1111902737934 276.9999999999999
  endloop
endfacet
facet normal 0 1 -0
  outer loop
    vertex 28.0499999999955 21.1111902737934 256.9999999999999
    vertex 27.13923365058339 21.1111902737934 258.4942364973243
    vertex 28.91403499549522 21.1111902737934 259.0859650045003
  endloop
endfacet
facet normal 0 1 0
  outer loop
    vertex 31.45881796036389 21.1111902737934 272.0283188660491
    vertex 29.43103157151972 21.1111902737934 270.4705767066177
    vertex 29.2087412418884 21.1111902737934 272.6755188124473
  endloop
endfacet
facet normal 0 1 0
  outer loop
    vertex 27.11505451586354 21.1111902737934 273.5385372240225
    vertex 27.13907561881648 21.1111902737934 275.5053743184861
    vertex 28.91403499549971 21.1111902737934 274.9140349954996
  endloop
endfacet
facet normal 0 1 0
  outer loop
    vertex 28.91403499549522 21.1111902737934 259.0859650045003
    vertex 27.13923365058339 21.1111902737934 258.4942364973243
    vertex 27.11505451586332 21.1111902737934 260.4614627759769
  endloop
endfacet
facet normal 0 1 0
  outer loop
    vertex 31.54470368682769 21.1111902737934 269.5817929980482
    vertex 29.43103157151972 21.1111902737934 270.4705767066177
    vertex 31.45881796036389 21.1111902737934 272.0283188660491
  endloop
endfacet
facet normal 0 1 -0
  outer loop
    vertex 29.8620299521664 21.1111902737934 268.3308376981653
    vertex 29.43103157151972 21.1111902737934 270.4705767066177
    vertex 31.54470368682769 21.1111902737934 269.5817929980482
  endloop
endfacet
facet normal 0 -1 0
  outer loop
    vertex 33.80000000001167 16.1303945521613 275.1833333333333
    vertex 32.30000000001166 16.1303945521613 274.55
    vertex 33.36066017179149 16.1303945521613 274.1106601717798
  endloop
endfacet
facet normal 0 -1 -0
  outer loop
    vertex 33.80000000001149 16.1303945521613 279.45
    vertex 32.38564064605509 16.1303945521613 277.8
    vertex 33.80000000001167 16.1303945521613 277.3166666666667
  endloop
endfacet
facet normal -0 -1 0
  outer loop
    vertex 33.80000000001167 16.1303945521613 277.3166666666667
    vertex 32.38564064605509 16.1303945521613 277.8
    vertex 32.38564064605509 16.1303945521613 276.2
  endloop
endfacet
facet normal 0 -1 0
  outer loop
    vertex 33.80000000001167 16.1303945521613 273.05
    vertex 33.80000000001167 16.1303945521613 275.1833333333333
    vertex 33.36066017179149 16.1303945521613 274.1106601717798
  endloop
endfacet
facet normal 1.70732e-07 -1 2.6112e-07
  outer loop
    vertex 31 16.1303945521613 275.4
    vertex 31.0000000000003 16.13039433020945 274.55
    vertex 32.30000000001166 16.1303945521613 274.55
  endloop
endfacet
facet normal 2.55365e-07 -1 2.6112e-07
  outer loop
    vertex 28.87823776072812 16.1303941082576 275.775
    vertex 31.0000000000003 16.13039433020945 274.55
    vertex 31 16.1303945521613 275.4
  endloop
endfacet
facet normal 0 -1 0
  outer loop
    vertex 31 16.1303945521613 275.4
    vertex 32.30000000001166 16.1303945521613 274.55
    vertex 32.38564064605509 16.1303945521613 276.2
  endloop
endfacet
facet normal 3.01515e-07 -1 5.2224e-07
  outer loop
    vertex 28.87823776072812 16.1303941082576 275.775
    vertex 31 16.1303945521613 275.4
    vertex 29.61435935394491 16.1303945521613 276.2
  endloop
endfacet
facet normal 7.53788e-08 -1 -1.3056e-07
  outer loop
    vertex 29.61435935394491 16.1303945521613 277.8
    vertex 31 16.1303945521613 278.6
    vertex 31.0000000000003 16.13039444118537 279.45
  endloop
endfacet
facet normal -7.53788e-08 -1 -1.3056e-07
  outer loop
    vertex 31.0000000000003 16.13039444118537 279.45
    vertex 31 16.1303945521613 278.6
    vertex 32.38564064605509 16.1303945521613 277.8
  endloop
endfacet
facet normal 3.96343e-08 -1 -3.3974e-08
  outer loop
    vertex 33.80000000001149 16.1303945521613 279.45
    vertex 31.0000000000003 16.13039444118537 279.45
    vertex 32.38564064605509 16.1303945521613 277.8
  endloop
endfacet
facet normal 3.79971e-07 -1 -3.86351e-07
  outer loop
    vertex 28.87823776072812 16.1303941082576 278.225
    vertex 29.61435935394491 16.1303945521613 277.8
    vertex 31.0000000000003 16.13039444118537 279.45
  endloop
endfacet
facet normal 0 -1 0
  outer loop
    vertex 32.30000000001166 16.1303945521613 274.55
    vertex 33.80000000001167 16.1303945521613 275.1833333333333
    vertex 32.38564064605509 16.1303945521613 276.2
  endloop
endfacet
facet normal 6.0303e-07 -1 -1.339e-21
  outer loop
    vertex 29.61435935394491 16.1303945521613 277.8
    vertex 28.87823776072812 16.1303941082576 278.225
    vertex 29.61435935394491 16.1303945521613 276.2
  endloop
endfacet
facet normal 6.0303e-07 -1 0
  outer loop
    vertex 28.87823776072812 16.1303941082576 278.225
    vertex 28.87823776072812 16.1303941082576 275.775
    vertex 29.61435935394491 16.1303945521613 276.2
  endloop
endfacet
facet normal 0 -1 0
  outer loop
    vertex 33.80000000001167 16.1303945521613 275.1833333333333
    vertex 33.80000000001167 16.1303945521613 277.3166666666667
    vertex 32.38564064605509 16.1303945521613 276.2
  endloop
endfacet
facet normal 0 -1 -0
  outer loop
    vertex 33.36066017179148 16.11119027379255 259.8893398282202
    vertex 32.30000000001166 16.11119027379255 259.45
    vertex 33.80000000001166 16.11119027379255 258.8166666666667
  endloop
endfacet
facet normal 0 -1 0
  outer loop
    vertex 33.80000000001164 16.11119027379255 256.6833333333333
    vertex 32.38564064605509 16.11119027379255 256.2
    vertex 33.80000000001161 16.11119027379255 254.55
  endloop
endfacet
facet normal 0 -1 0
  outer loop
    vertex 32.38564064605509 16.11119027379255 256.2
    vertex 33.80000000001164 16.11119027379255 256.6833333333333
    vertex 32.38564064605509 16.11119027379255 257.8
  endloop
endfacet
facet normal 0 -1 0
  outer loop
    vertex 33.80000000001167 16.11119027379255 260.95
    vertex 33.36066017179148 16.11119027379255 259.8893398282202
    vertex 33.80000000001166 16.11119027379255 258.8166666666667
  endloop
endfacet
facet normal 0 -1 0
  outer loop
    vertex 31 16.11119027379255 255.4
    vertex 31.00000000000022 16.11119027379255 254.55
    vertex 32.38564064605509 16.11119027379255 256.2
  endloop
endfacet
facet normal 0 -1 0
  outer loop
    vertex 28.87823776072812 16.11119027379255 255.775
    vertex 31.00000000000022 16.11119027379255 254.55
    vertex 31 16.11119027379255 255.4
  endloop
endfacet
facet normal 0 -1 0
  outer loop
    vertex 28.87823776072812 16.11119027379255 255.775
    vertex 31 16.11119027379255 255.4
    vertex 29.61435935394491 16.11119027379255 256.2
  endloop
endfacet
facet normal 0 -1 -0
  outer loop
    vertex 31.00000000000015 16.11119027379255 259.45
    vertex 31 16.11119027379255 258.6
    vertex 32.30000000001166 16.11119027379255 259.45
  endloop
endfacet
facet normal 0 -1 0
  outer loop
    vertex 29.61435935394491 16.11119027379255 257.8
    vertex 31 16.11119027379255 258.6
    vertex 31.00000000000015 16.11119027379255 259.45
  endloop
endfacet
facet normal 0 -1 -0
  outer loop
    vertex 32.30000000001166 16.11119027379255 259.45
    vertex 31 16.11119027379255 258.6
    vertex 32.38564064605509 16.11119027379255 257.8
  endloop
endfacet
facet normal 0 -1 -0
  outer loop
    vertex 32.38564064605509 16.11119027379255 256.2
    vertex 31.00000000000022 16.11119027379255 254.55
    vertex 33.80000000001161 16.11119027379255 254.55
  endloop
endfacet
facet normal 0 -1 0
  outer loop
    vertex 28.87823776072812 16.11119027379255 258.225
    vertex 29.61435935394491 16.11119027379255 257.8
    vertex 31.00000000000015 16.11119027379255 259.45
  endloop
endfacet
facet normal 0 -1 0
  outer loop
    vertex 32.30000000001166 16.11119027379255 259.45
    vertex 32.38564064605509 16.11119027379255 257.8
    vertex 33.80000000001166 16.11119027379255 258.8166666666667
  endloop
endfacet
facet normal -0 -1 0
  outer loop
    vertex 29.61435935394491 16.11119027379255 257.8
    vertex 28.87823776072812 16.11119027379255 258.225
    vertex 29.61435935394491 16.11119027379255 256.2
  endloop
endfacet
facet normal 0 -1 0
  outer loop
    vertex 28.87823776072812 16.11119027379255 258.225
    vertex 28.87823776072812 16.11119027379255 255.775
    vertex 29.61435935394491 16.11119027379255 256.2
  endloop
endfacet
facet normal 0 -1 0
  outer loop
    vertex 32.38564064605509 16.11119027379255 257.8
    vertex 33.80000000001164 16.11119027379255 256.6833333333333
    vertex 33.80000000001166 16.11119027379255 258.8166666666667
  endloop
endfacet
facet normal 0.698197 0.157912 -0.698273
  outer loop
    vertex 33.80000000001161 13.36457465538891 260.95
    vertex 33.3606602940281 10.61694059998422 259.8893399504569
    vertex 32.30000000001161 13.36385451159593 259.45
  endloop
endfacet
facet normal 0.698271 -0.157929 -0.698195
  outer loop
    vertex 33.80000000001161 13.36457465538891 260.95
    vertex 32.30000000001161 13.36385451159593 259.45
    vertex 33.36066017179148 16.11119027379255 259.8893398282202
  endloop
endfacet
facet normal 0.92388 -1.91204e-14 -0.382683
  outer loop
    vertex 33.80000000001161 13.36457465538891 260.95
    vertex 33.36066017179148 16.11119027379255 259.8893398282202
    vertex 33.80000000001167 16.11119027379255 260.95
  endloop
endfacet
facet normal 0.382683 -5.946e-15 -0.92388
  outer loop
    vertex 33.36066017179148 16.11119027379255 259.8893398282202
    vertex 32.30000000001161 13.36385451159593 259.45
    vertex 32.30000000001166 16.11119027379255 259.45
  endloop
endfacet
facet normal 0.92388 -1.43403e-14 -0.382683
  outer loop
    vertex 33.80000000001161 13.36457465538891 260.95
    vertex 33.80000000001157 10.61795903698526 260.95
    vertex 33.3606602940281 10.61694059998422 259.8893399504569
  endloop
endfacet
facet normal 0.382683 -6.92727e-15 -0.92388
  outer loop
    vertex 33.3606602940281 10.61694059998422 259.8893399504569
    vertex 32.30000000001156 10.6165187493993 259.45
    vertex 32.30000000001161 13.36385451159593 259.45
  endloop
endfacet
facet normal 0.988546 0.15092 -0.000144912
  outer loop
    vertex 28.87823778121761 10.61534251456982 258.2250000354888
    vertex 28.87823778121764 10.6129900447798 255.7749999645111
    vertex 28.55000110945269 12.76416273138851 256.9976684089108
  endloop
endfacet
facet normal 0.396206 0 -0.918162
  outer loop
    vertex 31.00000000000015 16.11119027379255 259.45
    vertex 31.00000000000015 13.36385451159542 259.45
    vertex 29.21747116455828 14.31522653078201 258.6808006874162
  endloop
endfacet
facet normal 0.391589 -0 0.92014
  outer loop
    vertex 31.00000000000022 13.36150204187356 254.55
    vertex 31.00000000000022 16.11119027379255 254.55
    vertex 29.23444904823264 14.34419355788492 255.3013741328022
  endloop
endfacet
facet normal 0.496118 -0.124374 -0.859301
  outer loop
    vertex 28.87823776072812 16.11119027379255 258.225
    vertex 31.00000000000015 16.11119027379255 259.45
    vertex 29.21747116455828 14.31522653078201 258.6808006874162
  endloop
endfacet
facet normal 0.368838 0 -0.929494
  outer loop
    vertex 31.00000000000015 13.36385451159542 259.45
    vertex 31.00000000000015 10.6165187493983 259.45
    vertex 29.32012038419842 12.43347505612821 258.7833968925661
  endloop
endfacet
facet normal 0.36791 -0 0.929861
  outer loop
    vertex 31.00000000000022 10.61181380995457 254.55
    vertex 31.00000000000022 13.36150204187356 254.55
    vertex 29.32368249474931 12.43490662420704 255.213254460873
  endloop
endfacet
facet normal 0.495743 -0.130216 0.858652
  outer loop
    vertex 31.00000000000022 16.11119027379255 254.55
    vertex 28.87823776072812 16.11119027379255 255.775
    vertex 29.23444904823264 14.34419355788492 255.3013741328022
  endloop
endfacet
facet normal 0.494802 0.142999 -0.857159
  outer loop
    vertex 31.00000000000015 10.6165187493983 259.45
    vertex 28.87823778121761 10.61534251456982 258.2250000354888
    vertex 29.32012038419842 12.43347505612821 258.7833968925661
  endloop
endfacet
facet normal 0.494903 0.143254 0.857059
  outer loop
    vertex 28.87823778121764 10.6129900447798 255.7749999645111
    vertex 31.00000000000022 10.61181380995457 254.55
    vertex 29.32368249474931 12.43490662420704 255.213254460873
  endloop
endfacet
facet normal 0.907582 -0.0949678 -0.408993
  outer loop
    vertex 28.87823778121761 10.61534251456982 258.2250000354888
    vertex 28.55000110945269 12.76416273138851 256.9976684089108
    vertex 29.32012038419842 12.43347505612821 258.7833968925661
  endloop
endfacet
facet normal 0.906796 -0.0950723 0.410709
  outer loop
    vertex 28.55000110945269 12.76416273138851 256.9976684089108
    vertex 28.87823778121764 10.6129900447798 255.7749999645111
    vertex 29.32368249474931 12.43490662420704 255.213254460873
  endloop
endfacet
facet normal 0.974345 -0.225058 0
  outer loop
    vertex 28.87823776072812 16.11119027379255 255.775
    vertex 28.87823776072812 16.11119027379255 258.225
    vertex 28.54999999999999 14.69014875891967 257
  endloop
endfacet
facet normal 0.9275 -0.000452013 0.373822
  outer loop
    vertex 28.54999999999999 14.69014875891967 257
    vertex 28.55000110945269 12.76416273138851 256.9976684089108
    vertex 29.23444904823264 14.34419355788492 255.3013741328022
  endloop
endfacet
facet normal 0.929433 0.000447235 -0.368992
  outer loop
    vertex 28.55000110945269 12.76416273138851 256.9976684089108
    vertex 28.54999999999999 14.69014875891967 257
    vertex 29.21747116455828 14.31522653078201 258.6808006874162
  endloop
endfacet
facet normal 0.918852 0.0247678 0.393823
  outer loop
    vertex 28.55000110945269 12.76416273138851 256.9976684089108
    vertex 29.32368249474931 12.43490662420704 255.213254460873
    vertex 29.23444904823264 14.34419355788492 255.3013741328022
  endloop
endfacet
facet normal 0.919797 0.0288386 -0.391334
  outer loop
    vertex 29.32012038419842 12.43347505612821 258.7833968925661
    vertex 28.55000110945269 12.76416273138851 256.9976684089108
    vertex 29.21747116455828 14.31522653078201 258.6808006874162
  endloop
endfacet
facet normal 0.379684 -0.0249364 0.92478
  outer loop
    vertex 29.32368249474931 12.43490662420704 255.213254460873
    vertex 31.00000000000022 13.36150204187356 254.55
    vertex 29.23444904823264 14.34419355788492 255.3013741328022
  endloop
endfacet
facet normal 0.382735 -0.0294665 -0.923388
  outer loop
    vertex 31.00000000000015 13.36385451159542 259.45
    vertex 29.32012038419842 12.43347505612821 258.7833968925661
    vertex 29.21747116455828 14.31522653078201 258.6808006874162
  endloop
endfacet
facet normal 0.932379 0.0870739 -0.350839
  outer loop
    vertex 28.54999999999999 14.69014875891967 257
    vertex 28.87823776072812 16.11119027379255 258.225
    vertex 29.21747116455828 14.31522653078201 258.6808006874162
  endloop
endfacet
facet normal 0.929953 0.0920565 0.355969
  outer loop
    vertex 28.87823776072812 16.11119027379255 255.775
    vertex 28.54999999999999 14.69014875891967 257
    vertex 29.23444904823264 14.34419355788492 255.3013741328022
  endloop
endfacet
facet normal 0 0 1
  outer loop
    vertex 33.80000000001161 16.11119027379255 254.55
    vertex 31.00000000000022 16.11119027379255 254.55
    vertex 32.40000000000591 14.7363461578336 254.55
  endloop
endfacet
facet normal 0 0 1
  outer loop
    vertex 31.00000000000022 10.61181380995457 254.55
    vertex 33.80000000001161 10.61181380995672 254.55
    vertex 32.40000000000645 11.98665792591568 254.55
  endloop
endfacet
facet normal 0 0 1
  outer loop
    vertex 31.00000000000022 13.36150204187356 254.55
    vertex 31.00000000000022 10.61181380995457 254.55
    vertex 32.40000000000645 11.98665792591568 254.55
  endloop
endfacet
facet normal 0 0 1
  outer loop
    vertex 31.00000000000022 16.11119027379255 254.55
    vertex 31.00000000000022 13.36150204187356 254.55
    vertex 32.40000000000591 14.7363461578336 254.55
  endloop
endfacet
facet normal 0 -0 1
  outer loop
    vertex 33.80000000001161 13.36150204187464 254.55
    vertex 33.80000000001161 16.11119027379255 254.55
    vertex 32.40000000000591 14.7363461578336 254.55
  endloop
endfacet
facet normal 0 -0 1
  outer loop
    vertex 33.80000000001161 10.61181380995672 254.55
    vertex 33.80000000001161 13.36150204187464 254.55
    vertex 32.40000000000645 11.98665792591568 254.55
  endloop
endfacet
facet normal 0 0 1
  outer loop
    vertex 33.80000000001161 13.36150204187464 254.55
    vertex 32.40000000000591 14.7363461578336 254.55
    vertex 32.40000000000645 11.98665792591568 254.55
  endloop
endfacet
facet normal 0 0 1
  outer loop
    vertex 32.40000000000591 14.7363461578336 254.55
    vertex 31.00000000000022 13.36150204187356 254.55
    vertex 32.40000000000645 11.98665792591568 254.55
  endloop
endfacet
facet normal -0 0 -1
  outer loop
    vertex 32.30000000001156 10.6165187493993 259.45
    vertex 31.00000000000015 10.6165187493983 259.45
    vertex 31.65000000000603 11.99018663049735 259.45
  endloop
endfacet
facet normal -0 0 -1
  outer loop
    vertex 32.30000000001161 13.36385451159593 259.45
    vertex 31.00000000000015 13.36385451159542 259.45
    vertex 31.6500000000059 14.73752239269411 259.45
  endloop
endfacet
facet normal 0 0 -1
  outer loop
    vertex 31.00000000000015 16.11119027379255 259.45
    vertex 32.30000000001166 16.11119027379255 259.45
    vertex 31.6500000000059 14.73752239269411 259.45
  endloop
endfacet
facet normal 0 0 -1
  outer loop
    vertex 31.00000000000015 13.36385451159542 259.45
    vertex 32.30000000001161 13.36385451159593 259.45
    vertex 31.65000000000603 11.99018663049735 259.45
  endloop
endfacet
facet normal 0 0 -1
  outer loop
    vertex 31.00000000000015 13.36385451159542 259.45
    vertex 31.00000000000015 16.11119027379255 259.45
    vertex 31.6500000000059 14.73752239269411 259.45
  endloop
endfacet
facet normal 0 0 -1
  outer loop
    vertex 32.30000000001166 16.11119027379255 259.45
    vertex 32.30000000001161 13.36385451159593 259.45
    vertex 31.6500000000059 14.73752239269411 259.45
  endloop
endfacet
facet normal 0 0 -1
  outer loop
    vertex 32.30000000001161 13.36385451159593 259.45
    vertex 32.30000000001156 10.6165187493993 259.45
    vertex 31.65000000000603 11.99018663049735 259.45
  endloop
endfacet
facet normal 0 0 -1
  outer loop
    vertex 31.00000000000015 10.6165187493983 259.45
    vertex 31.00000000000015 13.36385451159542 259.45
    vertex 31.65000000000603 11.99018663049735 259.45
  endloop
endfacet
facet normal 0.698215 -0.157757 0.69829
  outer loop
    vertex 33.80000000001161 13.3799859544987 273.05
    vertex 33.36066017179149 16.1303945521613 274.1106601717798
    vertex 32.30000000001162 13.38070609829053 274.55
  endloop
endfacet
facet normal 0.698288 0.157773 0.698213
  outer loop
    vertex 33.80000000001161 13.3799859544987 273.05
    vertex 32.30000000001162 13.38070609829053 274.55
    vertex 33.3606602940281 10.63059579383647 274.1106600495431
  endloop
endfacet
facet normal 0.382683 -5.93605e-15 0.92388
  outer loop
    vertex 33.36066017179149 16.1303945521613 274.1106601717798
    vertex 32.30000000001166 16.1303945521613 274.55
    vertex 32.30000000001162 13.38070609829053 274.55
  endloop
endfacet
facet normal 0.92388 -1.90941e-14 0.382683
  outer loop
    vertex 33.80000000001161 13.3799859544987 273.05
    vertex 33.80000000001167 16.1303945521613 273.05
    vertex 33.36066017179149 16.1303945521613 274.1106601717798
  endloop
endfacet
facet normal 0.382683 -6.9158e-15 0.92388
  outer loop
    vertex 33.3606602940281 10.63059579383647 274.1106600495431
    vertex 32.30000000001162 13.38070609829053 274.55
    vertex 32.30000000001157 10.63101764441976 274.55
  endloop
endfacet
facet normal 0.92388 -1.43205e-14 0.382683
  outer loop
    vertex 33.80000000001161 13.3799859544987 273.05
    vertex 33.3606602940281 10.63059579383647 274.1106600495431
    vertex 33.80000000001157 10.62957735683609 273.05
  endloop
endfacet
facet normal 0 0 1
  outer loop
    vertex 32.30000000001162 13.38070609829053 274.55
    vertex 31.0000000000003 13.38070598731411 274.55
    vertex 31.65000000000595 12.00586184361079 274.55
  endloop
endfacet
facet normal 0 0 1
  outer loop
    vertex 32.30000000001166 16.1303945521613 274.55
    vertex 31.0000000000003 16.13039433020945 274.55
    vertex 31.65000000000597 14.75555029748181 274.55
  endloop
endfacet
facet normal 0 0 1
  outer loop
    vertex 31.0000000000003 13.38070598731411 274.55
    vertex 32.30000000001162 13.38070609829053 274.55
    vertex 31.65000000000597 14.75555029748181 274.55
  endloop
endfacet
facet normal 0 0 1
  outer loop
    vertex 31.0000000000003 10.63101764441876 274.55
    vertex 32.30000000001157 10.63101764441976 274.55
    vertex 31.65000000000595 12.00586184361079 274.55
  endloop
endfacet
facet normal 0 0 1
  outer loop
    vertex 31.0000000000003 16.13039433020945 274.55
    vertex 31.0000000000003 13.38070598731411 274.55
    vertex 31.65000000000597 14.75555029748181 274.55
  endloop
endfacet
facet normal 0 -0 1
  outer loop
    vertex 32.30000000001162 13.38070609829053 274.55
    vertex 32.30000000001166 16.1303945521613 274.55
    vertex 31.65000000000597 14.75555029748181 274.55
  endloop
endfacet
facet normal 0 -0 1
  outer loop
    vertex 32.30000000001157 10.63101764441976 274.55
    vertex 32.30000000001162 13.38070609829053 274.55
    vertex 31.65000000000595 12.00586184361079 274.55
  endloop
endfacet
facet normal 0 0 1
  outer loop
    vertex 31.0000000000003 13.38070598731411 274.55
    vertex 31.0000000000003 10.63101764441876 274.55
    vertex 31.65000000000595 12.00586184361079 274.55
  endloop
endfacet
facet normal 0.988546 0.15092 -0.000144912
  outer loop
    vertex 28.87823778121763 10.634546349034 278.2250000354888
    vertex 28.87823778121765 10.63219387924399 275.7749999645111
    vertex 28.55000110945004 12.78336657225956 276.9976684116986
  endloop
endfacet
facet normal 0.396206 0 -0.918162
  outer loop
    vertex 31.0000000000003 16.13039444118537 279.45
    vertex 31.0000000000003 13.38305851252393 279.45
    vertex 29.21747115883341 14.33443036998075 278.6808006813449
  endloop
endfacet
facet normal 0.391589 -0 0.92014
  outer loop
    vertex 31.0000000000003 13.38070598731411 274.55
    vertex 31.0000000000003 16.13039433020945 274.55
    vertex 29.23444904503806 14.36339739595035 275.3013741361227
  endloop
endfacet
facet normal 0.496118 -0.124374 -0.859301
  outer loop
    vertex 28.87823776072812 16.1303941082576 278.225
    vertex 31.0000000000003 16.13039444118537 279.45
    vertex 29.21747115883341 14.33443036998075 278.6808006813449
  endloop
endfacet
facet normal 0.368838 0 -0.929494
  outer loop
    vertex 31.0000000000003 13.38305851252393 279.45
    vertex 31.0000000000003 10.63572258386249 279.45
    vertex 29.32012035529876 12.45267891910686 278.7833968653439
  endloop
endfacet
facet normal 0.36791 -0 0.929861
  outer loop
    vertex 31.0000000000003 10.63101764441876 274.55
    vertex 31.0000000000003 13.38070598731411 274.55
    vertex 29.32368247469959 12.45411047835194 275.2132544796836
  endloop
endfacet
facet normal 0.495743 -0.130216 0.858652
  outer loop
    vertex 31.0000000000003 16.13039433020945 274.55
    vertex 28.87823776072812 16.1303941082576 275.775
    vertex 29.23444904503806 14.36339739595035 275.3013741361227
  endloop
endfacet
facet normal 0.494802 0.142999 -0.857159
  outer loop
    vertex 31.0000000000003 10.63572258386249 279.45
    vertex 28.87823778121763 10.634546349034 278.2250000354888
    vertex 29.32012035529876 12.45267891910686 278.7833968653439
  endloop
endfacet
facet normal 0.494903 0.143254 0.857059
  outer loop
    vertex 28.87823778121765 10.63219387924399 275.7749999645111
    vertex 31.0000000000003 10.63101764441876 274.55
    vertex 29.32368247469959 12.45411047835194 275.2132544796836
  endloop
endfacet
facet normal 0.907582 -0.0949678 -0.408993
  outer loop
    vertex 28.87823778121763 10.634546349034 278.2250000354888
    vertex 28.55000110945004 12.78336657225956 276.9976684116986
    vertex 29.32012035529876 12.45267891910686 278.7833968653439
  endloop
endfacet
facet normal 0.906796 -0.0950723 0.410709
  outer loop
    vertex 28.55000110945004 12.78336657225956 276.9976684116986
    vertex 28.87823778121765 10.63219387924399 275.7749999645111
    vertex 29.32368247469959 12.45411047835194 275.2132544796836
  endloop
endfacet
facet normal 0.974345 -0.225058 0
  outer loop
    vertex 28.87823776072812 16.1303941082576 275.775
    vertex 28.87823776072812 16.1303941082576 278.225
    vertex 28.54999999999999 14.70935259338425 277
  endloop
endfacet
facet normal 0.9275 -0.000452012 0.373822
  outer loop
    vertex 28.54999999999999 14.70935259338425 277
    vertex 28.55000110945004 12.78336657225956 276.9976684116986
    vertex 29.23444904503806 14.36339739595035 275.3013741361227
  endloop
endfacet
facet normal 0.929433 0.000447235 -0.368992
  outer loop
    vertex 28.55000110945004 12.78336657225956 276.9976684116986
    vertex 28.54999999999999 14.70935259338425 277
    vertex 29.21747115883341 14.33443036998075 278.6808006813449
  endloop
endfacet
facet normal 0.918852 0.0247678 0.393823
  outer loop
    vertex 28.55000110945004 12.78336657225956 276.9976684116986
    vertex 29.32368247469959 12.45411047835194 275.2132544796836
    vertex 29.23444904503806 14.36339739595035 275.3013741361227
  endloop
endfacet
facet normal 0.919797 0.0288386 -0.391334
  outer loop
    vertex 29.32012035529876 12.45267891910686 278.7833968653439
    vertex 28.55000110945004 12.78336657225956 276.9976684116986
    vertex 29.21747115883341 14.33443036998075 278.6808006813449
  endloop
endfacet
facet normal 0.379684 -0.0249364 0.92478
  outer loop
    vertex 29.32368247469959 12.45411047835194 275.2132544796836
    vertex 31.0000000000003 13.38070598731411 274.55
    vertex 29.23444904503806 14.36339739595035 275.3013741361227
  endloop
endfacet
facet normal 0.382735 -0.0294665 -0.923388
  outer loop
    vertex 31.0000000000003 13.38305851252393 279.45
    vertex 29.32012035529876 12.45267891910686 278.7833968653439
    vertex 29.21747115883341 14.33443036998075 278.6808006813449
  endloop
endfacet
facet normal 0.932379 0.0870739 -0.350839
  outer loop
    vertex 28.54999999999999 14.70935259338425 277
    vertex 28.87823776072812 16.1303941082576 278.225
    vertex 29.21747115883341 14.33443036998075 278.6808006813449
  endloop
endfacet
facet normal 0.929953 0.0920565 0.355969
  outer loop
    vertex 28.87823776072812 16.1303941082576 275.775
    vertex 28.54999999999999 14.70935259338425 277
    vertex 29.23444904503806 14.36339739595035 275.3013741361227
  endloop
endfacet
facet normal 8.44501e-14 0.000960191 1
  outer loop
    vertex 31.78070010799682 21.11119027379341 282.9356165520718
    vertex 29.76140021598192 21.11119027379341 282.935616552072
    vertex 31.94365538209626 19.1491165097586 282.9375005190604
  endloop
endfacet
facet normal -1.10912e-15 0.000960191 1
  outer loop
    vertex 29.77567145546164 10.63907909897804 282.9456717865464
    vertex 29.78182278619962 10.63907909897805 282.9456717865464
    vertex 30.78636708965161 11.94401982648112 282.9444187932606
  endloop
endfacet
facet normal 4.43302e-07 0.000960684 1
  outer loop
    vertex 29.76140021598192 21.11119027379341 282.935616552072
    vertex 29.764967311575 18.49316248035425 282.9381316499237
    vertex 31.94365538209626 19.1491165097586 282.9375005190604
  endloop
endfacet
facet normal 6.52752e-07 0.000959686 1
  outer loop
    vertex 29.77210298342679 13.25710689305244 282.9431593038431
    vertex 29.77567145546164 10.63907909897804 282.9456717865464
    vertex 30.78636708965161 11.94401982648112 282.9444187932606
  endloop
endfacet
facet normal -8.44485e-14 0.000960191 1
  outer loop
    vertex 33.80000000001173 21.1111902737934 282.935616552072
    vertex 31.78070010799682 21.11119027379341 282.9356165520718
    vertex 31.94365538209626 19.1491165097586 282.9375005190604
  endloop
endfacet
facet normal 6.83197e-15 0.000960191 1
  outer loop
    vertex 31.78925264665257 14.18058727314893 282.9422712597099
    vertex 30.78636708965161 11.94401982648112 282.9444187932606
    vertex 32.50820607464973 12.07943688313433 282.9442887669236
  endloop
endfacet
facet normal -1.2852e-13 0.000960191 1
  outer loop
    vertex 33.80000000001171 18.49316248009033 282.9381303606908
    vertex 33.80000000001173 21.1111902737934 282.935616552072
    vertex 31.94365538209626 19.1491165097586 282.9375005190604
  endloop
endfacet
facet normal -4.0273e-13 0.000960191 1
  outer loop
    vertex 33.80000000001157 10.63907909898113 282.9456717865469
    vertex 33.80000000001161 13.2571068926842 282.9431579779283
    vertex 32.50820607464973 12.07943688313433 282.9442887669236
  endloop
endfacet
facet normal -7.35202e-16 0.000960191 1
  outer loop
    vertex 29.78182278619962 10.63907909897805 282.9456717865464
    vertex 31.7909113931056 10.63907909897959 282.9456717865464
    vertex 30.78636708965161 11.94401982648112 282.9444187932606
  endloop
endfacet
facet normal -2.85843e-13 0.000960191 1
  outer loop
    vertex 33.80000000001161 13.2571068926842 282.9431579779283
    vertex 31.78925264665257 14.18058727314893 282.9422712597099
    vertex 32.50820607464973 12.07943688313433 282.9442887669236
  endloop
endfacet
facet normal 8.27116e-07 0.00095982 1
  outer loop
    vertex 31.78925264665257 14.18058727314893 282.9422712597099
    vertex 29.77210298342679 13.25710689305244 282.9431593038431
    vertex 30.78636708965161 11.94401982648112 282.9444187932606
  endloop
endfacet
facet normal -1.78705e-13 0.000960191 1
  outer loop
    vertex 33.80000000001166 15.87513468638726 282.9406441693095
    vertex 33.80000000001171 18.49316248009033 282.9381303606908
    vertex 31.80230783881479 17.10751493374273 282.9394608479957
  endloop
endfacet
facet normal -1.94884e-13 0.000960191 1
  outer loop
    vertex 33.80000000001166 15.87513468638726 282.9406441693095
    vertex 31.80230783881479 17.10751493374273 282.9394608479957
    vertex 31.78925264665257 14.18058727314893 282.9422712597099
  endloop
endfacet
facet normal -2.16986e-13 0.000960191 1
  outer loop
    vertex 33.80000000001161 13.2571068926842 282.9431579779283
    vertex 33.80000000001166 15.87513468638726 282.9406441693095
    vertex 31.78925264665257 14.18058727314893 282.9422712597099
  endloop
endfacet
facet normal 7.51493e-07 0.000960366 1
  outer loop
    vertex 29.764967311575 18.49316248035425 282.9381316499237
    vertex 29.76853491809393 15.87513468680922 282.9406459127414
    vertex 31.80230783881479 17.10751493374273 282.9394608479957
  endloop
endfacet
facet normal 8.59563e-07 0.000960187 1
  outer loop
    vertex 31.80230783881479 17.10751493374273 282.9394608479957
    vertex 29.76853491809393 15.87513468680922 282.9406459127414
    vertex 31.78925264665257 14.18058727314893 282.9422712597099
  endloop
endfacet
facet normal 7.29877e-07 0.000960033 1
  outer loop
    vertex 29.76853491809393 15.87513468680922 282.9406459127414
    vertex 29.77210298342679 13.25710689305244 282.9431593038431
    vertex 31.78925264665257 14.18058727314893 282.9422712597099
  endloop
endfacet
facet normal 6.04345e-07 0.000960149 1
  outer loop
    vertex 29.764967311575 18.49316248035425 282.9381316499237
    vertex 31.80230783881479 17.10751493374273 282.9394608479957
    vertex 31.94365538209626 19.1491165097586 282.9375005190604
  endloop
endfacet
facet normal -2.83667e-13 0.000960191 1
  outer loop
    vertex 31.7909113931056 10.63907909897959 282.9456717865464
    vertex 33.80000000001157 10.63907909898113 282.9456717865469
    vertex 32.50820607464973 12.07943688313433 282.9442887669236
  endloop
endfacet
facet normal -1.5054e-13 0.000960191 1
  outer loop
    vertex 31.80230783881479 17.10751493374273 282.9394608479957
    vertex 33.80000000001171 18.49316248009033 282.9381303606908
    vertex 31.94365538209626 19.1491165097586 282.9375005190604
  endloop
endfacet
facet normal 7.6354e-15 0.000960191 1
  outer loop
    vertex 30.78636708965161 11.94401982648112 282.9444187932606
    vertex 31.7909113931056 10.63907909897959 282.9456717865464
    vertex 32.50820607464973 12.07943688313433 282.9442887669236
  endloop
endfacet
facet normal -2.84382e-14 -0.000960191 -1
  outer loop
    vertex 33.80000000001172 21.1111902737934 251.0356018466839
    vertex 31.66230854736037 19.14068303889025 251.0374939114211
    vertex 31.801161022093 21.1111902737934 251.035601846684
  endloop
endfacet
facet normal 1.39824e-13 -0.000960191 -1
  outer loop
    vertex 33.80000000001171 18.48550495462774 251.0381230079951
    vertex 31.66230854736037 19.14068303889025 251.0374939114211
    vertex 33.80000000001172 21.1111902737934 251.0356018466839
  endloop
endfacet
facet normal 8.53163e-14 -0.000960191 -1
  outer loop
    vertex 31.801161022093 21.1111902737934 251.035601846684
    vertex 31.66230854736037 19.14068303889025 251.0374939114211
    vertex 29.80232204417428 21.1111902737934 251.0356018466838
  endloop
endfacet
facet normal -7.01055e-14 -0.000960191 -1
  outer loop
    vertex 31.7939791187085 10.60844899712921 251.0456864919284
    vertex 32.20463742414799 11.75124796966983 251.0445891858137
    vertex 33.80000000001157 10.60844899713074 251.0456864919283
  endloop
endfacet
facet normal 5.23649e-07 -0.000959697 -1
  outer loop
    vertex 29.80232204417428 21.1111902737934 251.0356018466838
    vertex 31.66230854736037 19.14068303889025 251.0374939114211
    vertex 29.79873036658465 18.48550495437195 251.0381217082934
  endloop
endfacet
facet normal -4.8696e-14 -0.000960191 -1
  outer loop
    vertex 33.80000000001157 10.60844899713074 251.0456864919283
    vertex 32.20463742414799 11.75124796966983 251.0445891858137
    vertex 33.80000000001161 13.23413431629641 251.0431653306172
  endloop
endfacet
facet normal 7.38027e-16 -0.000960191 -1
  outer loop
    vertex 29.78795823740543 10.60844899712766 251.0456864919284
    vertex 30.57528120438098 10.97484336949356 251.0453346830847
    vertex 30.28946345773119 10.60844899712805 251.0456864919284
  endloop
endfacet
facet normal 4.5484e-14 -0.000960191 -1
  outer loop
    vertex 33.80000000001161 13.23413431629641 251.0431653306172
    vertex 31.80168118332934 14.72756992990436 251.0417313461019
    vertex 33.80000000001166 15.85981963546207 251.0406441693061
  endloop
endfacet
facet normal 8.08703e-14 -0.000960191 -1
  outer loop
    vertex 31.80168118332934 14.72756992990436 251.0417313461019
    vertex 31.77630988390001 17.09315035854053 251.0394599353537
    vertex 33.80000000001166 15.85981963546207 251.0406441693061
  endloop
endfacet
facet normal 1.12337e-13 -0.000960191 -1
  outer loop
    vertex 33.80000000001166 15.85981963546207 251.0406441693061
    vertex 31.77630988390001 17.09315035854053 251.0394599353537
    vertex 33.80000000001171 18.48550495462774 251.0381230079951
  endloop
endfacet
facet normal 7.84057e-07 -0.000960353 -1
  outer loop
    vertex 29.79513920610234 15.85981963505249 251.040642413056
    vertex 31.80168118332934 14.72756992990436 251.0417313461019
    vertex 29.79154851296379 13.23413431593705 251.0431639959438
  endloop
endfacet
facet normal 8.80591e-07 -0.000960182 -1
  outer loop
    vertex 29.79513920610234 15.85981963505249 251.040642413056
    vertex 31.77630988390001 17.09315035854053 251.0394599353537
    vertex 31.80168118332934 14.72756992990436 251.0417313461019
  endloop
endfacet
facet normal 7.7889e-07 -0.000960018 -1
  outer loop
    vertex 29.79873036658465 18.48550495437195 251.0381217082934
    vertex 31.77630988390001 17.09315035854053 251.0394599353537
    vertex 29.79513920610234 15.85981963505249 251.040642413056
  endloop
endfacet
facet normal -1.56915e-15 -0.000960191 -1
  outer loop
    vertex 31.25034320631673 11.14638446664655 251.045169970743
    vertex 30.75767244239458 11.9024853894371 251.044443968895
    vertex 32.20463742414799 11.75124796966983 251.0445891858137
  endloop
endfacet
facet normal 7.36326e-16 -0.000960191 -1
  outer loop
    vertex 30.79096867805696 10.60844899712844 251.0456864919284
    vertex 31.25034320631673 11.14638446664655 251.045169970743
    vertex 31.7939791187085 10.60844899712921 251.0456864919284
  endloop
endfacet
facet normal -1.28691e-14 -0.000960191 -1
  outer loop
    vertex 32.20463742414799 11.75124796966983 251.0445891858137
    vertex 31.82582977744496 13.00758565137897 251.0433828607702
    vertex 33.80000000001161 13.23413431629641 251.0431653306172
  endloop
endfacet
facet normal 1.35943e-13 -0.000960191 -1
  outer loop
    vertex 31.77630988390001 17.09315035854053 251.0394599353537
    vertex 31.66230854736037 19.14068303889025 251.0374939114211
    vertex 33.80000000001171 18.48550495462774 251.0381230079951
  endloop
endfacet
facet normal 6.84033e-07 -0.000960153 -1
  outer loop
    vertex 29.79873036658465 18.48550495437195 251.0381217082934
    vertex 31.66230854736037 19.14068303889025 251.0374939114211
    vertex 31.77630988390001 17.09315035854053 251.0394599353537
  endloop
endfacet
facet normal 6.57118e-07 -0.000960182 -1
  outer loop
    vertex 31.80168118332934 14.72756992990436 251.0417313461019
    vertex 31.82582977744496 13.00758565137897 251.0433828607702
    vertex 29.79154851296379 13.23413431593705 251.0431639959438
  endloop
endfacet
facet normal -1.00124e-14 -0.000960191 -1
  outer loop
    vertex 33.80000000001161 13.23413431629641 251.0431653306172
    vertex 31.82582977744496 13.00758565137897 251.0433828607702
    vertex 31.80168118332934 14.72756992990436 251.0417313461019
  endloop
endfacet
facet normal -9.53946e-16 -0.000960191 -1
  outer loop
    vertex 30.75767244239458 11.9024853894371 251.044443968895
    vertex 31.82582977744496 13.00758565137897 251.0433828607702
    vertex 32.20463742414799 11.75124796966983 251.0445891858137
  endloop
endfacet
facet normal 5.92331e-07 -0.000960764 -1
  outer loop
    vertex 29.79154851296379 13.23413431593705 251.0431639959438
    vertex 31.82582977744496 13.00758565137897 251.0433828607702
    vertex 30.75767244239458 11.9024853894371 251.044443968895
  endloop
endfacet
facet normal 7.38027e-16 -0.000960191 -1
  outer loop
    vertex 30.28946345773119 10.60844899712805 251.0456864919284
    vertex 30.57528120438098 10.97484336949356 251.0453346830847
    vertex 30.79096867805696 10.60844899712844 251.0456864919284
  endloop
endfacet
facet normal -3.96003e-14 -0.000960191 -1
  outer loop
    vertex 30.79096867805696 10.60844899712844 251.0456864919284
    vertex 30.57528120438098 10.97484336949356 251.0453346830847
    vertex 31.25034320631673 11.14638446664655 251.045169970743
  endloop
endfacet
facet normal 9.65759e-15 -0.000960191 -1
  outer loop
    vertex 31.25034320631673 11.14638446664655 251.045169970743
    vertex 32.20463742414799 11.75124796966983 251.0445891858137
    vertex 31.7939791187085 10.60844899712921 251.0456864919284
  endloop
endfacet
facet normal -3.25152e-14 -0.000960191 -1
  outer loop
    vertex 31.25034320631673 11.14638446664655 251.045169970743
    vertex 30.57528120438098 10.97484336949356 251.0453346830847
    vertex 30.75767244239458 11.9024853894371 251.044443968895
  endloop
endfacet
facet normal 6.79561e-07 -0.000960701 -1
  outer loop
    vertex 29.79154851296379 13.23413431593705 251.0431639959438
    vertex 30.75767244239458 11.9024853894371 251.044443968895
    vertex 29.78795823740543 10.60844899712766 251.0456864919284
  endloop
endfacet
facet normal 3.05328e-14 -0.000960191 -1
  outer loop
    vertex 30.75767244239458 11.9024853894371 251.044443968895
    vertex 30.57528120438098 10.97484336949356 251.0453346830847
    vertex 29.78795823740543 10.60844899712766 251.0456864919284
  endloop
endfacet
facet normal 1 -1.16117e-14 0
  outer loop
    vertex 33.80000000001167 16.1303945521613 275.1833333333333
    vertex 33.80000000001167 16.1303945521613 273.05
    vertex 33.80000000001169 17.96615135085213 275.525
  endloop
endfacet
facet normal 1 -1.13181e-14 1.83953e-16
  outer loop
    vertex 33.80000000001169 17.99217534557365 260.8030028178295
    vertex 33.80000000001167 16.11119027379255 260.95
    vertex 33.80000000001169 17.95433842194108 258.475
  endloop
endfacet
facet normal 1 -1.14838e-14 -9.49063e-17
  outer loop
    vertex 33.80000000001167 16.1303945521613 273.05
    vertex 33.80000000001169 17.98679616579915 273.0269552742457
    vertex 33.80000000001169 17.96615135085213 275.525
  endloop
endfacet
facet normal 1 -2.30098e-15 -2.37989e-15
  outer loop
    vertex 33.80000000001172 21.1111902737934 279.95
    vertex 33.80000000001173 21.1111902737934 282.935616552072
    vertex 33.80000000001172 19.64547626568228 281.3671187927019
  endloop
endfacet
facet normal 1 -1.71882e-14 6.03453e-16
  outer loop
    vertex 33.80000000001166 15.77953763716747 269.2069813936401
    vertex 33.80000000001164 14.60625559576043 271.1121020589303
    vertex 33.80000000001161 12.88985671160899 269.3221756481656
  endloop
endfacet
facet normal 1 -2.50887e-14 -2.07343e-16
  outer loop
    vertex 33.80000000001169 17.98679616579915 273.0269552742457
    vertex 33.80000000001172 19.1111902737935 274.05
    vertex 33.80000000001169 17.96615135085213 275.525
  endloop
endfacet
facet normal 1 3.80084e-12 -6.17749e-14
  outer loop
    vertex 33.80000000000739 19.1111902737935 259.95
    vertex 33.80000000001169 17.99217534557365 260.8030028178295
    vertex 33.80000000001169 17.95433842194108 258.475
  endloop
endfacet
facet normal 1 -1.85795e-14 1.19912e-15
  outer loop
    vertex 33.80000000001169 17.98679616579915 273.0269552742457
    vertex 33.80000000001168 17.09237957852249 271.0196624313929
    vertex 33.80000000001172 19.46602618858454 272.2444527320641
  endloop
endfacet
facet normal 1 -1.85453e-14 -1.29032e-15
  outer loop
    vertex 33.80000000001168 17.07331117881195 262.9960823910878
    vertex 33.80000000001169 17.99217534557365 260.8030028178295
    vertex 33.80000000001172 19.45914548018207 261.7456343530438
  endloop
endfacet
facet normal 1 -1.7287e-14 -1.87477e-15
  outer loop
    vertex 33.80000000001166 15.77953763716747 269.2069813936401
    vertex 33.80000000001161 12.88985671160899 269.3221756481656
    vertex 33.80000000001164 14.76459520773766 267.1955605887978
  endloop
endfacet
facet normal 1 -1.21904e-14 1.17052e-17
  outer loop
    vertex 33.80000000001157 10.61013140354373 252.7978432459641
    vertex 33.80000000001157 10.60844899713074 251.0456864919283
    vertex 33.80000000001159 12.35875420863343 252.8151443249158
  endloop
endfacet
facet normal 1 -1.22459e-14 1.17584e-17
  outer loop
    vertex 33.80000000001157 10.63907909898113 282.9456717865469
    vertex 33.80000000001157 10.63740084142288 281.1978358932735
    vertex 33.80000000001159 12.37807890378716 281.1815739188665
  endloop
endfacet
facet normal 1 -1.58283e-14 -9.55438e-16
  outer loop
    vertex 33.80000000001171 18.91009629322773 269.4024066065738
    vertex 33.80000000001166 15.77953763716747 269.2069813936401
    vertex 33.80000000001168 17.25317969964716 267.1043874138928
  endloop
endfacet
facet normal 1 6.90958e-13 3.29122e-12
  outer loop
    vertex 33.80000000000739 19.1111902737935 254.0499999999998
    vertex 33.80000000001169 17.46151407282323 253.0901951172964
    vertex 33.80000000001172 19.6432814852026 252.6213602598084
  endloop
endfacet
facet normal 1 -1.64295e-14 5.038e-16
  outer loop
    vertex 33.80000000001166 15.89534064761838 265.1347995258804
    vertex 33.80000000001171 18.90601720308728 264.5905282020543
    vertex 33.80000000001168 17.25317969964716 267.1043874138928
  endloop
endfacet
facet normal 1 -1.77273e-14 6.68361e-15
  outer loop
    vertex 33.80000000001169 17.46922001071843 280.910468084079
    vertex 33.80000000001172 19.1111902737935 279.95
    vertex 33.80000000001172 19.64547626568228 281.3671187927019
  endloop
endfacet
facet normal 1 -1.71074e-14 -1.65386e-15
  outer loop
    vertex 33.80000000001168 17.09237957852249 271.0196624313929
    vertex 33.80000000001171 18.91009629322773 269.4024066065738
    vertex 33.80000000001172 19.46602618858454 272.2444527320641
  endloop
endfacet
facet normal 1 -1.69814e-14 1.69354e-15
  outer loop
    vertex 33.80000000001171 18.90601720308728 264.5905282020543
    vertex 33.80000000001168 17.07331117881195 262.9960823910878
    vertex 33.80000000001172 19.45914548018207 261.7456343530438
  endloop
endfacet
facet normal 1 -1.19898e-14 -2.02647e-14
  outer loop
    vertex 33.80000000001161 10.61181380995672 254.55
    vertex 33.80000000001157 10.61013140354373 252.7978432459641
    vertex 33.80000000001159 12.35875420863343 252.8151443249158
  endloop
endfacet
facet normal 1 -1.29295e-14 -7.31625e-14
  outer loop
    vertex 33.80000000001157 10.63740084142288 281.1978358932735
    vertex 33.80000000001144 10.63572258386463 279.45
    vertex 33.80000000001159 12.37807890378716 281.1815739188665
  endloop
endfacet
facet normal 1 -3.12006e-14 3.70562e-16
  outer loop
    vertex 33.80000000001164 16.11119027379255 256.6833333333333
    vertex 33.80000000001169 17.69255598179044 255.6081581488844
    vertex 33.80000000001169 17.95433842194108 258.475
  endloop
endfacet
facet normal 1 -1.0099e-14 1.54993e-15
  outer loop
    vertex 33.80000000001169 17.70257139430193 278.3919208036602
    vertex 33.80000000001167 16.1303945521613 277.3166666666667
    vertex 33.80000000001169 17.96615135085213 275.525
  endloop
endfacet
facet normal 1 2.75279e-12 -2.52589e-13
  outer loop
    vertex 33.80000000001169 17.46151407282323 253.0901951172964
    vertex 33.80000000000739 19.1111902737935 254.0499999999998
    vertex 33.80000000001169 17.69255598179044 255.6081581488844
  endloop
endfacet
facet normal 1 -2.28768e-14 -2.1196e-15
  outer loop
    vertex 33.80000000001172 19.1111902737935 279.95
    vertex 33.80000000001169 17.46922001071843 280.910468084079
    vertex 33.80000000001169 17.70257139430193 278.3919208036602
  endloop
endfacet
facet normal 1 -2.06673e-14 -2.07821e-15
  outer loop
    vertex 33.80000000001167 16.1303945521613 273.05
    vertex 33.80000000001161 13.3799859544987 273.05
    vertex 33.80000000001164 14.60625559576043 271.1121020589303
  endloop
endfacet
facet normal 1 -2.06958e-14 1.23199e-15
  outer loop
    vertex 33.80000000001161 13.36457465538891 260.95
    vertex 33.80000000001167 16.11119027379255 260.95
    vertex 33.80000000001164 14.53285230931215 263.2732117627132
  endloop
endfacet
facet normal 1 -1.7035e-14 -8.53805e-17
  outer loop
    vertex 33.80000000001171 19.33925716114368 266.997763917598
    vertex 33.80000000001171 18.91009629322773 269.4024066065738
    vertex 33.80000000001168 17.25317969964716 267.1043874138928
  endloop
endfacet
facet normal 1 -1.70249e-14 1.12336e-16
  outer loop
    vertex 33.80000000001171 18.90601720308728 264.5905282020543
    vertex 33.80000000001171 19.33925716114368 266.997763917598
    vertex 33.80000000001168 17.25317969964716 267.1043874138928
  endloop
endfacet
facet normal 1 -2.48216e-14 0
  outer loop
    vertex 33.80000000001172 19.1111902737935 274.05
    vertex 33.80000000001172 19.1111902737935 277
    vertex 33.80000000001169 17.96615135085213 275.525
  endloop
endfacet
facet normal 1 -1.62329e-14 4.01039e-15
  outer loop
    vertex 33.80000000001157 10.60844899713074 251.0456864919283
    vertex 33.80000000001161 13.23413431629641 251.0431653306172
    vertex 33.80000000001159 12.35875420863343 252.8151443249158
  endloop
endfacet
facet normal 1 3.72207e-12 -0
  outer loop
    vertex 33.80000000000739 19.1111902737935 256.9999999999999
    vertex 33.80000000000739 19.1111902737935 259.95
    vertex 33.80000000001169 17.95433842194108 258.475
  endloop
endfacet
facet normal 1 -1.6288e-14 -3.97292e-15
  outer loop
    vertex 33.80000000001161 13.2571068926842 282.9431579779283
    vertex 33.80000000001157 10.63907909898113 282.9456717865469
    vertex 33.80000000001159 12.37807890378716 281.1815739188665
  endloop
endfacet
facet normal 1 1.55178e-14 -1.01787e-13
  outer loop
    vertex 33.80000000001144 10.63572258386463 279.45
    vertex 33.8000000000114 13.38305856801297 279.45
    vertex 33.80000000001159 12.37807890378716 281.1815739188665
  endloop
endfacet
facet normal 1 0 -8.19138e-15
  outer loop
    vertex 33.80000000001161 13.36150204187464 254.55
    vertex 33.80000000001161 10.61181380995672 254.55
    vertex 33.80000000001159 12.35875420863343 252.8151443249158
  endloop
endfacet
facet normal 1 -5.26586e-14 4.83182e-15
  outer loop
    vertex 33.80000000001161 16.11119027379255 254.55
    vertex 33.80000000001169 17.46151407282323 253.0901951172964
    vertex 33.80000000001169 17.69255598179044 255.6081581488844
  endloop
endfacet
facet normal 1 -1.30141e-13 -1.2058e-14
  outer loop
    vertex 33.80000000001169 17.46922001071843 280.910468084079
    vertex 33.80000000001149 16.1303945521613 279.45
    vertex 33.80000000001169 17.70257139430193 278.3919208036602
  endloop
endfacet
facet normal 1 -1.58714e-14 -2.6462e-16
  outer loop
    vertex 33.80000000001168 17.09237957852249 271.0196624313929
    vertex 33.80000000001166 15.77953763716747 269.2069813936401
    vertex 33.80000000001171 18.91009629322773 269.4024066065738
  endloop
endfacet
facet normal 1 -1.63463e-14 9.63554e-16
  outer loop
    vertex 33.80000000001166 15.89534064761838 265.1347995258804
    vertex 33.80000000001168 17.07331117881195 262.9960823910878
    vertex 33.80000000001171 18.90601720308728 264.5905282020543
  endloop
endfacet
facet normal 1 -1.57392e-14 2.53379e-15
  outer loop
    vertex 33.80000000001169 17.46151407282323 253.0901951172964
    vertex 33.80000000001171 18.48550495462774 251.0381230079951
    vertex 33.80000000001172 19.6432814852026 252.6213602598084
  endloop
endfacet
facet normal 1 -1.57924e-14 -2.5378e-15
  outer loop
    vertex 33.80000000001171 18.49316248009033 282.9381303606908
    vertex 33.80000000001169 17.46922001071843 280.910468084079
    vertex 33.80000000001172 19.64547626568228 281.3671187927019
  endloop
endfacet
facet normal 1 -2.52213e-14 0
  outer loop
    vertex 33.80000000001172 19.1111902737935 277
    vertex 33.80000000001172 19.1111902737935 279.95
    vertex 33.80000000001169 17.70257139430193 278.3919208036602
  endloop
endfacet
facet normal 1 3.03023e-12 -0
  outer loop
    vertex 33.80000000000739 19.1111902737935 254.0499999999998
    vertex 33.80000000000739 19.1111902737935 256.9999999999999
    vertex 33.80000000001169 17.69255598179044 255.6081581488844
  endloop
endfacet
facet normal 1 -1.73233e-14 -4.70823e-15
  outer loop
    vertex 33.80000000001167 16.1303945521613 273.05
    vertex 33.80000000001164 14.60625559576043 271.1121020589303
    vertex 33.80000000001168 17.09237957852249 271.0196624313929
  endloop
endfacet
facet normal 1 -1.6323e-14 4.20279e-15
  outer loop
    vertex 33.80000000001164 14.53285230931215 263.2732117627132
    vertex 33.80000000001167 16.11119027379255 260.95
    vertex 33.80000000001168 17.07331117881195 262.9960823910878
  endloop
endfacet
facet normal 1 -1.81678e-14 -1.44643e-15
  outer loop
    vertex 33.80000000001171 18.91009629322773 269.4024066065738
    vertex 33.80000000001175 21.1111902737934 271.23
    vertex 33.80000000001172 19.46602618858454 272.2444527320641
  endloop
endfacet
facet normal 1 -1.61935e-14 -9.10734e-16
  outer loop
    vertex 33.80000000001161 12.88985671160899 269.3221756481656
    vertex 33.8000000000116 12.59216022114026 266.8135485263946
    vertex 33.80000000001164 14.76459520773766 267.1955605887978
  endloop
endfacet
facet normal 1 -1.81171e-14 1.47273e-15
  outer loop
    vertex 33.80000000001175 21.1111902737934 262.77
    vertex 33.80000000001171 18.90601720308728 264.5905282020543
    vertex 33.80000000001172 19.45914548018207 261.7456343530438
  endloop
endfacet
facet normal 1 -2.11275e-14 -9.99201e-15
  outer loop
    vertex 33.80000000001166 16.11119027379255 258.8166666666667
    vertex 33.80000000001164 16.11119027379255 256.6833333333333
    vertex 33.80000000001169 17.95433842194108 258.475
  endloop
endfacet
facet normal 1 -1.16117e-14 0
  outer loop
    vertex 33.80000000001167 16.1303945521613 277.3166666666667
    vertex 33.80000000001167 16.1303945521613 275.1833333333333
    vertex 33.80000000001169 17.96615135085213 275.525
  endloop
endfacet
facet normal 1 -2.00499e-14 0
  outer loop
    vertex 33.80000000001175 21.1111902737934 265.59
    vertex 33.80000000001175 21.1111902737934 268.41
    vertex 33.80000000001171 19.33925716114368 266.997763917598
  endloop
endfacet
facet normal 1 -1.10612e-14 1.00786e-14
  outer loop
    vertex 33.80000000001175 21.1111902737934 271.23
    vertex 33.80000000001172 21.1111902737934 274.05
    vertex 33.80000000001172 19.46602618858454 272.2444527320641
  endloop
endfacet
facet normal 1 9.4207e-13 -1.54707e-12
  outer loop
    vertex 33.80000000000739 21.1111902737934 259.95
    vertex 33.80000000001175 21.1111902737934 262.77
    vertex 33.80000000001172 19.45914548018207 261.7456343530438
  endloop
endfacet
facet normal 1 -2.50478e-14 1.75567e-16
  outer loop
    vertex 33.80000000001172 19.1111902737935 277
    vertex 33.80000000001169 17.70257139430193 278.3919208036602
    vertex 33.80000000001169 17.96615135085213 275.525
  endloop
endfacet
facet normal 1 -1.56932e-14 1.50685e-17
  outer loop
    vertex 33.80000000001157 10.62725369286593 270.63
    vertex 33.80000000001157 10.62493002889576 268.21
    vertex 33.80000000001161 12.88985671160899 269.3221756481656
  endloop
endfacet
facet normal 1 -1.51644e-14 1.45607e-17
  outer loop
    vertex 33.80000000001157 10.62260636492559 265.79
    vertex 33.80000000001157 10.62028270095543 263.37
    vertex 33.8000000000116 12.4956871623209 264.5821655921565
  endloop
endfacet
facet normal 1 3.33109e-12 -3.06653e-13
  outer loop
    vertex 33.80000000001169 17.69255598179044 255.6081581488844
    vertex 33.80000000000739 19.1111902737935 256.9999999999999
    vertex 33.80000000001169 17.95433842194108 258.475
  endloop
endfacet
facet normal 1 -1.51795e-14 -1.03106e-15
  outer loop
    vertex 33.80000000001157 10.62493002889576 268.21
    vertex 33.8000000000116 12.59216022114026 266.8135485263946
    vertex 33.80000000001161 12.88985671160899 269.3221756481656
  endloop
endfacet
facet normal 1 -1.47622e-14 6.38239e-16
  outer loop
    vertex 33.8000000000116 12.59216022114026 266.8135485263946
    vertex 33.80000000001157 10.62260636492559 265.79
    vertex 33.8000000000116 12.4956871623209 264.5821655921565
  endloop
endfacet
facet normal 1 -1.44377e-14 1.3863e-17
  outer loop
    vertex 33.80000000001157 10.62493002889576 268.21
    vertex 33.80000000001157 10.62260636492559 265.79
    vertex 33.8000000000116 12.59216022114026 266.8135485263946
  endloop
endfacet
facet normal 1 -1.7496e-14 -8.79489e-17
  outer loop
    vertex 33.8000000000116 12.4956871623209 264.5821655921565
    vertex 33.80000000001164 14.53285230931215 263.2732117627132
    vertex 33.80000000001163 14.11557325801014 265.4937088688824
  endloop
endfacet
facet normal 1 -1.9333e-14 0
  outer loop
    vertex 33.80000000001175 21.1111902737934 262.77
    vertex 33.80000000001175 21.1111902737934 265.59
    vertex 33.80000000001171 18.90601720308728 264.5905282020543
  endloop
endfacet
facet normal 1 -1.93688e-14 0
  outer loop
    vertex 33.80000000001175 21.1111902737934 268.41
    vertex 33.80000000001175 21.1111902737934 271.23
    vertex 33.80000000001171 18.91009629322773 269.4024066065738
  endloop
endfacet
facet normal 1 -1.71243e-14 6.42817e-16
  outer loop
    vertex 33.80000000001168 17.09237957852249 271.0196624313929
    vertex 33.80000000001164 14.60625559576043 271.1121020589303
    vertex 33.80000000001166 15.77953763716747 269.2069813936401
  endloop
endfacet
facet normal 1 -1.66974e-14 7.70184e-16
  outer loop
    vertex 33.80000000001164 14.53285230931215 263.2732117627132
    vertex 33.80000000001168 17.07331117881195 262.9960823910878
    vertex 33.80000000001166 15.89534064761838 265.1347995258804
  endloop
endfacet
facet normal 1 0 1.67163e-14
  outer loop
    vertex 33.80000000001161 16.11119027379255 254.55
    vertex 33.80000000001161 13.36150204187464 254.55
    vertex 33.80000000001164 14.75914292701239 252.8497657139394
  endloop
endfacet
facet normal 1 -3.36219e-14 -1.09429e-13
  outer loop
    vertex 33.8000000000114 13.38305856801297 279.45
    vertex 33.80000000001149 16.1303945521613 279.45
    vertex 33.80000000001164 14.73719335102978 281.176693782517
  endloop
endfacet
facet normal 1 -1.59276e-14 2.06781e-16
  outer loop
    vertex 33.80000000001164 14.53285230931215 263.2732117627132
    vertex 33.80000000001166 15.89534064761838 265.1347995258804
    vertex 33.80000000001163 14.11557325801014 265.4937088688824
  endloop
endfacet
facet normal 1 -1.64074e-14 -1.45317e-16
  outer loop
    vertex 33.80000000001161 12.88985671160899 269.3221756481656
    vertex 33.80000000001164 14.60625559576043 271.1121020589303
    vertex 33.8000000000116 12.43887882018382 271.3448960818861
  endloop
endfacet
facet normal 1 -1.55004e-14 2.20941e-16
  outer loop
    vertex 33.80000000001161 13.3799859544987 273.05
    vertex 33.80000000001157 10.62957735683609 273.05
    vertex 33.8000000000116 12.43887882018382 271.3448960818861
  endloop
endfacet
facet normal 1 -1.55219e-14 3.10427e-15
  outer loop
    vertex 33.80000000001157 10.61795903698526 260.95
    vertex 33.80000000001161 13.36457465538891 260.95
    vertex 33.80000000001159 12.32627117299253 262.6250754709739
  endloop
endfacet
facet normal 1 -1.87305e-14 -2.0092e-15
  outer loop
    vertex 33.80000000001164 14.53285230931215 263.2732117627132
    vertex 33.8000000000116 12.4956871623209 264.5821655921565
    vertex 33.80000000001159 12.32627117299253 262.6250754709739
  endloop
endfacet
facet normal 1 -2.14071e-14 3.37396e-14
  outer loop
    vertex 33.80000000001169 17.46151407282323 253.0901951172964
    vertex 33.80000000001161 16.11119027379255 254.55
    vertex 33.80000000001164 14.75914292701239 252.8497657139394
  endloop
endfacet
facet normal 1 -1.95934e-14 5.74611e-16
  outer loop
    vertex 33.80000000001175 21.1111902737934 265.59
    vertex 33.80000000001171 19.33925716114368 266.997763917598
    vertex 33.80000000001171 18.90601720308728 264.5905282020543
  endloop
endfacet
facet normal 1 -1.96149e-14 -5.45828e-16
  outer loop
    vertex 33.80000000001171 19.33925716114368 266.997763917598
    vertex 33.80000000001175 21.1111902737934 268.41
    vertex 33.80000000001171 18.91009629322773 269.4024066065738
  endloop
endfacet
facet normal 1 -2.84634e-14 -1.05267e-13
  outer loop
    vertex 33.80000000001164 14.73719335102978 281.176693782517
    vertex 33.80000000001149 16.1303945521613 279.45
    vertex 33.80000000001169 17.46922001071843 280.910468084079
  endloop
endfacet
facet normal 1 0 -2.4138e-12
  outer loop
    vertex 33.80000000000739 19.1111902737935 259.95
    vertex 33.80000000000739 21.1111902737934 259.95
    vertex 33.80000000001172 19.45914548018207 261.7456343530438
  endloop
endfacet
facet normal 1 -1.24897e-14 1.19925e-17
  outer loop
    vertex 33.80000000001157 10.62028270095543 263.37
    vertex 33.80000000001157 10.61795903698526 260.95
    vertex 33.80000000001159 12.32627117299253 262.6250754709739
  endloop
endfacet
facet normal 1 -1.56945e-14 1.50697e-17
  outer loop
    vertex 33.80000000001157 10.62957735683609 273.05
    vertex 33.80000000001157 10.62725369286593 270.63
    vertex 33.8000000000116 12.43887882018382 271.3448960818861
  endloop
endfacet
facet normal 1 0 0
  outer loop
    vertex 33.80000000001172 21.1111902737934 274.05
    vertex 33.80000000001172 19.1111902737935 274.05
    vertex 33.80000000001172 19.46602618858454 272.2444527320641
  endloop
endfacet
facet normal 1 -1.8942e-14 9.35584e-16
  outer loop
    vertex 33.80000000001166 15.85981963546207 251.0406441693061
    vertex 33.80000000001171 18.48550495462774 251.0381230079951
    vertex 33.80000000001169 17.46151407282323 253.0901951172964
  endloop
endfacet
facet normal 1 -1.89991e-14 -9.1842e-16
  outer loop
    vertex 33.80000000001171 18.49316248009033 282.9381303606908
    vertex 33.80000000001166 15.87513468638726 282.9406441693095
    vertex 33.80000000001169 17.46922001071843 280.910468084079
  endloop
endfacet
facet normal 1 -4.05107e-14 -1.33227e-14
  outer loop
    vertex 33.80000000001164 16.11119027379255 256.6833333333333
    vertex 33.80000000001161 16.11119027379255 254.55
    vertex 33.80000000001169 17.69255598179044 255.6081581488844
  endloop
endfacet
facet normal 1 -1.62349e-14 1.90529e-15
  outer loop
    vertex 33.80000000001161 13.23413431629641 251.0431653306172
    vertex 33.80000000001166 15.85981963546207 251.0406441693061
    vertex 33.80000000001164 14.75914292701239 252.8497657139394
  endloop
endfacet
facet normal 1 -1.62857e-14 -1.57831e-15
  outer loop
    vertex 33.80000000001166 15.87513468638726 282.9406441693095
    vertex 33.80000000001161 13.2571068926842 282.9431579779283
    vertex 33.80000000001164 14.73719335102978 281.176693782517
  endloop
endfacet
facet normal 1 -6.59873e-14 8.32667e-14
  outer loop
    vertex 33.80000000001149 16.1303945521613 279.45
    vertex 33.80000000001167 16.1303945521613 277.3166666666667
    vertex 33.80000000001169 17.70257139430193 278.3919208036602
  endloop
endfacet
facet normal 1 -5.41706e-15 -5.01448e-15
  outer loop
    vertex 33.80000000001171 18.48550495462774 251.0381230079951
    vertex 33.80000000001172 21.1111902737934 251.0356018466839
    vertex 33.80000000001172 19.6432814852026 252.6213602598084
  endloop
endfacet
facet normal 1 -8.13916e-15 3.07572e-15
  outer loop
    vertex 33.80000000001173 21.1111902737934 282.935616552072
    vertex 33.80000000001171 18.49316248009033 282.9381303606908
    vertex 33.80000000001172 19.64547626568228 281.3671187927019
  endloop
endfacet
facet normal 1 -1.63195e-14 6.72995e-16
  outer loop
    vertex 33.80000000001164 14.60625559576043 271.1121020589303
    vertex 33.80000000001161 13.3799859544987 273.05
    vertex 33.8000000000116 12.43887882018382 271.3448960818861
  endloop
endfacet
facet normal 1 -1.95069e-14 6.3412e-16
  outer loop
    vertex 33.80000000001161 13.36457465538891 260.95
    vertex 33.80000000001164 14.53285230931215 263.2732117627132
    vertex 33.80000000001159 12.32627117299253 262.6250754709739
  endloop
endfacet
facet normal 1 -1.11926e-14 1.79035e-15
  outer loop
    vertex 33.80000000001168 17.07331117881195 262.9960823910878
    vertex 33.80000000001167 16.11119027379255 260.95
    vertex 33.80000000001169 17.99217534557365 260.8030028178295
  endloop
endfacet
facet normal 1 -1.15068e-14 -1.95236e-15
  outer loop
    vertex 33.80000000001167 16.1303945521613 273.05
    vertex 33.80000000001168 17.09237957852249 271.0196624313929
    vertex 33.80000000001169 17.98679616579915 273.0269552742457
  endloop
endfacet
facet normal 1 -2.18137e-12 2.22143e-12
  outer loop
    vertex 33.80000000001175 21.1111902737934 254.0499999999998
    vertex 33.80000000000739 19.1111902737935 254.0499999999998
    vertex 33.80000000001172 19.6432814852026 252.6213602598084
  endloop
endfacet
facet normal 1 0 0
  outer loop
    vertex 33.80000000001172 19.1111902737935 279.95
    vertex 33.80000000001172 21.1111902737934 279.95
    vertex 33.80000000001172 19.64547626568228 281.3671187927019
  endloop
endfacet
facet normal 1 -1.84547e-14 5.54774e-16
  outer loop
    vertex 33.80000000001166 15.85981963546207 251.0406441693061
    vertex 33.80000000001169 17.46151407282323 253.0901951172964
    vertex 33.80000000001164 14.75914292701239 252.8497657139394
  endloop
endfacet
facet normal 1 -1.82367e-14 -3.19738e-16
  outer loop
    vertex 33.80000000001166 15.87513468638726 282.9406441693095
    vertex 33.80000000001164 14.73719335102978 281.176693782517
    vertex 33.80000000001169 17.46922001071843 280.910468084079
  endloop
endfacet
facet normal 1 -1.7096e-14 9.63287e-16
  outer loop
    vertex 33.80000000001166 15.89534064761838 265.1347995258804
    vertex 33.80000000001168 17.25317969964716 267.1043874138928
    vertex 33.80000000001164 14.76459520773766 267.1955605887978
  endloop
endfacet
facet normal 1 -1.56939e-14 1.37474e-17
  outer loop
    vertex 33.80000000001157 10.62725369286593 270.63
    vertex 33.80000000001161 12.88985671160899 269.3221756481656
    vertex 33.8000000000116 12.43887882018382 271.3448960818861
  endloop
endfacet
facet normal 1 -1.35675e-14 -2.45614e-15
  outer loop
    vertex 33.8000000000116 12.4956871623209 264.5821655921565
    vertex 33.80000000001157 10.62028270095543 263.37
    vertex 33.80000000001159 12.32627117299253 262.6250754709739
  endloop
endfacet
facet normal 1 -1.7983e-14 7.77489e-16
  outer loop
    vertex 33.8000000000116 12.59216022114026 266.8135485263946
    vertex 33.8000000000116 12.4956871623209 264.5821655921565
    vertex 33.80000000001163 14.11557325801014 265.4937088688824
  endloop
endfacet
facet normal 1 -1.56107e-14 1.77823e-15
  outer loop
    vertex 33.80000000001166 15.89534064761838 265.1347995258804
    vertex 33.80000000001164 14.76459520773766 267.1955605887978
    vertex 33.80000000001163 14.11557325801014 265.4937088688824
  endloop
endfacet
facet normal 1 -1.80778e-14 -3.07984e-15
  outer loop
    vertex 33.80000000001164 14.73719335102978 281.176693782517
    vertex 33.80000000001161 13.2571068926842 282.9431579779283
    vertex 33.80000000001159 12.37807890378716 281.1815739188665
  endloop
endfacet
facet normal 1 -1.78073e-14 3.23261e-15
  outer loop
    vertex 33.80000000001161 13.23413431629641 251.0431653306172
    vertex 33.80000000001164 14.75914292701239 252.8497657139394
    vertex 33.80000000001159 12.35875420863343 252.8151443249158
  endloop
endfacet
facet normal 1 1.74951e-12 -2.75282e-12
  outer loop
    vertex 33.80000000001169 17.99217534557365 260.8030028178295
    vertex 33.80000000000739 19.1111902737935 259.95
    vertex 33.80000000001172 19.45914548018207 261.7456343530438
  endloop
endfacet
facet normal 1 -2.14431e-14 -4.21411e-15
  outer loop
    vertex 33.80000000001172 19.1111902737935 274.05
    vertex 33.80000000001169 17.98679616579915 273.0269552742457
    vertex 33.80000000001172 19.46602618858454 272.2444527320641
  endloop
endfacet
facet normal 1 -1.77909e-14 2.09176e-15
  outer loop
    vertex 33.80000000001164 14.75914292701239 252.8497657139394
    vertex 33.80000000001161 13.36150204187464 254.55
    vertex 33.80000000001159 12.35875420863343 252.8151443249158
  endloop
endfacet
facet normal 1 -1.83226e-14 -1.21427e-13
  outer loop
    vertex 33.8000000000114 13.38305856801297 279.45
    vertex 33.80000000001164 14.73719335102978 281.176693782517
    vertex 33.80000000001159 12.37807890378716 281.1815739188665
  endloop
endfacet
facet normal 1 -1.72015e-14 -1.91791e-15
  outer loop
    vertex 33.80000000001168 17.25317969964716 267.1043874138928
    vertex 33.80000000001166 15.77953763716747 269.2069813936401
    vertex 33.80000000001164 14.76459520773766 267.1955605887978
  endloop
endfacet
facet normal 1 -1.67422e-14 2.20972e-15
  outer loop
    vertex 33.80000000001164 14.76459520773766 267.1955605887978
    vertex 33.8000000000116 12.59216022114026 266.8135485263946
    vertex 33.80000000001163 14.11557325801014 265.4937088688824
  endloop
endfacet
facet normal 1 -1.01856e-14 -9.42865e-15
  outer loop
    vertex 33.80000000001172 21.1111902737934 251.0356018466839
    vertex 33.80000000001175 21.1111902737934 254.0499999999998
    vertex 33.80000000001172 19.6432814852026 252.6213602598084
  endloop
endfacet
facet normal 1 -2.05101e-14 -6.66134e-15
  outer loop
    vertex 33.80000000001167 16.11119027379255 260.95
    vertex 33.80000000001166 16.11119027379255 258.8166666666667
    vertex 33.80000000001169 17.95433842194108 258.475
  endloop
endfacet
facet normal -1 -7.60712e-13 -8.9736e-16
  outer loop
    vertex 25.04999999998683 18.44736375086555 271.1697297892488
    vertex 25.04999999998884 15.80716361562991 272.4504646640852
    vertex 25.04999999998688 18.37853263918582 274.0923867731333
  endloop
endfacet
facet normal -1 -7.6044e-13 3.62816e-16
  outer loop
    vertex 25.04999999998865 16.06088571066088 261.5999110127871
    vertex 25.04999999999094 13.0480658545996 262.7894999894393
    vertex 25.04999999998862 16.09016964362181 264.2249109776877
  endloop
endfacet
facet normal -1 -7.60159e-13 2.42156e-16
  outer loop
    vertex 25.04999999998884 15.80716361562991 272.4504646640852
    vertex 25.04999999998683 18.44736375086555 271.1697297892488
    vertex 25.0499999999889 15.73152979433499 269.7648236109508
  endloop
endfacet
facet normal -1 -7.59562e-13 -5.37689e-16
  outer loop
    vertex 25.04999999999278 10.62107373899382 264.1938334344957
    vertex 25.04999999999278 10.62376611999383 266.997836983923
    vertex 25.04999999999055 13.55743786957213 265.5941569008713
  endloop
endfacet
facet normal -1 -0 -4.87907e-12
  outer loop
    vertex 25.04999999999729 13.23754501544369 255.7818227862138
    vertex 25.04999999999729 10.61299659599379 255.7818227862138
    vertex 25.04999999999171 12.03101467596316 256.9242960174795
  endloop
endfacet
facet normal -1 -7.59154e-13 -5.52683e-16
  outer loop
    vertex 25.04999999999177 11.94896847986091 259.3081996698044
    vertex 25.04999999999278 10.61838135799381 261.3898298850684
    vertex 25.04999999999033 13.84822677951695 260.3419202169094
  endloop
endfacet
facet normal -1 -7.60408e-13 7.22453e-16
  outer loop
    vertex 25.0499999999889 15.73152979433499 269.7648236109508
    vertex 25.04999999998683 18.44736375086555 271.1697297892488
    vertex 25.04999999998675 18.55685242610943 268.3888245923663
  endloop
endfacet
facet normal -1 -7.59132e-13 -5.38103e-16
  outer loop
    vertex 25.04999999999279 10.6156889769938 258.5858263356411
    vertex 25.04999999999278 10.61838135799381 261.3898298850684
    vertex 25.04999999999177 11.94896847986091 259.3081996698044
  endloop
endfacet
facet normal -1 -7.61513e-13 3.57167e-16
  outer loop
    vertex 25.04999999998688 18.37853263918582 274.0923867731333
    vertex 25.04999999998884 15.80716361562991 272.4504646640852
    vertex 25.04999999998885 15.79886609903431 274.653240765152
  endloop
endfacet
facet normal -1 -7.60271e-13 5.40531e-18
  outer loop
    vertex 25.04999999998862 16.09016964362181 264.2249109776877
    vertex 25.04999999999094 13.0480658545996 262.7894999894393
    vertex 25.04999999999055 13.55743786957213 265.5941569008713
  endloop
endfacet
facet normal -1 -7.5912e-13 3.85791e-16
  outer loop
    vertex 25.04999999999278 10.62376611999383 266.997836983923
    vertex 25.04999999999088 13.12361831812309 268.3965019783273
    vertex 25.04999999999055 13.55743786957213 265.5941569008713
  endloop
endfacet
facet normal -1 -7.59779e-13 -8.40994e-17
  outer loop
    vertex 25.04999999999094 13.0480658545996 262.7894999894393
    vertex 25.04999999999278 10.62107373899382 264.1938334344957
    vertex 25.04999999999055 13.55743786957213 265.5941569008713
  endloop
endfacet
facet normal -1 -7.59935e-13 2.59713e-16
  outer loop
    vertex 25.04999999999088 13.12361831812309 268.3965019783273
    vertex 25.0499999999885 16.25540632479314 266.996802981358
    vertex 25.04999999999055 13.55743786957213 265.5941569008713
  endloop
endfacet
facet normal -1 -7.60098e-13 -1.06112e-16
  outer loop
    vertex 25.0499999999885 16.25540632479314 266.996802981358
    vertex 25.04999999999088 13.12361831812309 268.3965019783273
    vertex 25.0499999999889 15.73152979433499 269.7648236109508
  endloop
endfacet
facet normal -1 -7.60782e-13 -5.04287e-16
  outer loop
    vertex 25.04999999999094 13.0480658545996 262.7894999894393
    vertex 25.04999999998865 16.06088571066088 261.5999110127871
    vertex 25.04999999999033 13.84822677951695 260.3419202169094
  endloop
endfacet
facet normal -1 -7.60884e-13 -2.54789e-16
  outer loop
    vertex 25.0499999999885 16.25540632479314 266.996802981358
    vertex 25.0499999999889 15.73152979433499 269.7648236109508
    vertex 25.04999999998675 18.55685242610943 268.3888245923663
  endloop
endfacet
facet normal -1 -7.58944e-13 9.67905e-17
  outer loop
    vertex 25.04999999999278 10.61838135799381 261.3898298850684
    vertex 25.04999999999094 13.0480658545996 262.7894999894393
    vertex 25.04999999999033 13.84822677951695 260.3419202169094
  endloop
endfacet
facet normal -1 -7.57545e-13 7.27389e-16
  outer loop
    vertex 25.04999999999279 10.6143427864938 257.1838245609274
    vertex 25.04999999999279 10.6156889769938 258.5858263356411
    vertex 25.04999999999208 11.54823486106511 257.837678311249
  endloop
endfacet
facet normal -1 -7.60713e-13 3.26446e-15
  outer loop
    vertex 25.04999999999277 10.63184326299385 275.4098476322048
    vertex 25.04999999999278 10.63453564399387 278.2138511816322
    vertex 25.04999999999151 12.29943239865939 276.570860477796
  endloop
endfacet
facet normal -1 -7.54378e-13 -3.79635e-15
  outer loop
    vertex 25.04999999999279 10.6143427864938 257.1838245609274
    vertex 25.04999999999208 11.54823486106511 257.837678311249
    vertex 25.04999999999247 11.03104893476645 256.7320215801662
  endloop
endfacet
facet normal -1 -7.59926e-13 -4.34335e-16
  outer loop
    vertex 25.04999999999088 13.12361831812309 268.3965019783273
    vertex 25.04999999999091 13.08927736156431 271.2228725364237
    vertex 25.0499999999889 15.73152979433499 269.7648236109508
  endloop
endfacet
facet normal -1 -7.60202e-13 6.74046e-17
  outer loop
    vertex 25.04999999998981 14.52861609585167 276.3575643917029
    vertex 25.04999999999086 13.15444867565297 274.1754060566993
    vertex 25.04999999999151 12.29943239865939 276.570860477796
  endloop
endfacet
facet normal -1 -7.59562e-13 2.25332e-16
  outer loop
    vertex 25.04999999999091 13.08927736156431 271.2228725364237
    vertex 25.04999999998884 15.80716361562991 272.4504646640852
    vertex 25.0499999999889 15.73152979433499 269.7648236109508
  endloop
endfacet
facet normal -1 -1.57346e-12 -8.20318e-13
  outer loop
    vertex 25.04999999999278 10.63453564399387 278.2138511816322
    vertex 25.04999999998865 13.25370241680894 278.218177213774
    vertex 25.04999999999151 12.29943239865939 276.570860477796
  endloop
endfacet
facet normal -1 -7.61115e-13 -3.10661e-16
  outer loop
    vertex 25.04999999998481 21.11119027379341 261.3909113931061
    vertex 25.04999999998679 18.50251478553553 259.8983411243884
    vertex 25.04999999998667 18.66004365446868 262.7780281367714
  endloop
endfacet
facet normal -1 -7.59364e-13 -5.37879e-16
  outer loop
    vertex 25.04999999999277 10.62915088199385 272.6058440827775
    vertex 25.04999999999277 10.63184326299385 275.4098476322048
    vertex 25.04999999999086 13.15444867565297 274.1754060566993
  endloop
endfacet
facet normal -1 -7.61293e-13 -0
  outer loop
    vertex 25.04999999998481 21.11119027379341 261.3909113931061
    vertex 25.04999999998481 21.11119027379341 258.5863670896615
    vertex 25.04999999998679 18.50251478553553 259.8983411243884
  endloop
endfacet
facet normal -1 -7.59807e-13 -3.82237e-16
  outer loop
    vertex 25.04999999998667 18.66004365446868 262.7780281367714
    vertex 25.04999999998679 18.50251478553553 259.8983411243884
    vertex 25.04999999998865 16.06088571066088 261.5999110127871
  endloop
endfacet
facet normal -1 -7.49482e-13 7.19646e-16
  outer loop
    vertex 25.04999999999279 10.61366969124379 256.4828236735706
    vertex 25.04999999999279 10.6143427864938 257.1838245609274
    vertex 25.04999999999247 11.03104893476645 256.7320215801662
  endloop
endfacet
facet normal -1 -7.58535e-13 -4.17433e-16
  outer loop
    vertex 25.04999999999088 13.12361831812309 268.3965019783273
    vertex 25.04999999999277 10.62645850099384 269.8018405333502
    vertex 25.04999999999091 13.08927736156431 271.2228725364237
  endloop
endfacet
facet normal -1 -7.5965e-13 -7.81004e-17
  outer loop
    vertex 25.04999999999277 10.62915088199385 272.6058440827775
    vertex 25.04999999999086 13.15444867565297 274.1754060566993
    vertex 25.04999999999091 13.08927736156431 271.2228725364237
  endloop
endfacet
facet normal -1 -7.61104e-13 2.8383e-16
  outer loop
    vertex 25.04999999998665 18.68443413907609 265.5970468692051
    vertex 25.04999999998481 21.11119027379341 264.1954556965508
    vertex 25.04999999998667 18.66004365446868 262.7780281367714
  endloop
endfacet
facet normal -1 -7.6094e-13 -0
  outer loop
    vertex 25.04999999998481 21.11119027379341 264.1954556965508
    vertex 25.04999999998481 21.11119027379341 261.3909113931061
    vertex 25.04999999998667 18.66004365446868 262.7780281367714
  endloop
endfacet
facet normal -1 -7.59423e-13 -8.31198e-17
  outer loop
    vertex 25.04999999999091 13.08927736156431 271.2228725364237
    vertex 25.04999999999086 13.15444867565297 274.1754060566993
    vertex 25.04999999998884 15.80716361562991 272.4504646640852
  endloop
endfacet
facet normal -1 -7.60143e-13 3.59505e-16
  outer loop
    vertex 25.04999999998667 18.66004365446868 262.7780281367714
    vertex 25.04999999998865 16.06088571066088 261.5999110127871
    vertex 25.04999999998862 16.09016964362181 264.2249109776877
  endloop
endfacet
facet normal -1 -7.6019e-13 2.75926e-16
  outer loop
    vertex 25.04999999998665 18.68443413907609 265.5970468692051
    vertex 25.04999999998667 18.66004365446868 262.7780281367714
    vertex 25.04999999998862 16.09016964362181 264.2249109776877
  endloop
endfacet
facet normal -1 -7.59196e-13 7.28974e-16
  outer loop
    vertex 25.04999999999277 10.62645850099384 269.8018405333502
    vertex 25.04999999999277 10.62915088199385 272.6058440827775
    vertex 25.04999999999091 13.08927736156431 271.2228725364237
  endloop
endfacet
facet normal -1 -7.61181e-13 6.92006e-16
  outer loop
    vertex 25.04999999998683 18.44736375086555 271.1697297892488
    vertex 25.04999999998481 21.11119027379341 269.8045443034401
    vertex 25.04999999998675 18.55685242610943 268.3888245923663
  endloop
endfacet
facet normal -1 -7.60798e-13 -0
  outer loop
    vertex 25.04999999998481 21.11119027379341 269.8045443034401
    vertex 25.04999999998481 21.11119027379341 266.9999999999955
    vertex 25.04999999998675 18.55685242610943 268.3888245923663
  endloop
endfacet
facet normal -1 -7.61268e-13 -0
  outer loop
    vertex 25.04999999998481 21.11119027379341 266.9999999999955
    vertex 25.04999999998481 21.11119027379341 264.1954556965508
    vertex 25.04999999998665 18.68443413907609 265.5970468692051
  endloop
endfacet
facet normal -1 -7.61536e-13 -0
  outer loop
    vertex 25.04999999998481 21.11119027379341 272.6090886068847
    vertex 25.04999999998481 21.11119027379341 269.8045443034401
    vertex 25.04999999998683 18.44736375086555 271.1697297892488
  endloop
endfacet
facet normal -1 -7.59308e-13 7.29081e-16
  outer loop
    vertex 25.04999999999278 10.61838135799381 261.3898298850684
    vertex 25.04999999999278 10.62107373899382 264.1938334344957
    vertex 25.04999999999094 13.0480658545996 262.7894999894393
  endloop
endfacet
facet normal -1 -7.58603e-13 -5.3861e-16
  outer loop
    vertex 25.04999999999278 10.62376611999383 266.997836983923
    vertex 25.04999999999277 10.62645850099384 269.8018405333502
    vertex 25.04999999999088 13.12361831812309 268.3965019783273
  endloop
endfacet
facet normal -1 -7.61026e-13 -4.18969e-16
  outer loop
    vertex 25.04999999998481 21.11119027379341 266.9999999999955
    vertex 25.04999999998665 18.68443413907609 265.5970468692051
    vertex 25.04999999998675 18.55685242610943 268.3888245923663
  endloop
endfacet
facet normal -1 -7.60032e-13 4.47438e-16
  outer loop
    vertex 25.0499999999885 16.25540632479314 266.996802981358
    vertex 25.04999999998862 16.09016964362181 264.2249109776877
    vertex 25.04999999999055 13.55743786957213 265.5941569008713
  endloop
endfacet
facet normal -1 -7.60791e-13 -4.08254e-16
  outer loop
    vertex 25.04999999998665 18.68443413907609 265.5970468692051
    vertex 25.0499999999885 16.25540632479314 266.996802981358
    vertex 25.04999999998675 18.55685242610943 268.3888245923663
  endloop
endfacet
facet normal -1 -7.60289e-13 4.62742e-16
  outer loop
    vertex 25.04999999998665 18.68443413907609 265.5970468692051
    vertex 25.04999999998862 16.09016964362181 264.2249109776877
    vertex 25.0499999999885 16.25540632479314 266.996802981358
  endloop
endfacet
facet normal -1 -0 -3.56121e-12
  outer loop
    vertex 25.04999999999729 15.86209343489359 255.7818227862138
    vertex 25.04999999999729 13.23754501544369 255.7818227862138
    vertex 25.04999999998956 14.85939879156816 257.9506389168225
  endloop
endfacet
facet normal -1 0 4.0121e-13
  outer loop
    vertex 25.04999999998865 15.87286503580376 278.218177213774
    vertex 25.04999999998865 18.49202765479858 278.218177213774
    vertex 25.04999999998784 17.1255694688512 276.1903819401392
  endloop
endfacet
facet normal -1 -7.60555e-13 -0
  outer loop
    vertex 25.04999999998481 21.11119027379341 275.4136329103294
    vertex 25.04999999998481 21.11119027379341 272.6090886068847
    vertex 25.04999999998688 18.37853263918582 274.0923867731333
  endloop
endfacet
facet normal -1 2.36834e-12 -2.37794e-12
  outer loop
    vertex 25.04999999999729 13.23754501544369 255.7818227862138
    vertex 25.04999999999171 12.03101467596316 256.9242960174795
    vertex 25.04999999999101 12.95143844045968 258.1353300289898
  endloop
endfacet
facet normal -1 -7.6142e-13 7.8582e-16
  outer loop
    vertex 25.04999999998784 17.1255694688512 276.1903819401392
    vertex 25.04999999998688 18.37853263918582 274.0923867731333
    vertex 25.04999999998885 15.79886609903431 274.653240765152
  endloop
endfacet
facet normal -1 -7.63805e-13 -7.06436e-14
  outer loop
    vertex 25.04999999998865 15.87286503580376 278.218177213774
    vertex 25.04999999998784 17.1255694688512 276.1903819401392
    vertex 25.04999999998981 14.52861609585167 276.3575643917029
  endloop
endfacet
facet normal -1 -1.09128e-12 -4.06573e-12
  outer loop
    vertex 25.04999999999729 15.86209343489359 255.7818227862138
    vertex 25.04999999998956 14.85939879156816 257.9506389168225
    vertex 25.04999999998783 17.14379056512382 257.764783675681
  endloop
endfacet
facet normal -1 -7.58828e-13 5.57782e-16
  outer loop
    vertex 25.04999999999086 13.15444867565297 274.1754060566993
    vertex 25.04999999999277 10.63184326299385 275.4098476322048
    vertex 25.04999999999151 12.29943239865939 276.570860477796
  endloop
endfacet
facet normal -1 0 -6.22475e-13
  outer loop
    vertex 25.04999999998865 13.25370241680894 278.218177213774
    vertex 25.04999999998865 15.87286503580376 278.218177213774
    vertex 25.04999999998981 14.52861609585167 276.3575643917029
  endloop
endfacet
facet normal -1 -0 -4.77109e-12
  outer loop
    vertex 25.04999999999729 18.4866418543435 255.7818227862138
    vertex 25.04999999999729 15.86209343489359 255.7818227862138
    vertex 25.04999999998783 17.14379056512382 257.764783675681
  endloop
endfacet
facet normal -1 -7.61047e-13 -9.05239e-16
  outer loop
    vertex 25.04999999998481 21.11119027379341 272.6090886068847
    vertex 25.04999999998683 18.44736375086555 271.1697297892488
    vertex 25.04999999998688 18.37853263918582 274.0923867731333
  endloop
endfacet
facet normal -1 -2.04417e-13 1.02608e-12
  outer loop
    vertex 25.04999999998768 21.11119027379339 278.218177213774
    vertex 25.04999999998481 21.11119027379341 275.4136329103294
    vertex 25.04999999998623 19.24370206208448 276.42655121023
  endloop
endfacet
facet normal -1 5.46211e-13 -2.56268e-12
  outer loop
    vertex 25.04999999998481 21.11119027379341 258.5863670896615
    vertex 25.04999999999199 21.11119027379341 255.7818227862168
    vertex 25.04999999998622 19.25205143917898 257.6369635474126
  endloop
endfacet
facet normal -1 -3.70306e-13 1.199e-12
  outer loop
    vertex 25.04999999998865 18.49202765479858 278.218177213774
    vertex 25.04999999998768 21.11119027379339 278.218177213774
    vertex 25.04999999998623 19.24370206208448 276.42655121023
  endloop
endfacet
facet normal -1 -2.01693e-12 -5.13135e-12
  outer loop
    vertex 25.04999999999199 21.11119027379341 255.7818227862168
    vertex 25.04999999999729 18.4866418543435 255.7818227862138
    vertex 25.04999999998622 19.25205143917898 257.6369635474126
  endloop
endfacet
facet normal -1 -7.60585e-13 -1.49811e-15
  outer loop
    vertex 25.04999999998865 16.06088571066088 261.5999110127871
    vertex 25.04999999998679 18.50251478553553 259.8983411243884
    vertex 25.04999999998872 15.96230933127202 259.4745490065138
  endloop
endfacet
facet normal -1 -7.59131e-13 3.66142e-16
  outer loop
    vertex 25.04999999998884 15.80716361562991 272.4504646640852
    vertex 25.04999999999086 13.15444867565297 274.1754060566993
    vertex 25.04999999998885 15.79886609903431 274.653240765152
  endloop
endfacet
facet normal -1 -7.59123e-13 -6.11224e-16
  outer loop
    vertex 25.04999999999177 11.94896847986091 259.3081996698044
    vertex 25.04999999999033 13.84822677951695 260.3419202169094
    vertex 25.04999999999101 12.95143844045968 258.1353300289898
  endloop
endfacet
facet normal -1 -7.58932e-13 -7.3232e-16
  outer loop
    vertex 25.04999999999086 13.15444867565297 274.1754060566993
    vertex 25.04999999998981 14.52861609585167 276.3575643917029
    vertex 25.04999999998885 15.79886609903431 274.653240765152
  endloop
endfacet
facet normal -1 -7.60828e-13 -3.94677e-17
  outer loop
    vertex 25.04999999998679 18.50251478553553 259.8983411243884
    vertex 25.04999999998783 17.14379056512382 257.764783675681
    vertex 25.04999999998872 15.96230933127202 259.4745490065138
  endloop
endfacet
facet normal -1 -8.77287e-13 -1.2236e-12
  outer loop
    vertex 25.04999999998865 13.25370241680894 278.218177213774
    vertex 25.04999999998981 14.52861609585167 276.3575643917029
    vertex 25.04999999999151 12.29943239865939 276.570860477796
  endloop
endfacet
facet normal -1 -1.02989e-12 -2.79105e-12
  outer loop
    vertex 25.04999999998956 14.85939879156816 257.9506389168225
    vertex 25.04999999999729 13.23754501544369 255.7818227862138
    vertex 25.04999999999101 12.95143844045968 258.1353300289898
  endloop
endfacet
facet normal -1 -7.60746e-13 3.9525e-16
  outer loop
    vertex 25.04999999998481 21.11119027379341 275.4136329103294
    vertex 25.04999999998688 18.37853263918582 274.0923867731333
    vertex 25.04999999998623 19.24370206208448 276.42655121023
  endloop
endfacet
facet normal -1 -7.61876e-13 -1.15844e-15
  outer loop
    vertex 25.04999999998679 18.50251478553553 259.8983411243884
    vertex 25.04999999998481 21.11119027379341 258.5863670896615
    vertex 25.04999999998622 19.25205143917898 257.6369635474126
  endloop
endfacet
facet normal -1 -7.61566e-13 6.98879e-16
  outer loop
    vertex 25.04999999998688 18.37853263918582 274.0923867731333
    vertex 25.04999999998784 17.1255694688512 276.1903819401392
    vertex 25.04999999998623 19.24370206208448 276.42655121023
  endloop
endfacet
facet normal -1 -7.5975e-13 -3.56224e-16
  outer loop
    vertex 25.04999999999033 13.84822677951695 260.3419202169094
    vertex 25.04999999998956 14.85939879156816 257.9506389168225
    vertex 25.04999999999101 12.95143844045968 258.1353300289898
  endloop
endfacet
facet normal -1 -8.71719e-13 9.8863e-13
  outer loop
    vertex 25.04999999998784 17.1255694688512 276.1903819401392
    vertex 25.04999999998865 18.49202765479858 278.218177213774
    vertex 25.04999999998623 19.24370206208448 276.42655121023
  endloop
endfacet
facet normal -1 -7.60031e-13 -5.46995e-16
  outer loop
    vertex 25.04999999998783 17.14379056512382 257.764783675681
    vertex 25.04999999998679 18.50251478553553 259.8983411243884
    vertex 25.04999999998622 19.25205143917898 257.6369635474126
  endloop
endfacet
facet normal -1 -7.60482e-13 1.99307e-16
  outer loop
    vertex 25.04999999998783 17.14379056512382 257.764783675681
    vertex 25.04999999998956 14.85939879156816 257.9506389168225
    vertex 25.04999999998872 15.96230933127202 259.4745490065138
  endloop
endfacet
facet normal -1 -7.59323e-13 -1.0239e-15
  outer loop
    vertex 25.04999999998981 14.52861609585167 276.3575643917029
    vertex 25.04999999998784 17.1255694688512 276.1903819401392
    vertex 25.04999999998885 15.79886609903431 274.653240765152
  endloop
endfacet
facet normal -1 -1.09418e-12 -5.51206e-12
  outer loop
    vertex 25.04999999999729 18.4866418543435 255.7818227862138
    vertex 25.04999999998783 17.14379056512382 257.764783675681
    vertex 25.04999999998622 19.25205143917898 257.6369635474126
  endloop
endfacet
facet normal -1 -7.60091e-13 -1.12427e-15
  outer loop
    vertex 25.04999999999247 11.03104893476645 256.7320215801662
    vertex 25.04999999999208 11.54823486106511 257.837678311249
    vertex 25.04999999999171 12.03101467596316 256.9242960174795
  endloop
endfacet
facet normal -1 -7.59728e-13 -3.46843e-16
  outer loop
    vertex 25.04999999998956 14.85939879156816 257.9506389168225
    vertex 25.04999999999033 13.84822677951695 260.3419202169094
    vertex 25.04999999998872 15.96230933127202 259.4745490065138
  endloop
endfacet
facet normal -1 -7.60207e-13 -1.5156e-15
  outer loop
    vertex 25.04999999999033 13.84822677951695 260.3419202169094
    vertex 25.04999999998865 16.06088571066088 261.5999110127871
    vertex 25.04999999998872 15.96230933127202 259.4745490065138
  endloop
endfacet
facet normal -1 -7.58901e-13 -9.62951e-16
  outer loop
    vertex 25.04999999999208 11.54823486106511 257.837678311249
    vertex 25.04999999999279 10.6156889769938 258.5858263356411
    vertex 25.04999999999177 11.94896847986091 259.3081996698044
  endloop
endfacet
facet normal -1 -7.59397e-13 -7.5766e-16
  outer loop
    vertex 25.04999999999171 12.03101467596316 256.9242960174795
    vertex 25.04999999999208 11.54823486106511 257.837678311249
    vertex 25.04999999999101 12.95143844045968 258.1353300289898
  endloop
endfacet
facet normal -1 -7.59381e-13 -8.32227e-16
  outer loop
    vertex 25.04999999999208 11.54823486106511 257.837678311249
    vertex 25.04999999999177 11.94896847986091 259.3081996698044
    vertex 25.04999999999101 12.95143844045968 258.1353300289898
  endloop
endfacet
facet normal -1 -1.5721e-12 -1.64097e-12
  outer loop
    vertex 25.04999999999278 10.63453564399387 278.2138511816322
    vertex 25.04999999999277 10.63453979781412 278.2181772137741
    vertex 25.04999999998865 13.25370241680894 278.218177213774
  endloop
endfacet
facet normal -1 1.77134e-11 -1.28595e-11
  outer loop
    vertex 25.04999999999729 10.61299659599379 255.7818227862138
    vertex 25.04999999999279 10.61333314361879 256.1323232298922
    vertex 25.04999999999247 11.03104893476645 256.7320215801662
  endloop
endfacet
facet normal -1 2.33595e-13 -5.169e-12
  outer loop
    vertex 25.04999999999729 10.61299659599379 255.7818227862138
    vertex 25.04999999999247 11.03104893476645 256.7320215801662
    vertex 25.04999999999171 12.03101467596316 256.9242960174795
  endloop
endfacet
facet normal -1 -7.49482e-13 7.19646e-16
  outer loop
    vertex 25.04999999999279 10.61333314361879 256.1323232298922
    vertex 25.04999999999279 10.61366969124379 256.4828236735706
    vertex 25.04999999999247 11.03104893476645 256.7320215801662
  endloop
endfacet
facet normal -0.704034 0.00372586 0.710157
  outer loop
    vertex 26.42615154735691 16.9746786098784 279.9558072415189
    vertex 28.06513723752724 14.72969988511243 281.5924406908507
    vertex 28.18000746565551 17.18078977000916 281.6934608387321
  endloop
endfacet
facet normal -0.709843 -0.00475298 0.704344
  outer loop
    vertex 26.42615154735691 16.9746786098784 279.9558072415189
    vertex 26.30001416869725 14.57772982275204 279.8125101584155
    vertex 28.06513723752724 14.72969988511243 281.5924406908507
  endloop
endfacet
facet normal -0.78393 0 0.620849
  outer loop
    vertex 25.04999999998865 15.87286503580376 278.218177213774
    vertex 26.42615154735691 16.9746786098784 279.9558072415189
    vertex 25.04999999998865 18.49202765479858 278.218177213774
  endloop
endfacet
facet normal -0.620575 -9.29636e-05 0.784147
  outer loop
    vertex 29.76853491809393 15.87513468680922 282.9406459127414
    vertex 28.06513723752724 14.72969988511243 281.5924406908507
    vertex 29.77210298342679 13.25710689305244 282.9431593038431
  endloop
endfacet
facet normal -0.710745 0.0192779 0.703186
  outer loop
    vertex 28.06513723752724 14.72969988511243 281.5924406908507
    vertex 26.30001416869725 14.57772982275204 279.8125101584155
    vertex 27.20782837584131 12.57484594351794 280.7849919074968
  endloop
endfacet
facet normal -0.702606 -0.0184116 0.711341
  outer loop
    vertex 27.20258908230726 19.17835711980603 280.7797478920455
    vertex 26.42615154735691 16.9746786098784 279.9558072415189
    vertex 28.18000746565551 17.18078977000916 281.6934608387321
  endloop
endfacet
facet normal -0.707138 -0.0165788 0.706881
  outer loop
    vertex 28.02256899321313 10.63774340017127 281.554596678166
    vertex 27.20782837584131 12.57484594351794 280.7849919074968
    vertex 26.44039864979109 10.63622362719605 279.9718159300446
  endloop
endfacet
facet normal -0.707463 0.0165358 0.706557
  outer loop
    vertex 26.43652827854311 21.11119027379339 279.9674705096378
    vertex 27.20258908230726 19.17835711980603 280.7797478920455
    vertex 28.01388448281338 21.1111902737934 281.5468485856658
  endloop
endfacet
facet normal -0.78696 0 0.617005
  outer loop
    vertex 25.04999999998865 13.25370241680894 278.218177213774
    vertex 26.30001416869725 14.57772982275204 279.8125101584155
    vertex 25.04999999998865 15.87286503580376 278.218177213774
  endloop
endfacet
facet normal -0.617576 -8.62385e-05 0.786511
  outer loop
    vertex 29.764967311575 18.49316248035425 282.9381316499237
    vertex 28.18000746565551 17.18078977000916 281.6934608387321
    vertex 29.76853491809393 15.87513468680922 282.9406459127414
  endloop
endfacet
facet normal -0.794382 -2.94164e-13 0.607418
  outer loop
    vertex 25.04999999998865 18.49202765479858 278.218177213774
    vertex 25.99368945726071 19.42511947520411 279.4523348772378
    vertex 25.04999999998768 21.11119027379339 278.218177213774
  endloop
endfacet
facet normal -0.608321 -6.63587e-05 0.793691
  outer loop
    vertex 29.76140021598192 21.11119027379341 282.935616552072
    vertex 28.5306146251886 19.42865898698156 281.9921455560717
    vertex 29.764967311575 18.49316248035425 282.9381316499237
  endloop
endfacet
facet normal -0.607951 -6.66946e-05 0.793975
  outer loop
    vertex 29.77210298342679 13.25710689305244 282.9431593038431
    vertex 28.53549510446626 12.32689984966239 281.9962034431791
    vertex 29.77567145546164 10.63907909897804 282.9456717865464
  endloop
endfacet
facet normal -0.794318 -1.23557e-12 0.607502
  outer loop
    vertex 25.04999999999277 10.63453979781412 278.2181772137741
    vertex 25.99630765008891 12.32035929824963 279.455489386982
    vertex 25.04999999998865 13.25370241680894 278.218177213774
  endloop
endfacet
facet normal -0.619227 -0.00334169 0.785205
  outer loop
    vertex 28.18000746565551 17.18078977000916 281.6934608387321
    vertex 28.06513723752724 14.72969988511243 281.5924406908507
    vertex 29.76853491809393 15.87513468680922 282.9406459127414
  endloop
endfacet
facet normal -0.789457 -0.0132415 0.613663
  outer loop
    vertex 26.42615154735691 16.9746786098784 279.9558072415189
    vertex 25.99368945726071 19.42511947520411 279.4523348772378
    vertex 25.04999999998865 18.49202765479858 278.218177213774
  endloop
endfacet
facet normal -0.78525 0.00430759 0.619164
  outer loop
    vertex 25.04999999998865 15.87286503580376 278.218177213774
    vertex 26.30001416869725 14.57772982275204 279.8125101584155
    vertex 26.42615154735691 16.9746786098784 279.9558072415189
  endloop
endfacet
facet normal -0.613835 0.012478 0.789336
  outer loop
    vertex 28.06513723752724 14.72969988511243 281.5924406908507
    vertex 28.53549510446626 12.32689984966239 281.9962034431791
    vertex 29.77210298342679 13.25710689305244 282.9431593038431
  endloop
endfacet
facet normal -0.621495 -0.0160491 0.783254
  outer loop
    vertex 29.77567145546164 10.63907909897804 282.9456717865464
    vertex 28.53549510446626 12.32689984966239 281.9962034431791
    vertex 28.02256899321313 10.63774340017127 281.554596678166
  endloop
endfacet
facet normal -0.78358 0.0160479 0.621083
  outer loop
    vertex 25.04999999998768 21.11119027379339 278.218177213774
    vertex 25.99368945726071 19.42511947520411 279.4523348772378
    vertex 26.43652827854311 21.11119027379339 279.9674705096378
  endloop
endfacet
facet normal -0.783479 -0.0161445 0.621209
  outer loop
    vertex 26.44039864979109 10.63622362719605 279.9718159300446
    vertex 25.99630765008891 12.32035929824963 279.455489386982
    vertex 25.04999999999277 10.63453979781412 278.2181772137741
  endloop
endfacet
facet normal -0.622086 0.016119 0.782783
  outer loop
    vertex 28.01388448281338 21.1111902737934 281.5468485856658
    vertex 28.5306146251886 19.42865898698156 281.9921455560717
    vertex 29.76140021598192 21.11119027379341 282.935616552072
  endloop
endfacet
facet normal -0.73856 0.00816622 0.674138
  outer loop
    vertex 27.20258908230726 19.17835711980603 280.7797478920455
    vertex 25.99368945726071 19.42511947520411 279.4523348772378
    vertex 26.42615154735691 16.9746786098784 279.9558072415189
  endloop
endfacet
facet normal -0.674765 -0.00807755 0.737988
  outer loop
    vertex 27.20782837584131 12.57484594351794 280.7849919074968
    vertex 28.53549510446626 12.32689984966239 281.9962034431791
    vertex 28.06513723752724 14.72969988511243 281.5924406908507
  endloop
endfacet
facet normal -0.738427 -0.00729705 0.674294
  outer loop
    vertex 26.30001416869725 14.57772982275204 279.8125101584155
    vertex 25.99630765008891 12.32035929824963 279.455489386982
    vertex 27.20782837584131 12.57484594351794 280.7849919074968
  endloop
endfacet
facet normal -0.67495 0.00723559 0.737828
  outer loop
    vertex 28.18000746565551 17.18078977000916 281.6934608387321
    vertex 28.5306146251886 19.42865898698156 281.9921455560717
    vertex 27.20258908230726 19.17835711980603 280.7797478920455
  endloop
endfacet
facet normal -0.790776 0.00959372 0.61203
  outer loop
    vertex 25.04999999998865 13.25370241680894 278.218177213774
    vertex 25.99630765008891 12.32035929824963 279.455489386982
    vertex 26.30001416869725 14.57772982275204 279.8125101584155
  endloop
endfacet
facet normal -0.612753 -0.00942682 0.790218
  outer loop
    vertex 29.764967311575 18.49316248035425 282.9381316499237
    vertex 28.5306146251886 19.42865898698156 281.9921455560717
    vertex 28.18000746565551 17.18078977000916 281.6934608387321
  endloop
endfacet
facet normal -0.672811 0.0109113 0.739734
  outer loop
    vertex 28.02256899321313 10.63774340017127 281.554596678166
    vertex 28.53549510446626 12.32689984966239 281.9962034431791
    vertex 27.20782837584131 12.57484594351794 280.7849919074968
  endloop
endfacet
facet normal -0.740142 0.0109658 0.672362
  outer loop
    vertex 27.20782837584131 12.57484594351794 280.7849919074968
    vertex 25.99630765008891 12.32035929824963 279.455489386982
    vertex 26.44039864979109 10.63622362719605 279.9718159300446
  endloop
endfacet
facet normal -0.673054 -0.0109863 0.739512
  outer loop
    vertex 27.20258908230726 19.17835711980603 280.7797478920455
    vertex 28.5306146251886 19.42865898698156 281.9921455560717
    vertex 28.01388448281338 21.1111902737934 281.5468485856658
  endloop
endfacet
facet normal -0.740307 -0.010929 0.67218
  outer loop
    vertex 26.43652827854311 21.11119027379339 279.9674705096378
    vertex 25.99368945726071 19.42511947520411 279.4523348772378
    vertex 27.20258908230726 19.17835711980603 280.7797478920455
  endloop
endfacet
facet normal 0 0 -1
  outer loop
    vertex 31.0000000000003 16.13039444118537 279.45
    vertex 33.80000000001149 16.1303945521613 279.45
    vertex 32.39999997278316 14.75672653234262 279.45
  endloop
endfacet
facet normal -0 0 -1
  outer loop
    vertex 33.80000000001144 10.63572258386463 279.45
    vertex 31.0000000000003 10.63572258386249 279.45
    vertex 32.40000000000479 12.00939054819321 279.45
  endloop
endfacet
facet normal 0 0 -1
  outer loop
    vertex 32.40000000000479 12.00939054819321 279.45
    vertex 31.0000000000003 13.38305851252393 279.45
    vertex 32.39999997278316 14.75672653234262 279.45
  endloop
endfacet
facet normal -0 0 -1
  outer loop
    vertex 33.8000000000114 13.38305856801297 279.45
    vertex 32.40000000000479 12.00939054819321 279.45
    vertex 32.39999997278316 14.75672653234262 279.45
  endloop
endfacet
facet normal 0 0 -1
  outer loop
    vertex 33.80000000001149 16.1303945521613 279.45
    vertex 33.8000000000114 13.38305856801297 279.45
    vertex 32.39999997278316 14.75672653234262 279.45
  endloop
endfacet
facet normal 0 -0 -1
  outer loop
    vertex 33.8000000000114 13.38305856801297 279.45
    vertex 33.80000000001144 10.63572258386463 279.45
    vertex 32.40000000000479 12.00939054819321 279.45
  endloop
endfacet
facet normal 0 0 -1
  outer loop
    vertex 31.0000000000003 10.63572258386249 279.45
    vertex 31.0000000000003 13.38305851252393 279.45
    vertex 32.40000000000479 12.00939054819321 279.45
  endloop
endfacet
facet normal 0 0 -1
  outer loop
    vertex 31.0000000000003 13.38305851252393 279.45
    vertex 31.0000000000003 16.13039444118537 279.45
    vertex 32.39999997278316 14.75672653234262 279.45
  endloop
endfacet
facet normal -0.592439 3.61266e-05 -0.805615
  outer loop
    vertex 29.78795823740543 10.60844899712766 251.0456864919284
    vertex 29.11162334162711 11.09451362401695 251.5430759713113
    vertex 29.79154851296379 13.23413431593705 251.0431639959438
  endloop
endfacet
facet normal -0.701862 0.00197838 -0.71231
  outer loop
    vertex 27.2140695915772 10.61052596860003 253.2087664520491
    vertex 27.45382110213707 10.85214986762922 252.9732028863645
    vertex 27.41394020171377 10.61033686913037 253.0118271687332
  endloop
endfacet
facet normal -0.717979 0.010534 -0.695985
  outer loop
    vertex 26.69324159395526 11.26567446919082 253.7498428722121
    vertex 27.31680060716182 11.28252356962663 253.106834256519
    vertex 27.11531879643317 10.85361085875683 253.3081912124322
  endloop
endfacet
facet normal -0.782948 -0.0384226 -0.620899
  outer loop
    vertex 25.04999999999729 10.61299659599379 255.7818227862138
    vertex 25.86038725688211 11.41857888086834 254.7100803099279
    vertex 26.44372999540548 10.61130917727816 254.0244459249964
  endloop
endfacet
facet normal -0.703388 0.00497693 -0.710788
  outer loop
    vertex 27.2140695915772 10.61052596860003 253.2087664520491
    vertex 27.11531879643317 10.85361085875683 253.3081912124322
    vertex 27.45382110213707 10.85214986762922 252.9732028863645
  endloop
endfacet
facet normal -0.688725 0.00583985 -0.725
  outer loop
    vertex 27.31680060716182 11.28252356962663 253.106834256519
    vertex 27.7190304296719 10.92378112877641 252.7218402000811
    vertex 27.45382110213707 10.85214986762922 252.9732028863645
  endloop
endfacet
facet normal -0.631139 0.0171971 -0.775479
  outer loop
    vertex 28.40336818815896 13.2103675714796 252.1146089404102
    vertex 27.7938467067084 15.10125083552978 252.6526129488996
    vertex 29.79513920610234 15.85981963505249 251.040642413056
  endloop
endfacet
facet normal -0.611006 7.53258e-05 -0.791626
  outer loop
    vertex 29.79154851296379 13.23413431593705 251.0431639959438
    vertex 28.40336818815896 13.2103675714796 252.1146089404102
    vertex 29.79513920610234 15.85981963505249 251.040642413056
  endloop
endfacet
facet normal -0.586604 0.0124144 -0.809778
  outer loop
    vertex 29.33483887896951 10.60876417529018 251.3739315238798
    vertex 29.11162334162711 11.09451362401695 251.5430759713113
    vertex 29.78795823740543 10.60844899712766 251.0456864919284
  endloop
endfacet
facet normal -0.675791 -0.00482457 -0.737077
  outer loop
    vertex 27.61660277185447 10.61015056985056 252.8178041674194
    vertex 27.7190304296719 10.92378112877641 252.7218402000811
    vertex 28.03004527978381 10.60978659617588 252.4387406260467
  endloop
endfacet
facet normal -0.797643 -0 -0.60313
  outer loop
    vertex 25.04999999999729 13.23754501544369 255.7818227862138
    vertex 25.86038725688211 11.41857888086834 254.7100803099279
    vertex 25.04999999999729 10.61299659599379 255.7818227862138
  endloop
endfacet
facet normal -0.783503 -0 -0.621388
  outer loop
    vertex 25.04999999999729 15.86209343489359 255.7818227862138
    vertex 26.44398229907699 14.59695348425988 254.0241628905717
    vertex 25.04999999999729 13.23754501544369 255.7818227862138
  endloop
endfacet
facet normal -0.784537 -0 -0.620082
  outer loop
    vertex 25.04999999999729 18.4866418543435 255.7818227862138
    vertex 26.40082496434281 17.0107408899596 254.0727385623155
    vertex 25.04999999999729 15.86209343489359 255.7818227862138
  endloop
endfacet
facet normal -0.705878 0.0117731 -0.708236
  outer loop
    vertex 28.1292390648293 17.06550609349928 252.3509893525302
    vertex 27.7938467067084 15.10125083552978 252.6526129488996
    vertex 26.40082496434281 17.0107408899596 254.0727385623155
  endloop
endfacet
facet normal -0.712969 0.00136349 -0.701195
  outer loop
    vertex 26.40082496434281 17.0107408899596 254.0727385623155
    vertex 27.7938467067084 15.10125083552978 252.6526129488996
    vertex 26.44398229907699 14.59695348425988 254.0241628905717
  endloop
endfacet
facet normal -0.69763 0.00517173 -0.71644
  outer loop
    vertex 27.31680060716182 11.28252356962663 253.106834256519
    vertex 27.11936654045998 11.97557729083634 253.3040876623024
    vertex 27.68070098802852 11.98915371558561 252.7575889039217
  endloop
endfacet
facet normal -0.618197 9.09135e-05 -0.786023
  outer loop
    vertex 29.79513920610234 15.85981963505249 251.040642413056
    vertex 28.1292390648293 17.06550609349928 252.3509893525302
    vertex 29.79873036658465 18.48550495437195 251.0381217082934
  endloop
endfacet
facet normal -0.754413 0.0122515 -0.656285
  outer loop
    vertex 26.44372999540548 10.61130917727816 254.0244459249964
    vertex 25.86038725688211 11.41857888086834 254.7100803099279
    vertex 26.69324159395526 11.26567446919082 253.7498428722121
  endloop
endfacet
facet normal -0.784037 -0.00152681 -0.620713
  outer loop
    vertex 25.04999999999729 15.86209343489359 255.7818227862138
    vertex 26.40082496434281 17.0107408899596 254.0727385623155
    vertex 26.44398229907699 14.59695348425988 254.0241628905717
  endloop
endfacet
facet normal -0.706554 0.0166593 -0.707463
  outer loop
    vertex 28.03878468003976 21.11119027379339 252.4309609984176
    vertex 27.22027729233607 19.1639445859186 253.2025639302118
    vertex 26.44762351024419 21.11119027379339 254.0200794108591
  endloop
endfacet
facet normal -0.654119 -0.00249448 -0.756388
  outer loop
    vertex 28.5636310016689 11.09693188577119 251.9804551954012
    vertex 27.94982741869162 11.30254871340106 252.5105902260283
    vertex 28.47571118384177 11.94531872638183 252.0536897647127
  endloop
endfacet
facet normal -0.787016 0.00945692 -0.61686
  outer loop
    vertex 26.44398229907699 14.59695348425988 254.0241628905717
    vertex 26.21283814199725 12.5836371051433 254.2882005921574
    vertex 25.04999999999729 13.23754501544369 255.7818227862138
  endloop
endfacet
facet normal -0.70534 -0.0179496 -0.708642
  outer loop
    vertex 27.22027729233607 19.1639445859186 253.2025639302118
    vertex 28.1292390648293 17.06550609349928 252.3509893525302
    vertex 26.40082496434281 17.0107408899596 254.0727385623155
  endloop
endfacet
facet normal -0.685793 0.0120209 -0.727697
  outer loop
    vertex 27.94982741869162 11.30254871340106 252.5105902260283
    vertex 27.7190304296719 10.92378112877641 252.7218402000811
    vertex 27.31680060716182 11.28252356962663 253.106834256519
  endloop
endfacet
facet normal -0.606795 6.72125e-05 -0.794858
  outer loop
    vertex 29.79873036658465 18.48550495437195 251.0381217082934
    vertex 28.55411221253608 19.41538728767667 251.9883419576032
    vertex 29.80232204417428 21.1111902737934 251.0356018466838
  endloop
endfacet
facet normal -0.794167 -8.84465e-13 -0.6077
  outer loop
    vertex 25.04999999999199 21.11119027379341 255.7818227862168
    vertex 26.0025247014329 19.41902359674033 254.5370254485989
    vertex 25.04999999999729 18.4866418543435 255.7818227862138
  endloop
endfacet
facet normal -0.731898 0.0115221 -0.681317
  outer loop
    vertex 26.21283814199725 12.5836371051433 254.2882005921574
    vertex 27.11936654045998 11.97557729083634 253.3040876623024
    vertex 26.69324159395526 11.26567446919082 253.7498428722121
  endloop
endfacet
facet normal -0.624149 -0.0133847 -0.781191
  outer loop
    vertex 29.79513920610234 15.85981963505249 251.040642413056
    vertex 27.7938467067084 15.10125083552978 252.6526129488996
    vertex 28.1292390648293 17.06550609349928 252.3509893525302
  endloop
endfacet
facet normal -0.789629 -0.0123272 -0.613461
  outer loop
    vertex 25.04999999999729 18.4866418543435 255.7818227862138
    vertex 26.0025247014329 19.41902359674033 254.5370254485989
    vertex 26.40082496434281 17.0107408899596 254.0727385623155
  endloop
endfacet
facet normal -0.62041 0.0161269 -0.784111
  outer loop
    vertex 29.80232204417428 21.1111902737934 251.0356018466838
    vertex 28.55411221253608 19.41538728767667 251.9883419576032
    vertex 28.03878468003976 21.11119027379339 252.4309609984176
  endloop
endfacet
facet normal -0.783313 0.0161998 -0.621417
  outer loop
    vertex 26.44762351024419 21.11119027379339 254.0200794108591
    vertex 26.0025247014329 19.41902359674033 254.5370254485989
    vertex 25.04999999999199 21.11119027379341 255.7818227862168
  endloop
endfacet
facet normal -0.756061 -0.00826056 -0.654449
  outer loop
    vertex 26.69324159395526 11.26567446919082 253.7498428722121
    vertex 25.86038725688211 11.41857888086834 254.7100803099279
    vertex 26.21283814199725 12.5836371051433 254.2882005921574
  endloop
endfacet
facet normal -0.673918 -0.00141085 -0.738805
  outer loop
    vertex 28.03004527978381 10.60978659617588 252.4387406260467
    vertex 27.7190304296719 10.92378112877641 252.7218402000811
    vertex 27.94982741869162 11.30254871340106 252.5105902260283
  endloop
endfacet
facet normal -0.623783 0.0062213 -0.781572
  outer loop
    vertex 28.5636310016689 11.09693188577119 251.9804551954012
    vertex 29.11162334162711 11.09451362401695 251.5430759713113
    vertex 28.89041442719651 10.60909239789483 251.7157618032514
  endloop
endfacet
facet normal -0.737877 0.0080741 -0.674887
  outer loop
    vertex 26.40082496434281 17.0107408899596 254.0727385623155
    vertex 26.0025247014329 19.41902359674033 254.5370254485989
    vertex 27.22027729233607 19.1639445859186 253.2025639302118
  endloop
endfacet
facet normal -0.717783 -0.00631936 -0.696238
  outer loop
    vertex 26.69324159395526 11.26567446919082 253.7498428722121
    vertex 27.11936654045998 11.97557729083634 253.3040876623024
    vertex 27.31680060716182 11.28252356962663 253.106834256519
  endloop
endfacet
facet normal -0.612129 -0.0113451 -0.790677
  outer loop
    vertex 28.1292390648293 17.06550609349928 252.3509893525302
    vertex 28.55411221253608 19.41538728767667 251.9883419576032
    vertex 29.79873036658465 18.48550495437195 251.0381217082934
  endloop
endfacet
facet normal -0.67396 0.00785168 -0.738726
  outer loop
    vertex 27.22027729233607 19.1639445859186 253.2025639302118
    vertex 28.55411221253608 19.41538728767667 251.9883419576032
    vertex 28.1292390648293 17.06550609349928 252.3509893525302
  endloop
endfacet
facet normal -0.685512 -0.00679711 -0.72803
  outer loop
    vertex 27.68070098802852 11.98915371558561 252.7575889039217
    vertex 27.94982741869162 11.30254871340106 252.5105902260283
    vertex 27.31680060716182 11.28252356962663 253.106834256519
  endloop
endfacet
facet normal -0.703411 -0.00325257 -0.710776
  outer loop
    vertex 27.11531879643317 10.85361085875683 253.3081912124322
    vertex 27.31680060716182 11.28252356962663 253.106834256519
    vertex 27.45382110213707 10.85214986762922 252.9732028863645
  endloop
endfacet
facet normal -0.78601 0.0139775 -0.618056
  outer loop
    vertex 26.21283814199725 12.5836371051433 254.2882005921574
    vertex 25.86038725688211 11.41857888086834 254.7100803099279
    vertex 25.04999999999729 13.23754501544369 255.7818227862138
  endloop
endfacet
facet normal -0.653079 0.0029186 -0.757284
  outer loop
    vertex 28.03004527978381 10.60978659617588 252.4387406260467
    vertex 27.94982741869162 11.30254871340106 252.5105902260283
    vertex 28.5636310016689 11.09693188577119 251.9804551954012
  endloop
endfacet
facet normal -0.736826 -0.00275972 -0.676076
  outer loop
    vertex 26.44372999540548 10.61130917727816 254.0244459249964
    vertex 26.69324159395526 11.26567446919082 253.7498428722121
    vertex 26.82295252015516 10.6109123332194 253.6111492369873
  endloop
endfacet
facet normal -0.731875 0.0115959 -0.681341
  outer loop
    vertex 26.21283814199725 12.5836371051433 254.2882005921574
    vertex 27.37418512316746 13.16129366771528 253.0505495110994
    vertex 27.11936654045998 11.97557729083634 253.3040876623024
  endloop
endfacet
facet normal -0.727722 -0.00639714 -0.685842
  outer loop
    vertex 26.44398229907699 14.59695348425988 254.0241628905717
    vertex 27.37418512316746 13.16129366771528 253.0505495110994
    vertex 26.21283814199725 12.5836371051433 254.2882005921574
  endloop
endfacet
facet normal -0.66257 0.00971628 -0.748937
  outer loop
    vertex 28.47571118384177 11.94531872638183 252.0536897647127
    vertex 27.94982741869162 11.30254871340106 252.5105902260283
    vertex 27.68070098802852 11.98915371558561 252.7575889039217
  endloop
endfacet
facet normal -0.69753 -0.00331332 -0.716548
  outer loop
    vertex 27.11936654045998 11.97557729083634 253.3040876623024
    vertex 27.37418512316746 13.16129366771528 253.0505495110994
    vertex 27.68070098802852 11.98915371558561 252.7575889039217
  endloop
endfacet
facet normal -0.739671 -0.0110008 -0.672879
  outer loop
    vertex 27.22027729233607 19.1639445859186 253.2025639302118
    vertex 26.0025247014329 19.41902359674033 254.5370254485989
    vertex 26.44762351024419 21.11119027379339 254.0200794108591
  endloop
endfacet
facet normal -0.672003 -0.0109426 -0.740468
  outer loop
    vertex 28.03878468003976 21.11119027379339 252.4309609984176
    vertex 28.55411221253608 19.41538728767667 251.9883419576032
    vertex 27.22027729233607 19.1639445859186 253.2025639302118
  endloop
endfacet
facet normal -0.714723 0.011164 -0.699318
  outer loop
    vertex 26.44398229907699 14.59695348425988 254.0241628905717
    vertex 27.7938467067084 15.10125083552978 252.6526129488996
    vertex 27.37418512316746 13.16129366771528 253.0505495110994
  endloop
endfacet
facet normal -0.688306 0.00283078 -0.725415
  outer loop
    vertex 27.45382110213707 10.85214986762922 252.9732028863645
    vertex 27.7190304296719 10.92378112877641 252.7218402000811
    vertex 27.61660277185447 10.61015056985056 252.8178041674194
  endloop
endfacet
facet normal -0.609669 -0.00415008 -0.792646
  outer loop
    vertex 28.89041442719651 10.60909239789483 251.7157618032514
    vertex 29.11162334162711 11.09451362401695 251.5430759713113
    vertex 29.33483887896951 10.60876417529018 251.3739315238798
  endloop
endfacet
facet normal -0.672621 -0.00628047 -0.73996
  outer loop
    vertex 27.37418512316746 13.16129366771528 253.0505495110994
    vertex 27.7938467067084 15.10125083552978 252.6526129488996
    vertex 28.40336818815896 13.2103675714796 252.1146089404102
  endloop
endfacet
facet normal -0.71204 -0.00207707 -0.702135
  outer loop
    vertex 27.01705345186373 10.6107178099629 253.408561303822
    vertex 27.11531879643317 10.85361085875683 253.3081912124322
    vertex 27.2140695915772 10.61052596860003 253.2087664520491
  endloop
endfacet
facet normal -0.691542 -0.00132466 -0.722335
  outer loop
    vertex 27.41394020171377 10.61033686913037 253.0118271687332
    vertex 27.45382110213707 10.85214986762922 252.9732028863645
    vertex 27.61660277185447 10.61015056985056 252.8178041674194
  endloop
endfacet
facet normal -0.611036 0.00317716 -0.791597
  outer loop
    vertex 28.47571118384177 11.94531872638183 252.0536897647127
    vertex 28.40336818815896 13.2103675714796 252.1146089404102
    vertex 29.79154851296379 13.23413431593705 251.0431639959438
  endloop
endfacet
facet normal -0.623802 0.0028217 -0.781577
  outer loop
    vertex 28.5636310016689 11.09693188577119 251.9804551954012
    vertex 28.47571118384177 11.94531872638183 252.0536897647127
    vertex 29.11162334162711 11.09451362401695 251.5430759713113
  endloop
endfacet
facet normal -0.662958 -0.00186 -0.748654
  outer loop
    vertex 27.68070098802852 11.98915371558561 252.7575889039217
    vertex 28.40336818815896 13.2103675714796 252.1146089404102
    vertex 28.47571118384177 11.94531872638183 252.0536897647127
  endloop
endfacet
facet normal -0.673003 0.00885857 -0.739586
  outer loop
    vertex 27.68070098802852 11.98915371558561 252.7575889039217
    vertex 27.37418512316746 13.16129366771528 253.0505495110994
    vertex 28.40336818815896 13.2103675714796 252.1146089404102
  endloop
endfacet
facet normal -0.616339 0.0118891 -0.787391
  outer loop
    vertex 29.11162334162711 11.09451362401695 251.5430759713113
    vertex 28.47571118384177 11.94531872638183 252.0536897647127
    vertex 29.79154851296379 13.23413431593705 251.0431639959438
  endloop
endfacet
facet normal -0.643262 -0.0155535 -0.765488
  outer loop
    vertex 28.03004527978381 10.60978659617588 252.4387406260467
    vertex 28.5636310016689 11.09693188577119 251.9804551954012
    vertex 28.89041442719651 10.60909239789483 251.7157618032514
  endloop
endfacet
facet normal -0.722053 0.00624038 -0.69181
  outer loop
    vertex 26.82295252015516 10.6109123332194 253.6111492369873
    vertex 27.11531879643317 10.85361085875683 253.3081912124322
    vertex 27.01705345186373 10.6107178099629 253.408561303822
  endloop
endfacet
facet normal -0.721124 0.00389231 -0.692795
  outer loop
    vertex 26.69324159395526 11.26567446919082 253.7498428722121
    vertex 27.11531879643317 10.85361085875683 253.3081912124322
    vertex 26.82295252015516 10.6109123332194 253.6111492369873
  endloop
endfacet
facet normal 1.15511e-12 -1 0.000960191
  outer loop
    vertex 28.02631212201396 10.63774244869832 281.5536057584081
    vertex 29.78182278619962 10.63907909897805 282.9456717865464
    vertex 29.77567145546164 10.63907909897804 282.9456717865464
  endloop
endfacet
facet normal 2.42928e-12 -1 0.000960191
  outer loop
    vertex 25.04999999999277 10.63453979781412 278.2181772137741
    vertex 25.04999999999278 10.63453564399387 278.2138511816322
    vertex 26.44206666985083 10.63622127002765 279.9693610365562
  endloop
endfacet
facet normal 8.30619e-13 -1 0.000960191
  outer loop
    vertex 28.02256899321313 10.63774340017127 281.554596678166
    vertex 28.02631212201396 10.63774244869832 281.5536057584081
    vertex 29.77567145546164 10.63907909897804 282.9456717865464
  endloop
endfacet
facet normal 2.3807e-12 -1 0.000960191
  outer loop
    vertex 25.04999999999277 10.63453979781412 278.2181772137741
    vertex 26.44206666985083 10.63622127002765 279.9693610365562
    vertex 26.44039864979109 10.63622362719605 279.9718159300446
  endloop
endfacet
facet normal 8.34143e-13 -1 0.000960191
  outer loop
    vertex 26.44206666985083 10.63622127002765 279.9693610365562
    vertex 28.02631212201396 10.63774244869832 281.5536057584081
    vertex 28.02256899321313 10.63774340017127 281.554596678166
  endloop
endfacet
facet normal 2.18408e-12 -1 0.000960191
  outer loop
    vertex 26.44039864979109 10.63622362719605 279.9718159300446
    vertex 26.44206666985083 10.63622127002765 279.9693610365562
    vertex 28.02256899321313 10.63774340017127 281.554596678166
  endloop
endfacet
facet normal -7.67487e-13 1 -0.000960191
  outer loop
    vertex 44.94105370699741 10.61354106931899 256.3488692382636
    vertex 43.34851216223442 10.61528914501005 258.1694178329143
    vertex 45.33386128674785 10.61550375494675 258.3929252116823
  endloop
endfacet
facet normal -7.62252e-13 1 -0.000960191
  outer loop
    vertex 25.04999999999277 10.63184326299385 275.4098476322048
    vertex 25.04999999999277 10.62915088199385 272.6058440827775
    vertex 23.93978481273335 10.6305855200743 274.0999603583297
  endloop
endfacet
facet normal -7.67664e-13 1 -0.000960191
  outer loop
    vertex 40.66704776480273 10.60941851299247 252.0553971913795
    vertex 38.58215572793678 10.61081750433296 253.5123888611446
    vertex 40.06160486742702 10.6116884718883 254.4194655762999
  endloop
endfacet
facet normal -7.65824e-13 1 -0.000960191
  outer loop
    vertex 21.62870941807999 10.62161632933289 264.7589188529312
    vertex 25.04999999999278 10.62107373899382 264.1938334344957
    vertex 22.15811781884205 10.61894072559249 261.9723881256508
  endloop
endfacet
facet normal -7.67187e-13 1 -0.000960191
  outer loop
    vertex 37.06208179713736 10.63398039621838 277.6355835593614
    vertex 38.60954331485382 10.63222125070168 275.8035061987995
    vertex 36.65769944198895 10.63202469831996 275.5988050172804
  endloop
endfacet
facet normal -7.66552e-13 1 -0.000960191
  outer loop
    vertex 43.34851216223442 10.61528914501005 258.1694178329143
    vertex 44.94105370699741 10.61354106931899 256.3488692382636
    vertex 43.10723306884137 10.61355820977124 256.3667203124153
  endloop
endfacet
facet normal -7.67733e-13 1 -0.000960191
  outer loop
    vertex 46.01008705344699 10.6170674543282 260.021453497379
    vertex 46.75257604959893 10.61579324140847 258.694413397463
    vertex 45.33386128674785 10.61550375494675 258.3929252116823
  endloop
endfacet
facet normal -7.6764e-13 1 -0.000960191
  outer loop
    vertex 43.82454436402303 10.60523778124976 247.701337846698
    vertex 42.30463929028928 10.60734733454262 249.8983504255774
    vertex 44.95277745894711 10.60778366414103 250.3527696689744
  endloop
endfacet
facet normal -7.66394e-13 1 -0.000960191
  outer loop
    vertex 44.39970581745078 10.61702451367 259.9767325776546
    vertex 46.01008705344699 10.6170674543282 260.021453497379
    vertex 45.33386128674785 10.61550375494675 258.3929252116823
  endloop
endfacet
facet normal -7.67508e-13 1 -0.000960191
  outer loop
    vertex 37.5873318151399 10.63050419120067 274.0152596864418
    vertex 35.98628237177839 10.63047021710994 273.9798770762021
    vertex 36.65769944198895 10.63202469831996 275.5988050172804
  endloop
endfacet
facet normal -7.6751e-13 1 -0.000960191
  outer loop
    vertex 35.98628237177839 10.63047021710994 273.9798770762021
    vertex 35.24416286806433 10.63174501905642 275.3075306231256
    vertex 36.65769944198895 10.63202469831996 275.5988050172804
  endloop
endfacet
facet normal -7.8755e-13 1 -0.000960191
  outer loop
    vertex 57.0078100011379 10.61307180966901 255.8601546952235
    vertex 56.94999999999268 10.61333314364326 256.1323232298762
    vertex 57.2074887401882 10.61335284191656 256.1528381672789
  endloop
endfacet
facet normal -7.44865e-13 1 -0.000960191
  outer loop
    vertex 24.97568444059157 10.61309462864072 255.8839197368663
    vertex 24.77613732863395 10.61337638120115 256.1773533853498
    vertex 25.04999999999279 10.61333314361879 256.1323232298922
  endloop
endfacet
facet normal -7.67104e-13 1 -0.000960191
  outer loop
    vertex 38.60954331485382 10.63222125070168 275.8035061987995
    vertex 37.06208179713736 10.63398039621838 277.6355835593614
    vertex 38.88527172591755 10.63397833221855 277.6334339873673
  endloop
endfacet
facet normal -7.66295e-13 1 -0.000960191
  outer loop
    vertex 33.80000000001157 10.63907909898113 282.9456717865469
    vertex 31.7909113931056 10.63907909897959 282.9456717865464
    vertex 32.34790415377314 10.64054381960318 284.4711177862976
  endloop
endfacet
facet normal -7.67451e-13 1 -0.000960191
  outer loop
    vertex 48.20000000001144 10.63907909899218 282.9456717865464
    vertex 49.65209584621222 10.64054381961646 284.4711177862976
    vertex 50.2090886068986 10.63907909899372 282.9456717865464
  endloop
endfacet
facet normal -7.67156e-13 1 -0.000960191
  outer loop
    vertex 32.34790415377314 10.64054381960318 284.4711177862976
    vertex 35.11676109612177 10.6416152796959 285.5869991927888
    vertex 35.32280076598356 10.63993341150425 283.8354029738656
  endloop
endfacet
facet normal -7.67392e-13 1 -0.000960191
  outer loop
    vertex 43.34851216223442 10.61528914501005 258.1694178329143
    vertex 44.39970581745078 10.61702451367 259.9767325776546
    vertex 45.33386128674785 10.61550375494675 258.3929252116823
  endloop
endfacet
facet normal -7.66519e-13 1 -0.000960191
  outer loop
    vertex 50.9999999999999 10.63490642091311 278.6
    vertex 49.39999999999991 10.63337011415474 277
    vertex 49.53191065181619 10.63479754150646 278.486606598567
  endloop
endfacet
facet normal -7.68486e-13 1 -0.000960191
  outer loop
    vertex 32.59999999999999 10.63337011414185 277
    vertex 31 10.63490642089776 278.6
    vertex 32.46808934819115 10.63479754149336 278.4866065985638
  endloop
endfacet
facet normal -7.6835e-13 1 -0.000960191
  outer loop
    vertex 49.39999999999991 10.61416627969056 257
    vertex 50.9999999999999 10.61262997293466 255.4
    vertex 49.53174357647541 10.61273907484321 255.5136251303212
  endloop
endfacet
facet normal -7.65886e-13 1 -0.000960191
  outer loop
    vertex 31 10.61262997291931 255.4
    vertex 32.59999999999999 10.61416627967767 257
    vertex 32.46825642353195 10.61273907483012 255.5136251303244
  endloop
endfacet
facet normal -7.66134e-13 1 -0.000960191
  outer loop
    vertex 48.20000000001147 10.60844899714179 251.0456864919283
    vertex 49.23658526980976 10.60679258466187 249.3206013441499
    vertex 46.72879287021126 10.60768463885406 250.249638923374
  endloop
endfacet
facet normal -7.67105e-13 1 -0.000960191
  outer loop
    vertex 42.97006598683799 10.60939714450262 252.0331427904105
    vertex 40.66704776480273 10.60941851299247 252.0553971913795
    vertex 41.79868377110255 10.61077008029114 253.4629986788062
  endloop
endfacet
facet normal -7.6832e-13 1 -0.000960191
  outer loop
    vertex 58.89999999999269 10.6237640480752 266.9956791392383
    vertex 58.89999999999269 10.62128815266029 264.4171363804634
    vertex 57.92499999999269 10.62247301494302 265.6511214845254
  endloop
endfacet
facet normal -7.67244e-13 1 -0.000960191
  outer loop
    vertex 38.60954331485382 10.63222125070168 275.8035061987995
    vertex 37.5873318151399 10.63050419120067 274.0152596864418
    vertex 36.65769944198895 10.63202469831996 275.5988050172804
  endloop
endfacet
facet normal -7.67932e-13 1 -0.000960191
  outer loop
    vertex 31.0000000000003 10.63101764441876 274.55
    vertex 31 10.63183380738349 275.4
    vertex 32.30000000001157 10.63101764441976 274.55
  endloop
endfacet
facet normal -7.66566e-13 1 -0.000960191
  outer loop
    vertex 31.00000000000015 10.6165187493983 259.45
    vertex 32.30000000001156 10.6165187493993 259.45
    vertex 31 10.61570258643358 258.6
  endloop
endfacet
facet normal -7.66566e-13 1 -0.000960191
  outer loop
    vertex 50.9999999999999 10.63183380739884 275.4
    vertex 50.9999999999999 10.63101764443411 274.55
    vertex 49.70000000001147 10.63101764443311 274.55
  endloop
endfacet
facet normal -7.66566e-13 1 -0.000960191
  outer loop
    vertex 50.9999999999999 10.61651874941365 259.45
    vertex 50.9999999999999 10.61570258644892 258.6
    vertex 49.70000000001146 10.61651874941265 259.45
  endloop
endfacet
facet normal -7.67701e-13 1 -0.000960191
  outer loop
    vertex 58.89999999999269 10.62623994349012 269.5742218980133
    vertex 58.89999999999269 10.6237640480752 266.9956791392383
    vertex 57.92499999999268 10.62505715315049 268.3423946386276
  endloop
endfacet
facet normal -7.68673e-13 1 -0.000960191
  outer loop
    vertex 32.75154032636357 10.60679790250094 249.3261396669605
    vertex 33.80000000001157 10.60844899713074 251.0456864919283
    vertex 35.11653855544714 10.60758277073931 250.1435475008204
  endloop
endfacet
facet normal -7.65887e-13 1 -0.000960191
  outer loop
    vertex 25.04999999999278 10.62107373899382 264.1938334344957
    vertex 25.04999999999278 10.61838135799381 261.3898298850684
    vertex 22.15811781884205 10.61894072559249 261.9723881256508
  endloop
endfacet
facet normal -7.86261e-13 1 -0.000960191
  outer loop
    vertex 57.2074887401882 10.61335284191656 256.1528381672789
    vertex 56.94999999999268 10.61333314364326 256.1323232298762
    vertex 56.94999999999268 10.61366969126826 256.4828236735549
  endloop
endfacet
facet normal -7.67291e-13 1 -0.000960191
  outer loop
    vertex 46.88323890386359 10.64161527970493 285.5869991927888
    vertex 49.65209584621222 10.64054381961646 284.4711177862976
    vertex 46.89236868683589 10.63992183840387 283.8233500588353
  endloop
endfacet
facet normal -7.67449e-13 1 -0.000960191
  outer loop
    vertex 43.39840550817852 10.61091802153442 253.6170733687654
    vertex 42.97006598683799 10.60939714450262 252.0331427904105
    vertex 41.79868377110255 10.61077008029114 253.4629986788062
  endloop
endfacet
facet normal -7.67096e-13 1 -0.000960191
  outer loop
    vertex 38.14212581811876 10.62431849465829 267.5731123597247
    vertex 40.09735049404804 10.62313011473723 266.3354637799279
    vertex 37.91683575907714 10.62221108953163 265.3783370085611
  endloop
endfacet
facet normal -7.67123e-13 1 -0.000960191
  outer loop
    vertex 46.58951262338775 10.6058260057741 248.3139493783326
    vertex 43.82454436402303 10.60523778124976 247.701337846698
    vertex 44.95277745894711 10.60778366414103 250.3527696689744
  endloop
endfacet
facet normal -7.70658e-13 1 -0.000960191
  outer loop
    vertex 56.94999999999267 10.63184326301833 275.4098476322027
    vertex 58.0143367653822 10.63291172063165 276.5226020818269
    vertex 58.89999999999269 10.63119173431995 274.7313074155632
  endloop
endfacet
facet normal -7.66333e-13 1 -0.000960191
  outer loop
    vertex 34.11882779205744 10.61610073285198 259.0146530389526
    vertex 35.46691914073343 10.61585947957543 258.7633977200958
    vertex 34.1042993260281 10.61492051793088 257.7855079707796
  endloop
endfacet
facet normal -7.67131e-13 1 -0.000960191
  outer loop
    vertex 47.88185865799903 10.63143560594723 274.985289646234
    vertex 46.53337450824821 10.63167647316312 275.23614289887
    vertex 47.89558302435472 10.63261251547281 276.2109922815784
  endloop
endfacet
facet normal -7.65866e-13 1 -0.000960191
  outer loop
    vertex 22.15811781884205 10.61894072559249 261.9723881256508
    vertex 25.04999999999278 10.61838135799381 261.3898298850684
    vertex 23.08616811581141 10.61636716995942 259.2921362847155
  endloop
endfacet
facet normal -7.46408e-13 1 -0.000960191
  outer loop
    vertex 24.77613732863395 10.61337638120115 256.1773533853498
    vertex 25.04999999999279 10.61366969124379 256.4828236735706
    vertex 25.04999999999279 10.61333314361879 256.1323232298922
  endloop
endfacet
facet normal -7.67523e-13 1 -0.000960191
  outer loop
    vertex 43.39840550817852 10.61091802153442 253.6170733687654
    vertex 41.89629472826652 10.61242825053789 255.1899144671755
    vertex 43.71377383129747 10.61236496163343 255.12400168713
  endloop
endfacet
facet normal -7.67209e-13 1 -0.000960191
  outer loop
    vertex 35.97577338254973 10.62604646088156 269.3727177751527
    vertex 38.38236101776412 10.62649622181329 269.8411251973405
    vertex 38.14212581811876 10.62431849465829 267.5731123597247
  endloop
endfacet
facet normal -7.67795e-13 1 -0.000960191
  outer loop
    vertex 38.58215572793678 10.61081750433296 253.5123888611446
    vertex 40.66704776480273 10.60941851299247 252.0553971913795
    vertex 38.6158799935459 10.6090577656042 251.6796936959495
  endloop
endfacet
facet normal -7.67491e-13 1 -0.000960191
  outer loop
    vertex 35.97577338254973 10.62604646088156 269.3727177751527
    vertex 38.14212581811876 10.62431849465829 267.5731123597247
    vertex 35.90397870722424 10.62356483600598 266.7882080199168
  endloop
endfacet
facet normal -7.66534e-13 1 -0.000960191
  outer loop
    vertex 50.9999999999999 10.63572258387783 279.45
    vertex 50.9999999999999 10.63490642091311 278.6
    vertex 49.53191065181619 10.63479754150646 278.486606598567
  endloop
endfacet
facet normal -7.68751e-13 1 -0.000960191
  outer loop
    vertex 31 10.63490642089776 278.6
    vertex 31.0000000000003 10.63572258386249 279.45
    vertex 32.46808934819115 10.63479754149336 278.4866065985638
  endloop
endfacet
facet normal -7.69032e-13 1 -0.000960191
  outer loop
    vertex 50.9999999999999 10.61262997293466 255.4
    vertex 50.9999999999999 10.61181380996992 254.55
    vertex 49.53174357647541 10.61273907484321 255.5136251303212
  endloop
endfacet
facet normal -7.65222e-13 1 -0.000960191
  outer loop
    vertex 31.00000000000022 10.61181380995457 254.55
    vertex 31 10.61262997291931 255.4
    vertex 32.46825642353195 10.61273907483012 255.5136251303244
  endloop
endfacet
facet normal -7.67074e-13 1 -0.000960191
  outer loop
    vertex 40.11812696296681 10.63516060533386 278.8647225787927
    vertex 38.63569328591777 10.63663142090368 280.396516214795
    vertex 40.45684823458383 10.63700199580512 280.7824546592617
  endloop
endfacet
facet normal -7.66885e-13 1 -0.000960191
  outer loop
    vertex 42.41318669795928 10.63030567110651 273.8085092083152
    vertex 44.38169739422472 10.63032239053669 273.8259218023484
    vertex 43.8819214621784 10.62890824778319 272.3531505641351
  endloop
endfacet
facet normal -7.66686e-13 1 -0.000960191
  outer loop
    vertex 44.38310431034988 10.62733991048682 270.7197920807754
    vertex 45.33175884556913 10.62897443229061 272.4220789923896
    vertex 46.20162989002115 10.62775153716233 271.1484842514726
  endloop
endfacet
facet normal -7.67414e-13 1 -0.000960191
  outer loop
    vertex 39.56498704056565 10.61721400444801 260.1740793961536
    vertex 37.60956818032646 10.61720786264853 260.1676829673725
    vertex 38.26334913017507 10.61847053260947 261.4827015515864
  endloop
endfacet
facet normal -7.67395e-13 1 -0.000960191
  outer loop
    vertex 41.89629472826652 10.61242825053789 255.1899144671755
    vertex 43.39840550817852 10.61091802153442 253.6170733687654
    vertex 41.79868377110255 10.61077008029114 253.4629986788062
  endloop
endfacet
facet normal -7.67105e-13 1 -0.000960191
  outer loop
    vertex 38.63569328591777 10.63663142090368 280.396516214795
    vertex 40.11812696296681 10.63516060533386 278.8647225787927
    vertex 38.29989656390936 10.6351671607098 278.8715497333909
  endloop
endfacet
facet normal -7.67563e-13 1 -0.000960191
  outer loop
    vertex 40.45684823458383 10.63700199580512 280.7824546592617
    vertex 38.71400544523881 10.63841430459065 282.2533158974155
    vertex 41.20245808700786 10.63872468365226 282.5765628617518
  endloop
endfacet
facet normal -7.67805e-13 1 -0.000960191
  outer loop
    vertex 49.23658526980976 10.60679258466187 249.3206013441499
    vertex 46.58951262338775 10.6058260057741 248.3139493783326
    vertex 46.72879287021126 10.60768463885406 250.249638923374
  endloop
endfacet
facet normal -7.67034e-13 1 -0.000960191
  outer loop
    vertex 37.76508261428653 10.62011140414422 263.1916014467545
    vertex 36.66507827714053 10.61855342323151 261.5690287102871
    vertex 35.82741270895642 10.61976614794791 262.832031387488
  endloop
endfacet
facet normal -7.67054e-13 1 -0.000960191
  outer loop
    vertex 40.09735049404804 10.62313011473723 266.3354637799279
    vertex 39.95264286080948 10.62110024861976 264.2214421024939
    vertex 37.91683575907714 10.62221108953163 265.3783370085611
  endloop
endfacet
facet normal -7.66474e-13 1 -0.000960191
  outer loop
    vertex 35.46691914073343 10.61585947957543 258.7633977200958
    vertex 35.37886247709159 10.61406670284188 256.8962948382948
    vertex 34.1042993260281 10.61492051793088 257.7855079707796
  endloop
endfacet
facet normal -7.67621e-13 1 -0.000960191
  outer loop
    vertex 44.95277745894711 10.60778366414103 250.3527696689744
    vertex 42.30463929028928 10.60734733454262 249.8983504255774
    vertex 42.97006598683799 10.60939714450262 252.0331427904105
  endloop
endfacet
facet normal -7.66756e-13 1 -0.000960191
  outer loop
    vertex 46.53337450824821 10.63167647316312 275.23614289887
    vertex 46.62000570677931 10.63346743379661 277.101354387506
    vertex 47.89558302435472 10.63261251547281 276.2109922815784
  endloop
endfacet
facet normal -7.6711e-13 1 -0.000960191
  outer loop
    vertex 42.30463929028928 10.60734733454262 249.8983504255774
    vertex 40.66704776480273 10.60941851299247 252.0553971913795
    vertex 42.97006598683799 10.60939714450262 252.0331427904105
  endloop
endfacet
facet normal -7.68529e-13 1 -0.000960191
  outer loop
    vertex 34.11882779205744 10.61610073285198 259.0146530389526
    vertex 34.1042993260281 10.61492051793088 257.7855079707796
    vertex 32.91396456868753 10.61572491104627 258.6232501600315
  endloop
endfacet
facet normal -7.67688e-13 1 -0.000960191
  outer loop
    vertex 45.33386128674785 10.61550375494675 258.3929252116823
    vertex 46.75257604959893 10.61579324140847 258.694413397463
    vertex 46.57037577677882 10.61428802312924 257.1267907626241
  endloop
endfacet
facet normal -7.65201e-13 1 -0.000960191
  outer loop
    vertex 46.98906873744375 10.62909778926693 272.5505501841977
    vertex 48.20000000001147 10.62725369287697 270.63
    vertex 46.20162989002115 10.62775153716233 271.1484842514726
  endloop
endfacet
facet normal -7.69259e-13 1 -0.000960191
  outer loop
    vertex 35.01112021005194 10.61843867846626 261.4495267803988
    vertex 33.80000000001157 10.62028270095543 263.37
    vertex 35.82741270895642 10.61976614794791 262.832031387488
  endloop
endfacet
facet normal -7.67892e-13 1 -0.000960191
  outer loop
    vertex 44.39970581745078 10.61702451367 259.9767325776546
    vertex 43.34851216223442 10.61528914501005 258.1694178329143
    vertex 42.80971260431366 10.61713331949533 260.0900493496302
  endloop
endfacet
facet normal -7.67744e-13 1 -0.000960191
  outer loop
    vertex 37.05438690811425 10.61586718213873 258.7714196201979
    vertex 38.15214958472996 10.61443206005277 257.2767992729154
    vertex 36.58714372738182 10.61466034437858 257.5145479656966
  endloop
endfacet
facet normal -7.66534e-13 1 -0.000960191
  outer loop
    vertex 47.88185865799903 10.63143560594723 274.985289646234
    vertex 47.89558302435472 10.63261251547281 276.2109922815784
    vertex 49.08613023139333 10.63181091354249 275.3761569962259
  endloop
endfacet
facet normal -7.68223e-13 1 -0.000960191
  outer loop
    vertex 37.15460543470462 10.63996054381344 283.8636601511865
    vertex 36.98161573277924 10.63759796204616 281.4031288739006
    vertex 35.3579942178118 10.63833387223812 282.1695489287928
  endloop
endfacet
facet normal -7.68085e-13 1 -0.000960191
  outer loop
    vertex 44.94106390993794 10.63166728978259 275.2265787888318
    vertex 43.8352746767371 10.63309903623808 276.7176835564831
    vertex 45.41141382430561 10.63287267234968 276.4819349198961
  endloop
endfacet
facet normal -7.67302e-13 1 -0.000960191
  outer loop
    vertex 37.14710196396283 10.60778057489614 250.3495523543211
    vertex 35.37694135549819 10.60917200817584 251.7986726158491
    vertex 37.01154819070789 10.60994773808058 252.6065632534567
  endloop
endfacet
facet normal -7.66141e-13 1 -0.000960191
  outer loop
    vertex 25.04999999999278 10.62107373899382 264.1938334344957
    vertex 21.62870941807999 10.62161632933289 264.7589188529312
    vertex 23.19560893508315 10.62315507786979 266.3614618644016
  endloop
endfacet
facet normal -7.67685e-13 1 -0.000960191
  outer loop
    vertex 41.49051672883346 10.61812690882804 261.1248315808288
    vertex 41.71508486037535 10.62010108176699 263.1808511142859
    vertex 43.61295140907254 10.61887490258321 261.9038361644587
  endloop
endfacet
facet normal -7.64498e-13 1 -0.000960191
  outer loop
    vertex 48.20000000001147 10.62028270096648 263.37
    vertex 46.99397774822725 10.61844327202284 261.4543107701801
    vertex 46.31866451308299 10.61973763441696 262.802335714937
  endloop
endfacet
facet normal -7.69846e-13 1 -0.000960191
  outer loop
    vertex 33.80000000001157 10.62725369286593 270.63
    vertex 35.0058951987349 10.62909288315035 272.5454406761019
    vertex 35.68634014630399 10.62780300557727 271.2020864871228
  endloop
endfacet
facet normal -7.67187e-13 1 -0.000960191
  outer loop
    vertex 40.66704776480273 10.60941851299247 252.0553971913795
    vertex 40.06160486742702 10.6116884718883 254.4194655762999
    vertex 41.79868377110255 10.61077008029114 253.4629986788062
  endloop
endfacet
facet normal -7.67185e-13 1 -0.000960191
  outer loop
    vertex 40.45684823458383 10.63700199580512 280.7824546592617
    vertex 38.63569328591777 10.63663142090368 280.396516214795
    vertex 38.71400544523881 10.63841430459065 282.2533158974155
  endloop
endfacet
facet normal -7.6734e-13 1 -0.000960191
  outer loop
    vertex 35.40211950094475 10.60582841169957 248.3164550592266
    vertex 32.75154032636357 10.60679790250094 249.3261396669605
    vertex 35.11653855544714 10.60758277073931 250.1435475008204
  endloop
endfacet
facet normal -7.68107e-13 1 -0.000960191
  outer loop
    vertex 45.14464840260602 10.63414147360769 277.8033389973795
    vertex 46.61342621211394 10.63491059473445 278.6043468659514
    vertex 46.62000570677931 10.63346743379661 277.101354387506
  endloop
endfacet
facet normal -7.67526e-13 1 -0.000960191
  outer loop
    vertex 36.65769944198895 10.63202469831996 275.5988050172804
    vertex 35.24416286806433 10.63174501905642 275.3075306231256
    vertex 35.45679448495988 10.63322711563264 276.8510729597518
  endloop
endfacet
facet normal -7.6756e-13 1 -0.000960191
  outer loop
    vertex 40.48812059047301 10.62938682247063 272.8515663268151
    vertex 40.34704701984864 10.62728598787126 270.6636339082386
    vertex 38.36923481027022 10.62864888093768 272.0830307172171
  endloop
endfacet
facet normal -7.67317e-13 1 -0.000960191
  outer loop
    vertex 46.04082783238468 10.62148620113444 264.6233956922636
    vertex 43.69339326987596 10.62105610142287 264.1754646183122
    vertex 44.11367040763327 10.62304518508165 266.2470130501315
  endloop
endfacet
facet normal -7.66756e-13 1 -0.000960191
  outer loop
    vertex 36.84695373808415 10.61338823832244 256.1897020775348
    vertex 35.38335366602755 10.61262134665852 255.3910161023626
    vertex 35.37886247709159 10.61406670284188 256.8962948382948
  endloop
endfacet
facet normal -7.67944e-13 1 -0.000960191
  outer loop
    vertex 37.5873318151399 10.63050419120067 274.0152596864418
    vertex 38.60954331485382 10.63222125070168 275.8035061987995
    vertex 39.17801522352766 10.63037715465245 273.8829563699595
  endloop
endfacet
facet normal -7.67668e-13 1 -0.000960191
  outer loop
    vertex 43.97649893623703 10.64226836789586 286.2671635572255
    vertex 46.88323890386359 10.64161527970493 285.5869991927888
    vertex 45.00728968496396 10.63974612775702 283.6403546828516
  endloop
endfacet
facet normal -7.67539e-13 1 -0.000960191
  outer loop
    vertex 43.61295140907254 10.61887490258321 261.9038361644587
    vertex 41.71508486037535 10.62010108176699 263.1808511142859
    vertex 43.69339326987596 10.62105610142287 264.1754646183122
  endloop
endfacet
facet normal -7.67829e-13 1 -0.000960191
  outer loop
    vertex 34.1042993260281 10.61492051793088 257.7855079707796
    vertex 32.59999999999999 10.61416627967767 257
    vertex 32.91396456868753 10.61572491104627 258.6232501600315
  endloop
endfacet
facet normal -7.67195e-13 1 -0.000960191
  outer loop
    vertex 38.15214958472996 10.61443206005277 257.2767992729154
    vertex 37.05438690811425 10.61586718213873 258.7714196201979
    vertex 38.49140597722582 10.61593984460829 258.8470945783346
  endloop
endfacet
facet normal -7.67233e-13 1 -0.000960191
  outer loop
    vertex 38.38236101776412 10.62649622181329 269.8411251973405
    vertex 40.32533889695783 10.62521085975498 268.5024737293808
    vertex 38.14212581811876 10.62431849465829 267.5731123597247
  endloop
endfacet
facet normal -7.67163e-13 1 -0.000960191
  outer loop
    vertex 47.89558302435472 10.63261251547281 276.2109922815784
    vertex 49.39999999999991 10.63337011415474 277
    vertex 49.08613023139333 10.63181091354249 275.3761569962259
  endloop
endfacet
facet normal -7.6701e-13 1 -0.000960191
  outer loop
    vertex 38.17113427953978 10.60523838914986 247.7019709540405
    vertex 35.40211950094475 10.60582841169957 248.3164550592266
    vertex 37.14710196396283 10.60778057489614 250.3495523543211
  endloop
endfacet
facet normal -7.67327e-13 1 -0.000960191
  outer loop
    vertex 38.36923481027022 10.62864888093768 272.0830307172171
    vertex 40.34704701984864 10.62728598787126 270.6636339082386
    vertex 38.38236101776412 10.62649622181329 269.8411251973405
  endloop
endfacet
facet normal -7.66337e-13 1 -0.000960191
  outer loop
    vertex 43.8352746767371 10.63309903623808 276.7176835564831
    vertex 44.94106390993794 10.63166728978259 275.2265787888318
    vertex 43.50119121705103 10.63160026858558 275.1567789829265
  endloop
endfacet
facet normal -7.68047e-13 1 -0.000960191
  outer loop
    vertex 38.02350106374834 10.64226836789129 286.2671635572255
    vertex 40.99999999999269 10.64248777803271 286.4956701500561
    vertex 39.71015316689448 10.64002584282066 283.931666366694
  endloop
endfacet
facet normal -7.66322e-13 1 -0.000960191
  outer loop
    vertex 34.11882779205744 10.61610073285198 259.0146530389526
    vertex 34.60331230175368 10.61701009417538 259.9617152777203
    vertex 35.46691914073343 10.61585947957543 258.7633977200958
  endloop
endfacet
facet normal -7.67328e-13 1 -0.000960191
  outer loop
    vertex 42.30463929028928 10.60734733454262 249.8983504255774
    vertex 39.67154632031927 10.60732449771885 249.8745668194459
    vertex 40.66704776480273 10.60941851299247 252.0553971913795
  endloop
endfacet
facet normal -7.67135e-13 1 -0.000960191
  outer loop
    vertex 35.89578244329154 10.62144453294212 264.58
    vertex 37.76508261428653 10.62011140414422 263.1916014467545
    vertex 35.82741270895642 10.61976614794791 262.832031387488
  endloop
endfacet
facet normal -7.68453e-13 1 -0.000960191
  outer loop
    vertex 45.09893341463145 10.63572271224823 279.4501336971825
    vertex 46.61342621211394 10.63491059473445 278.6043468659514
    vertex 45.14464840260602 10.63414147360769 277.8033389973795
  endloop
endfacet
facet normal -7.66903e-13 1 -0.000960191
  outer loop
    vertex 36.89181069467253 10.6118138267572 254.5500174945232
    vertex 35.38335366602755 10.61262134665852 255.3910161023626
    vertex 36.84695373808415 10.61338823832244 256.1897020775348
  endloop
endfacet
facet normal -7.67879e-13 1 -0.000960191
  outer loop
    vertex 43.82454436402303 10.60523778124976 247.701337846698
    vertex 40.99999999999269 10.60504031809023 247.4956881284225
    vertex 42.30463929028928 10.60734733454262 249.8983504255774
  endloop
endfacet
facet normal -7.67298e-13 1 -0.000960191
  outer loop
    vertex 47.88185865799903 10.63143560594723 274.985289646234
    vertex 47.39686671287892 10.63052617079126 274.0381505139005
    vertex 46.53337450824821 10.63167647316312 275.23614289887
  endloop
endfacet
facet normal -7.6687e-13 1 -0.000960191
  outer loop
    vertex 44.38169739422472 10.63032239053669 273.8259218023484
    vertex 42.41318669795928 10.63030567110651 273.8085092083152
    vertex 43.50119121705103 10.63160026858558 275.1567789829265
  endloop
endfacet
facet normal -7.67503e-13 1 -0.000960191
  outer loop
    vertex 41.89629472826652 10.61242825053789 255.1899144671755
    vertex 43.10723306884137 10.61355820977124 256.3667203124153
    vertex 43.71377383129747 10.61236496163343 255.12400168713
  endloop
endfacet
facet normal -7.6677e-13 1 -0.000960191
  outer loop
    vertex 46.10421755673151 10.62609186089029 269.42
    vertex 44.38310431034988 10.62733991048682 270.7197920807754
    vertex 46.20162989002115 10.62775153716233 271.1484842514726
  endloop
endfacet
facet normal -7.67721e-13 1 -0.000960191
  outer loop
    vertex 35.90397870722424 10.62356483600598 266.7882080199168
    vertex 38.14212581811876 10.62431849465829 267.5731123597247
    vertex 37.91683575907714 10.62221108953163 265.3783370085611
  endloop
endfacet
facet normal -7.67241e-13 1 -0.000960191
  outer loop
    vertex 38.14212581811876 10.62431849465829 267.5731123597247
    vertex 40.32533889695783 10.62521085975498 268.5024737293808
    vertex 40.09735049404804 10.62313011473723 266.3354637799279
  endloop
endfacet
facet normal -7.6712e-13 1 -0.000960191
  outer loop
    vertex 40.34704701984864 10.62728598787126 270.6636339082386
    vertex 40.32533889695783 10.62521085975498 268.5024737293808
    vertex 38.38236101776412 10.62649622181329 269.8411251973405
  endloop
endfacet
facet normal -7.6742e-13 1 -0.000960191
  outer loop
    vertex 37.60956818032646 10.61720786264853 260.1676829673725
    vertex 39.56498704056565 10.61721400444801 260.1740793961536
    vertex 38.49140597722582 10.61593984460829 258.8470945783346
  endloop
endfacet
facet normal -7.66953e-13 1 -0.000960191
  outer loop
    vertex 39.71202953855617 10.61926596857506 262.3111152373646
    vertex 39.56498704056565 10.61721400444801 260.1740793961536
    vertex 38.26334913017507 10.61847053260947 261.4827015515864
  endloop
endfacet
facet normal -7.67575e-13 1 -0.000960191
  outer loop
    vertex 42.26577982209487 10.62824299271983 271.6603149084581
    vertex 42.41318669795928 10.63030567110651 273.8085092083152
    vertex 43.8819214621784 10.62890824778319 272.3531505641351
  endloop
endfacet
facet normal -7.66411e-13 1 -0.000960191
  outer loop
    vertex 45.09893341463145 10.63572271224823 279.4501336971825
    vertex 45.14464840260602 10.63414147360769 277.8033389973795
    vertex 43.59414163130487 10.63487677725702 278.5691273631233
  endloop
endfacet
facet normal -7.67565e-13 1 -0.000960191
  outer loop
    vertex 36.89181069467253 10.6118138267572 254.5500174945232
    vertex 36.84695373808415 10.61338823832244 256.1897020775348
    vertex 38.3872685210669 10.61265496309937 255.4260262339195
  endloop
endfacet
facet normal -7.67738e-13 1 -0.000960191
  outer loop
    vertex 41.5756862832345 10.61433390998226 257.1745800277714
    vertex 43.34851216223442 10.61528914501005 258.1694178329143
    vertex 43.10723306884137 10.61355820977124 256.3667203124153
  endloop
endfacet
facet normal -7.67288e-13 1 -0.000960191
  outer loop
    vertex 46.58951262338775 10.6058260057741 248.3139493783326
    vertex 44.95277745894711 10.60778366414103 250.3527696689744
    vertex 46.72879287021126 10.60768463885406 250.249638923374
  endloop
endfacet
facet normal -7.66968e-13 1 -0.000960191
  outer loop
    vertex 43.97649893623703 10.64226836789586 286.2671635572255
    vertex 45.00728968496396 10.63974612775702 283.6403546828516
    vertex 42.34203762461881 10.64029938120601 284.216545289022
  endloop
endfacet
facet normal -7.67727e-13 1 -0.000960191
  outer loop
    vertex 44.94105370699741 10.61354106931899 256.3488692382636
    vertex 45.33386128674785 10.61550375494675 258.3929252116823
    vertex 46.57037577677882 10.61428802312924 257.1267907626241
  endloop
endfacet
facet normal -7.66972e-13 1 -0.000960191
  outer loop
    vertex 40.39171937836493 10.63318114397839 276.8031953776773
    vertex 38.60954331485382 10.63222125070168 275.8035061987995
    vertex 38.88527172591755 10.63397833221855 277.6334339873673
  endloop
endfacet
facet normal -7.67292e-13 1 -0.000960191
  outer loop
    vertex 35.89578244329154 10.62144453294212 264.58
    vertex 35.90397870722424 10.62356483600598 266.7882080199168
    vertex 37.91683575907714 10.62221108953163 265.3783370085611
  endloop
endfacet
facet normal -7.67817e-13 1 -0.000960191
  outer loop
    vertex 46.15205261619121 10.62392478307415 267.1630780084918
    vertex 46.04082783238468 10.62148620113444 264.6233956922636
    vertex 44.11367040763327 10.62304518508165 266.2470130501315
  endloop
endfacet
facet normal -7.67364e-13 1 -0.000960191
  outer loop
    vertex 39.71015316689448 10.64002584282066 283.931666366694
    vertex 40.99999999999269 10.64248777803271 286.4956701500561
    vertex 42.34203762461881 10.64029938120601 284.216545289022
  endloop
endfacet
facet normal -7.67518e-13 1 -0.000960191
  outer loop
    vertex 38.17113427953978 10.60523838914986 247.7019709540405
    vertex 37.14710196396283 10.60778057489614 250.3495523543211
    vertex 39.67154632031927 10.60732449771885 249.8745668194459
  endloop
endfacet
facet normal -7.67101e-13 1 -0.000960191
  outer loop
    vertex 40.11812696296681 10.63516060533386 278.8647225787927
    vertex 38.88527172591755 10.63397833221855 277.6334339873673
    vertex 38.29989656390936 10.6351671607098 278.8715497333909
  endloop
endfacet
facet normal -7.70364e-13 1 -0.000960191
  outer loop
    vertex 35.33192477884871 10.61098065767958 253.6823063319678
    vertex 33.80000000001161 10.61181380995672 254.55
    vertex 35.38335366602755 10.61262134665852 255.3910161023626
  endloop
endfacet
facet normal -7.6424e-13 1 -0.000960191
  outer loop
    vertex 46.10421755673151 10.62609186089029 269.42
    vertex 48.20000000001147 10.62493002890681 268.21
    vertex 46.15205261619121 10.62392478307415 267.1630780084918
  endloop
endfacet
facet normal -7.64e-13 1 -0.000960191
  outer loop
    vertex 48.20000000001147 10.62493002890681 268.21
    vertex 48.20000000001147 10.62260636493664 265.79
    vertex 46.15205261619121 10.62392478307415 267.1630780084918
  endloop
endfacet
facet normal -7.69875e-13 1 -0.000960191
  outer loop
    vertex 33.80000000001157 10.62493002889576 268.21
    vertex 33.80000000001157 10.62725369286593 270.63
    vertex 35.97577338254973 10.62604646088156 269.3727177751527
  endloop
endfacet
facet normal -7.64537e-13 1 -0.000960191
  outer loop
    vertex 48.20000000001147 10.62260636493664 265.79
    vertex 48.20000000001147 10.62028270096648 263.37
    vertex 46.04082783238468 10.62148620113444 264.6233956922636
  endloop
endfacet
facet normal -7.64078e-13 1 -0.000960191
  outer loop
    vertex 48.20000000001147 10.62260636493664 265.79
    vertex 46.04082783238468 10.62148620113444 264.6233956922636
    vertex 46.15205261619121 10.62392478307415 267.1630780084918
  endloop
endfacet
facet normal -7.64523e-13 1 -0.000960191
  outer loop
    vertex 48.20000000001147 10.62725369287697 270.63
    vertex 48.20000000001147 10.62493002890681 268.21
    vertex 46.10421755673151 10.62609186089029 269.42
  endloop
endfacet
facet normal -7.70032e-13 1 -0.000960191
  outer loop
    vertex 33.80000000001157 10.62028270095543 263.37
    vertex 33.80000000001157 10.62260636492559 265.79
    vertex 35.89578244329154 10.62144453294212 264.58
  endloop
endfacet
facet normal -7.67576e-13 1 -0.000960191
  outer loop
    vertex 35.33192477884871 10.61098065767958 253.6823063319678
    vertex 35.38335366602755 10.61262134665852 255.3910161023626
    vertex 36.89181069467253 10.6118138267572 254.5500174945232
  endloop
endfacet
facet normal -7.67619e-13 1 -0.000960191
  outer loop
    vertex 46.60814152256853 10.61261844608269 255.3879952635296
    vertex 45.10419287985039 10.61171183225746 254.4437944313872
    vertex 44.94105370699741 10.61354106931899 256.3488692382636
  endloop
endfacet
facet normal -7.67438e-13 1 -0.000960191
  outer loop
    vertex 38.02350106374834 10.64226836789129 286.2671635572255
    vertex 39.71015316689448 10.64002584282066 283.931666366694
    vertex 37.15460543470462 10.63996054381344 283.8636601511865
  endloop
endfacet
facet normal -7.6716e-13 1 -0.000960191
  outer loop
    vertex 44.38310431034988 10.62733991048682 270.7197920807754
    vertex 46.10421755673151 10.62609186089029 269.42
    vertex 44.2389056088717 10.62515958940702 268.4490777775853
  endloop
endfacet
facet normal -7.68006e-13 1 -0.000960191
  outer loop
    vertex 35.39670747848065 10.63491574984505 278.6097157095691
    vertex 36.90832782289634 10.63572284057333 279.450267349008
    vertex 37.06208179713736 10.63398039621838 277.6355835593614
  endloop
endfacet
facet normal -7.64527e-13 1 -0.000960191
  outer loop
    vertex 48.20000000001156 10.61181380996777 254.55
    vertex 46.65725513944236 10.61096395742475 253.6649136976443
    vertex 46.60814152256853 10.61261844608269 255.3879952635296
  endloop
endfacet
facet normal -7.65466e-13 1 -0.000960191
  outer loop
    vertex 46.66824236737908 10.63655252311965 280.3143474267477
    vertex 48.20000000001149 10.63572258387568 279.45
    vertex 46.61342621211394 10.63491059473445 278.6043468659514
  endloop
endfacet
facet normal -7.68329e-13 1 -0.000960191
  outer loop
    vertex 46.66824236737908 10.63655252311965 280.3143474267477
    vertex 46.61342621211394 10.63491059473445 278.6043468659514
    vertex 45.09893341463145 10.63572271224823 279.4501336971825
  endloop
endfacet
facet normal -7.6765e-13 1 -0.000960191
  outer loop
    vertex 40.39171937836493 10.63318114397839 276.8031953776773
    vertex 40.45935931098039 10.63132115589289 274.8660946501989
    vertex 38.60954331485382 10.63222125070168 275.8035061987995
  endloop
endfacet
facet normal -7.67328e-13 1 -0.000960191
  outer loop
    vertex 42.30463929028928 10.60734733454262 249.8983504255774
    vertex 40.99999999999269 10.60504031809023 247.4956881284225
    vertex 39.67154632031927 10.60732449771885 249.8745668194459
  endloop
endfacet
facet normal -7.66858e-13 1 -0.000960191
  outer loop
    vertex 41.5756862832345 10.61433390998226 257.1745800277714
    vertex 41.51038645808097 10.61619205630401 259.1097626344143
    vertex 43.34851216223442 10.61528914501005 258.1694178329143
  endloop
endfacet
facet normal -7.69923e-13 1 -0.000960191
  outer loop
    vertex 35.89578244329154 10.62144453294212 264.58
    vertex 33.80000000001157 10.62260636492559 265.79
    vertex 35.90397870722424 10.62356483600598 266.7882080199168
  endloop
endfacet
facet normal -7.69708e-13 1 -0.000960191
  outer loop
    vertex 33.80000000001157 10.62493002889576 268.21
    vertex 35.97577338254973 10.62604646088156 269.3727177751527
    vertex 35.90397870722424 10.62356483600598 266.7882080199168
  endloop
endfacet
facet normal -7.6802e-13 1 -0.000960191
  outer loop
    vertex 41.89629472826652 10.61242825053789 255.1899144671755
    vertex 41.5756862832345 10.61433390998226 257.1745800277714
    vertex 43.10723306884137 10.61355820977124 256.3667203124153
  endloop
endfacet
facet normal -7.67873e-13 1 -0.000960191
  outer loop
    vertex 37.06208179713736 10.63398039621838 277.6355835593614
    vertex 36.65769944198895 10.63202469831996 275.5988050172804
    vertex 35.45679448495988 10.63322711563264 276.8510729597518
  endloop
endfacet
facet normal -7.67061e-13 1 -0.000960191
  outer loop
    vertex 39.93162365788958 10.61348052057071 256.2858102230946
    vertex 41.5756862832345 10.61433390998226 257.1745800277714
    vertex 41.89629472826652 10.61242825053789 255.1899144671755
  endloop
endfacet
facet normal -7.67337e-13 1 -0.000960191
  outer loop
    vertex 40.32533889695783 10.62521085975498 268.5024737293808
    vertex 42.30007532235392 10.62621886407815 269.5522685748198
    vertex 42.29571413603873 10.62411339791703 267.3595125759635
  endloop
endfacet
facet normal -7.69226e-13 1 -0.000960191
  outer loop
    vertex 33.80000000001144 10.63572258386463 279.45
    vertex 35.34424520583721 10.63657225138217 280.33489360595
    vertex 35.39670747848065 10.63491574984505 278.6097157095691
  endloop
endfacet
facet normal -7.67829e-13 1 -0.000960191
  outer loop
    vertex 42.039722308835 10.63405360259854 277.7118249750802
    vertex 40.39171937836493 10.63318114397839 276.8031953776773
    vertex 40.11812696296681 10.63516060533386 278.8647225787927
  endloop
endfacet
facet normal -7.67876e-13 1 -0.000960191
  outer loop
    vertex 46.60814152256853 10.61261844608269 255.3879952635296
    vertex 44.94105370699741 10.61354106931899 256.3488692382636
    vertex 46.57037577677882 10.61428802312924 257.1267907626241
  endloop
endfacet
facet normal -7.67624e-13 1 -0.000960191
  outer loop
    vertex 48.00636084803811 10.61343762651315 256.2411378282791
    vertex 46.57037577677882 10.61428802312924 257.1267907626241
    vertex 47.79843184538579 10.61497073905471 257.83781118493
  endloop
endfacet
facet normal -7.67441e-13 1 -0.000960191
  outer loop
    vertex 33.99890471458113 10.63409573747879 277.755706718066
    vertex 35.45679448495988 10.63322711563264 276.8510729597518
    vertex 34.2031808709573 10.63256756247952 276.1641756076809
  endloop
endfacet
facet normal -7.67284e-13 1 -0.000960191
  outer loop
    vertex 46.60814152256853 10.61261844608269 255.3879952635296
    vertex 46.65725513944236 10.61096395742475 253.6649136976443
    vertex 45.10419287985039 10.61171183225746 254.4437944313872
  endloop
endfacet
facet normal -7.67548e-13 1 -0.000960191
  outer loop
    vertex 45.00728968496396 10.63974612775702 283.6403546828516
    vertex 46.88323890386359 10.64161527970493 285.5869991927888
    vertex 46.89236868683589 10.63992183840387 283.8233500588353
  endloop
endfacet
facet normal -7.6697e-13 1 -0.000960191
  outer loop
    vertex 46.62000570677931 10.63346743379661 277.101354387506
    vertex 46.61342621211394 10.63491059473445 278.6043468659514
    vertex 48.05814866965062 10.6342475177847 277.9137796231523
  endloop
endfacet
facet normal -7.68068e-13 1 -0.000960191
  outer loop
    vertex 35.39670747848065 10.63491574984505 278.6097157095691
    vertex 37.06208179713736 10.63398039621838 277.6355835593614
    vertex 35.45679448495988 10.63322711563264 276.8510729597518
  endloop
endfacet
facet normal -7.67055e-13 1 -0.000960191
  outer loop
    vertex 45.02586490951265 10.63757177438078 281.375855496183
    vertex 43.57017848507255 10.63657300608718 280.3356795934527
    vertex 43.17800125977426 10.63842317306537 282.2625520437849
  endloop
endfacet
facet normal -7.67006e-13 1 -0.000960191
  outer loop
    vertex 37.14710196396283 10.60778057489614 250.3495523543211
    vertex 37.01154819070789 10.60994773808058 252.6065632534567
    vertex 38.6158799935459 10.6090577656042 251.6796936959495
  endloop
endfacet
facet normal -7.67358e-13 1 -0.000960191
  outer loop
    vertex 40.34704701984864 10.62728598787126 270.6636339082386
    vertex 42.30007532235392 10.62621886407815 269.5522685748198
    vertex 40.32533889695783 10.62521085975498 268.5024737293808
  endloop
endfacet
facet normal -7.68029e-13 1 -0.000960191
  outer loop
    vertex 35.37886247709159 10.61406670284188 256.8962948382948
    vertex 35.38335366602755 10.61262134665852 255.3910161023626
    vertex 33.94128211764798 10.61327150164231 256.0681256516219
  endloop
endfacet
facet normal -7.69496e-13 1 -0.000960191
  outer loop
    vertex 33.80000000001157 10.62260636492559 265.79
    vertex 33.80000000001157 10.62493002889576 268.21
    vertex 35.90397870722424 10.62356483600598 266.7882080199168
  endloop
endfacet
facet normal -7.67245e-13 1 -0.000960191
  outer loop
    vertex 36.01495516074716 10.61713927462363 260.096251375093
    vertex 37.60956818032646 10.61720786264853 260.1676829673725
    vertex 37.05438690811425 10.61586718213873 258.7714196201979
  endloop
endfacet
facet normal -7.67724e-13 1 -0.000960191
  outer loop
    vertex 35.39670747848065 10.63491574984505 278.6097157095691
    vertex 35.34424520583721 10.63657225138217 280.33489360595
    vertex 36.90832782289634 10.63572284057333 279.450267349008
  endloop
endfacet
facet normal -7.67678e-13 1 -0.000960191
  outer loop
    vertex 45.98541556415044 10.63039715755174 273.9037885575117
    vertex 44.38169739422472 10.63032239053669 273.8259218023484
    vertex 44.94106390993794 10.63166728978259 275.2265787888318
  endloop
endfacet
facet normal -7.67114e-13 1 -0.000960191
  outer loop
    vertex 34.60331230175368 10.61701009417538 259.9617152777203
    vertex 36.01495516074716 10.61713927462363 260.096251375093
    vertex 35.46691914073343 10.61585947957543 258.7633977200958
  endloop
endfacet
facet normal -7.67873e-13 1 -0.000960191
  outer loop
    vertex 47.39686671287892 10.63052617079126 274.0381505139005
    vertex 45.98541556415044 10.63039715755174 273.9037885575117
    vertex 46.53337450824821 10.63167647316312 275.23614289887
  endloop
endfacet
facet normal -7.66916e-13 1 -0.000960191
  outer loop
    vertex 43.59414163130487 10.63487677725702 278.5691273631233
    vertex 45.14464840260602 10.63414147360769 277.8033389973795
    vertex 43.8352746767371 10.63309903623808 276.7176835564831
  endloop
endfacet
facet normal -7.68077e-13 1 -0.000960191
  outer loop
    vertex 38.3872685210669 10.61265496309937 255.4260262339195
    vertex 36.84695373808415 10.61338823832244 256.1897020775348
    vertex 38.15214958472996 10.61443206005277 257.2767992729154
  endloop
endfacet
facet normal -7.66603e-13 1 -0.000960191
  outer loop
    vertex 40.11812696296681 10.63516060533386 278.8647225787927
    vertex 40.39171937836493 10.63318114397839 276.8031953776773
    vertex 38.88527172591755 10.63397833221855 277.6334339873673
  endloop
endfacet
facet normal -7.67587e-13 1 -0.000960191
  outer loop
    vertex 42.30007532235392 10.62621886407815 269.5522685748198
    vertex 42.26577982209487 10.62824299271983 271.6603149084581
    vertex 44.38310431034988 10.62733991048682 270.7197920807754
  endloop
endfacet
facet normal -7.67761e-13 1 -0.000960191
  outer loop
    vertex 42.039722308835 10.63405360259854 277.7118249750802
    vertex 42.03091250110803 10.63230504754243 275.8907771428208
    vertex 40.39171937836493 10.63318114397839 276.8031953776773
  endloop
endfacet
facet normal -7.66915e-13 1 -0.000960191
  outer loop
    vertex 39.93162365788958 10.61348052057071 256.2858102230946
    vertex 39.94132655645556 10.61521303537444 258.0901527953571
    vertex 41.5756862832345 10.61433390998226 257.1745800277714
  endloop
endfacet
facet normal -7.67306e-13 1 -0.000960191
  outer loop
    vertex 44.11367040763327 10.62304518508165 266.2470130501315
    vertex 43.69339326987596 10.62105610142287 264.1754646183122
    vertex 41.97797600479681 10.62209102159092 265.2532912068525
  endloop
endfacet
facet normal -7.67293e-13 1 -0.000960191
  outer loop
    vertex 38.3872685210669 10.61265496309937 255.4260262339195
    vertex 39.93162365788958 10.61348052057071 256.2858102230946
    vertex 40.06160486742702 10.6116884718883 254.4194655762999
  endloop
endfacet
facet normal -7.67757e-13 1 -0.000960191
  outer loop
    vertex 40.66704776480273 10.60941851299247 252.0553971913795
    vertex 39.67154632031927 10.60732449771885 249.8745668194459
    vertex 38.6158799935459 10.6090577656042 251.6796936959495
  endloop
endfacet
facet normal -7.67772e-13 1 -0.000960191
  outer loop
    vertex 41.71508486037535 10.62010108176699 263.1808511142859
    vertex 39.95264286080948 10.62110024861976 264.2214421024939
    vertex 41.97797600479681 10.62209102159092 265.2532912068525
  endloop
endfacet
facet normal -7.70454e-13 1 -0.000960191
  outer loop
    vertex 33.80000000001157 10.61013140354373 252.7978432459641
    vertex 33.80000000001161 10.61181380995672 254.55
    vertex 35.33192477884871 10.61098065767958 253.6823063319678
  endloop
endfacet
facet normal -7.63518e-13 1 -0.000960191
  outer loop
    vertex 48.20000000001156 10.61181380996777 254.55
    vertex 48.20000000001147 10.61013140355478 252.7978432459641
    vertex 46.65725513944236 10.61096395742475 253.6649136976443
  endloop
endfacet
facet normal -7.67402e-13 1 -0.000960191
  outer loop
    vertex 39.95264286080948 10.62110024861976 264.2214421024939
    vertex 39.71202953855617 10.61926596857506 262.3111152373646
    vertex 37.76508261428653 10.62011140414422 263.1916014467545
  endloop
endfacet
facet normal -7.67506e-13 1 -0.000960191
  outer loop
    vertex 46.10421755673151 10.62609186089029 269.42
    vertex 46.15205261619121 10.62392478307415 267.1630780084918
    vertex 44.2389056088717 10.62515958940702 268.4490777775853
  endloop
endfacet
facet normal -7.67646e-13 1 -0.000960191
  outer loop
    vertex 42.30007532235392 10.62621886407815 269.5522685748198
    vertex 44.38310431034988 10.62733991048682 270.7197920807754
    vertex 44.2389056088717 10.62515958940702 268.4490777775853
  endloop
endfacet
facet normal -7.67675e-13 1 -0.000960191
  outer loop
    vertex 35.37886247709159 10.61406670284188 256.8962948382948
    vertex 35.46691914073343 10.61585947957543 258.7633977200958
    vertex 36.58714372738182 10.61466034437858 257.5145479656966
  endloop
endfacet
facet normal -7.67879e-13 1 -0.000960191
  outer loop
    vertex 43.59414163130487 10.63487677725702 278.5691273631233
    vertex 42.039722308835 10.63405360259854 277.7118249750802
    vertex 42.00150129701881 10.63577271301973 279.5022074368954
  endloop
endfacet
facet normal -7.67629e-13 1 -0.000960191
  outer loop
    vertex 40.34704701984864 10.62728598787126 270.6636339082386
    vertex 42.26577982209487 10.62824299271983 271.6603149084581
    vertex 42.30007532235392 10.62621886407815 269.5522685748198
  endloop
endfacet
facet normal -7.70254e-13 1 -0.000960191
  outer loop
    vertex 33.80000000001144 10.63572258386463 279.45
    vertex 33.80000000001157 10.63740084142288 281.1978358932735
    vertex 35.34424520583721 10.63657225138217 280.33489360595
  endloop
endfacet
facet normal -7.64454e-13 1 -0.000960191
  outer loop
    vertex 48.20000000001147 10.63740084143393 281.1978358932732
    vertex 48.20000000001149 10.63572258387568 279.45
    vertex 46.66824236737908 10.63655252311965 280.3143474267477
  endloop
endfacet
facet normal -7.67649e-13 1 -0.000960191
  outer loop
    vertex 35.11676109612177 10.6416152796959 285.5869991927888
    vertex 38.02350106374834 10.64226836789129 286.2671635572255
    vertex 37.15460543470462 10.63996054381344 283.8636601511865
  endloop
endfacet
facet normal -7.67422e-13 1 -0.000960191
  outer loop
    vertex 41.71508486037535 10.62010108176699 263.1808511142859
    vertex 39.71202953855617 10.61926596857506 262.3111152373646
    vertex 39.95264286080948 10.62110024861976 264.2214421024939
  endloop
endfacet
facet normal -7.67295e-13 1 -0.000960191
  outer loop
    vertex 40.39171937836493 10.63318114397839 276.8031953776773
    vertex 42.03091250110803 10.63230504754243 275.8907771428208
    vertex 40.45935931098039 10.63132115589289 274.8660946501989
  endloop
endfacet
facet normal -7.63262e-13 1 -0.000960191
  outer loop
    vertex 48.20000000001147 10.61013140355478 252.7978432459641
    vertex 48.20000000001147 10.60844899714179 251.0456864919283
    vertex 46.68258704010111 10.60929020034713 251.9217648689462
  endloop
endfacet
facet normal -7.67442e-13 1 -0.000960191
  outer loop
    vertex 41.5756862832345 10.61433390998226 257.1745800277714
    vertex 39.94132655645556 10.61521303537444 258.0901527953571
    vertex 41.51038645808097 10.61619205630401 259.1097626344143
  endloop
endfacet
facet normal -7.63148e-13 1 -0.000960191
  outer loop
    vertex 23.59130746764835 10.63219994046242 275.781312477253
    vertex 25.04999999999277 10.63184326299385 275.4098476322048
    vertex 23.93978481273335 10.6305855200743 274.0999603583297
  endloop
endfacet
facet normal -7.67803e-13 1 -0.000960191
  outer loop
    vertex 45.00728968496396 10.63974612775702 283.6403546828516
    vertex 46.68983232560399 10.63835021185638 282.1865659569212
    vertex 45.02586490951265 10.63757177438078 281.375855496183
  endloop
endfacet
facet normal -7.67501e-13 1 -0.000960191
  outer loop
    vertex 46.62000570677931 10.63346743379661 277.101354387506
    vertex 46.53337450824821 10.63167647316312 275.23614289887
    vertex 45.41141382430561 10.63287267234968 276.4819349198961
  endloop
endfacet
facet normal -7.70297e-13 1 -0.000960191
  outer loop
    vertex 33.80000000001157 10.63740084142288 281.1978358932735
    vertex 33.80000000001157 10.63907909898113 282.9456717865469
    vertex 35.3579942178118 10.63833387223812 282.1695489287928
  endloop
endfacet
facet normal -7.67072e-13 1 -0.000960191
  outer loop
    vertex 40.45935931098039 10.63132115589289 274.8660946501989
    vertex 42.03091250110803 10.63230504754243 275.8907771428208
    vertex 42.41318669795928 10.63030567110651 273.8085092083152
  endloop
endfacet
facet normal -7.68049e-13 1 -0.000960191
  outer loop
    vertex 41.51038645808097 10.61619205630401 259.1097626344143
    vertex 39.94132655645556 10.61521303537444 258.0901527953571
    vertex 39.56498704056565 10.61721400444801 260.1740793961536
  endloop
endfacet
facet normal -7.67977e-13 1 -0.000960191
  outer loop
    vertex 40.48812059047301 10.62938682247063 272.8515663268151
    vertex 42.26577982209487 10.62824299271983 271.6603149084581
    vertex 40.34704701984864 10.62728598787126 270.6636339082386
  endloop
endfacet
facet normal -7.67639e-13 1 -0.000960191
  outer loop
    vertex 41.49051672883346 10.61812690882804 261.1248315808288
    vertex 43.61295140907254 10.61887490258321 261.9038361644587
    vertex 42.80971260431366 10.61713331949533 260.0900493496302
  endloop
endfacet
facet normal -7.67506e-13 1 -0.000960191
  outer loop
    vertex 38.3872685210669 10.61265496309937 255.4260262339195
    vertex 38.15214958472996 10.61443206005277 257.2767992729154
    vertex 39.93162365788958 10.61348052057071 256.2858102230946
  endloop
endfacet
facet normal -7.67482e-13 1 -0.000960191
  outer loop
    vertex 43.59414163130487 10.63487677725702 278.5691273631233
    vertex 43.8352746767371 10.63309903623808 276.7176835564831
    vertex 42.039722308835 10.63405360259854 277.7118249750802
  endloop
endfacet
facet normal -7.67035e-13 1 -0.000960191
  outer loop
    vertex 41.49051672883346 10.61812690882804 261.1248315808288
    vertex 39.71202953855617 10.61926596857506 262.3111152373646
    vertex 41.71508486037535 10.62010108176699 263.1808511142859
  endloop
endfacet
facet normal -7.67807e-13 1 -0.000960191
  outer loop
    vertex 40.11812696296681 10.63516060533386 278.8647225787927
    vertex 40.45684823458383 10.63700199580512 280.7824546592617
    vertex 42.00150129701881 10.63577271301973 279.5022074368954
  endloop
endfacet
facet normal -7.66913e-13 1 -0.000960191
  outer loop
    vertex 40.99999999999269 10.64248777803271 286.4956701500561
    vertex 43.97649893623703 10.64226836789586 286.2671635572255
    vertex 42.34203762461881 10.64029938120601 284.216545289022
  endloop
endfacet
facet normal -7.6712e-13 1 -0.000960191
  outer loop
    vertex 42.039722308835 10.63405360259854 277.7118249750802
    vertex 43.8352746767371 10.63309903623808 276.7176835564831
    vertex 42.03091250110803 10.63230504754243 275.8907771428208
  endloop
endfacet
facet normal -7.66816e-13 1 -0.000960191
  outer loop
    vertex 45.00728968496396 10.63974612775702 283.6403546828516
    vertex 45.02586490951265 10.63757177438078 281.375855496183
    vertex 43.17800125977426 10.63842317306537 282.2625520437849
  endloop
endfacet
facet normal -7.67272e-13 1 -0.000960191
  outer loop
    vertex 39.93162365788958 10.61348052057071 256.2858102230946
    vertex 38.15214958472996 10.61443206005277 257.2767992729154
    vertex 39.94132655645556 10.61521303537444 258.0901527953571
  endloop
endfacet
facet normal -7.68018e-13 1 -0.000960191
  outer loop
    vertex 45.10419287985039 10.61171183225746 254.4437944313872
    vertex 45.07372140566404 10.61002196258679 252.6838650029214
    vertex 43.39840550817852 10.61091802153442 253.6170733687654
  endloop
endfacet
facet normal -7.67953e-13 1 -0.000960191
  outer loop
    vertex 40.48812059047301 10.62938682247063 272.8515663268151
    vertex 42.41318669795928 10.63030567110651 273.8085092083152
    vertex 42.26577982209487 10.62824299271983 271.6603149084581
  endloop
endfacet
facet normal -7.67117e-13 1 -0.000960191
  outer loop
    vertex 40.99999999999269 10.60504031809023 247.4956881284225
    vertex 38.17113427953978 10.60523838914986 247.7019709540405
    vertex 39.67154632031927 10.60732449771885 249.8745668194459
  endloop
endfacet
facet normal -7.67932e-13 1 -0.000960191
  outer loop
    vertex 46.60814152256853 10.61261844608269 255.3879952635296
    vertex 46.57037577677882 10.61428802312924 257.1267907626241
    vertex 48.00636084803811 10.61343762651315 256.2411378282791
  endloop
endfacet
facet normal -7.67559e-13 1 -0.000960191
  outer loop
    vertex 40.45935931098039 10.63132115589289 274.8660946501989
    vertex 42.41318669795928 10.63030567110651 273.8085092083152
    vertex 40.48812059047301 10.62938682247063 272.8515663268151
  endloop
endfacet
facet normal -7.68095e-13 1 -0.000960191
  outer loop
    vertex 46.01008705344699 10.6170674543282 260.021453497379
    vertex 47.39973560932799 10.61703340335499 259.9859908148176
    vertex 46.75257604959893 10.61579324140847 258.694413397463
  endloop
endfacet
facet normal -7.67423e-13 1 -0.000960191
  outer loop
    vertex 41.49051672883346 10.61812690882804 261.1248315808288
    vertex 39.56498704056565 10.61721400444801 260.1740793961536
    vertex 39.71202953855617 10.61926596857506 262.3111152373646
  endloop
endfacet
facet normal -7.67977e-13 1 -0.000960191
  outer loop
    vertex 41.51038645808097 10.61619205630401 259.1097626344143
    vertex 39.56498704056565 10.61721400444801 260.1740793961536
    vertex 41.49051672883346 10.61812690882804 261.1248315808288
  endloop
endfacet
facet normal -7.67069e-13 1 -0.000960191
  outer loop
    vertex 46.62000570677931 10.63346743379661 277.101354387506
    vertex 48.05814866965062 10.6342475177847 277.9137796231523
    vertex 47.89558302435472 10.63261251547281 276.2109922815784
  endloop
endfacet
facet normal -7.67177e-13 1 -0.000960191
  outer loop
    vertex 37.14710196396283 10.60778057489614 250.3495523543211
    vertex 35.40211950094475 10.60582841169957 248.3164550592266
    vertex 35.11653855544714 10.60758277073931 250.1435475008204
  endloop
endfacet
facet normal -7.67119e-13 1 -0.000960191
  outer loop
    vertex 35.98628237177839 10.63047021710994 273.9798770762021
    vertex 34.60017527768691 10.63050315082932 274.0141761850592
    vertex 35.24416286806433 10.63174501905642 275.3075306231256
  endloop
endfacet
facet normal -7.66622e-13 1 -0.000960191
  outer loop
    vertex 37.01154819070789 10.60994773808058 252.6065632534567
    vertex 38.58215572793678 10.61081750433296 253.5123888611446
    vertex 38.6158799935459 10.6090577656042 251.6796936959495
  endloop
endfacet
facet normal -7.67307e-13 1 -0.000960191
  outer loop
    vertex 35.39670747848065 10.63491574984505 278.6097157095691
    vertex 35.45679448495988 10.63322711563264 276.8510729597518
    vertex 33.99890471458113 10.63409573747879 277.755706718066
  endloop
endfacet
facet normal -7.6739e-13 1 -0.000960191
  outer loop
    vertex 37.15460543470462 10.63996054381344 283.8636601511865
    vertex 35.3579942178118 10.63833387223812 282.1695489287928
    vertex 35.32280076598356 10.63993341150425 283.8354029738656
  endloop
endfacet
facet normal -7.69485e-13 1 -0.000960191
  outer loop
    vertex 33.3606602940281 10.61694059998422 259.8893399504569
    vertex 34.60331230175368 10.61701009417538 259.9617152777203
    vertex 34.11882779205744 10.61610073285198 259.0146530389526
  endloop
endfacet
facet normal -7.67259e-13 1 -0.000960191
  outer loop
    vertex 35.37886247709159 10.61406670284188 256.8962948382948
    vertex 33.94128211764798 10.61327150164231 256.0681256516219
    vertex 34.1042993260281 10.61492051793088 257.7855079707796
  endloop
endfacet
facet normal -7.67159e-13 1 -0.000960191
  outer loop
    vertex 42.29571413603873 10.62411339791703 267.3595125759635
    vertex 44.11367040763327 10.62304518508165 266.2470130501315
    vertex 41.97797600479681 10.62209102159092 265.2532912068525
  endloop
endfacet
facet normal -7.60815e-13 1 -0.000960191
  outer loop
    vertex 48.63933970599494 10.63059579384819 274.1106600495431
    vertex 47.39686671287892 10.63052617079126 274.0381505139005
    vertex 47.88185865799903 10.63143560594723 274.985289646234
  endloop
endfacet
facet normal -7.68513e-13 1 -0.000960191
  outer loop
    vertex 33.80000000001157 10.62957735683609 273.05
    vertex 33.3606602940281 10.63059579383647 274.1106600495431
    vertex 34.60017527768691 10.63050315082932 274.0141761850592
  endloop
endfacet
facet normal -7.61055e-13 1 -0.000960191
  outer loop
    vertex 48.63933970599494 10.63059579384819 274.1106600495431
    vertex 48.20000000001147 10.62957735684714 273.05
    vertex 47.39686671287892 10.63052617079126 274.0381505139005
  endloop
endfacet
facet normal -7.69424e-13 1 -0.000960191
  outer loop
    vertex 33.3606602940281 10.61694059998422 259.8893399504569
    vertex 33.80000000001157 10.61795903698526 260.95
    vertex 34.60331230175368 10.61701009417538 259.9617152777203
  endloop
endfacet
facet normal -7.61603e-13 1 -0.000960191
  outer loop
    vertex 48.20000000001147 10.61795903699631 260.95
    vertex 48.63933970599492 10.61694059999594 259.8893399504569
    vertex 47.39973560932799 10.61703340335499 259.9859908148176
  endloop
endfacet
facet normal -7.66995e-13 1 -0.000960191
  outer loop
    vertex 36.98161573277924 10.63759796204616 281.4031288739006
    vertex 37.15460543470462 10.63996054381344 283.8636601511865
    vertex 38.71400544523881 10.63841430459065 282.2533158974155
  endloop
endfacet
facet normal -7.6758e-13 1 -0.000960191
  outer loop
    vertex 38.71400544523881 10.63841430459065 282.2533158974155
    vertex 39.71015316689448 10.64002584282066 283.931666366694
    vertex 41.20245808700786 10.63872468365226 282.5765628617518
  endloop
endfacet
facet normal -7.67114e-13 1 -0.000960191
  outer loop
    vertex 36.90832782289634 10.63572284057333 279.450267349008
    vertex 36.98161573277924 10.63759796204616 281.4031288739006
    vertex 38.63569328591777 10.63663142090368 280.396516214795
  endloop
endfacet
facet normal -7.70991e-13 1 -0.000960191
  outer loop
    vertex 33.80000000001157 10.60844899713074 251.0456864919283
    vertex 33.80000000001157 10.61013140354373 252.7978432459641
    vertex 35.37694135549819 10.60917200817584 251.7986726158491
  endloop
endfacet
facet normal -7.67104e-13 1 -0.000960191
  outer loop
    vertex 35.37694135549819 10.60917200817584 251.7986726158491
    vertex 37.14710196396283 10.60778057489614 250.3495523543211
    vertex 35.11653855544714 10.60758277073931 250.1435475008204
  endloop
endfacet
facet normal -7.67935e-13 1 -0.000960191
  outer loop
    vertex 43.8352746767371 10.63309903623808 276.7176835564831
    vertex 45.14464840260602 10.63414147360769 277.8033389973795
    vertex 45.41141382430561 10.63287267234968 276.4819349198961
  endloop
endfacet
facet normal -7.69377e-13 1 -0.000960191
  outer loop
    vertex 56.94999999999267 10.62915088201832 272.6058440827734
    vertex 58.89999999999269 10.62871583890504 272.1527646567882
    vertex 58.06220888053186 10.62747789119693 270.8634932774008
  endloop
endfacet
facet normal -7.67695e-13 1 -0.000960191
  outer loop
    vertex 39.95264286080948 10.62110024861976 264.2214421024939
    vertex 40.09735049404804 10.62313011473723 266.3354637799279
    vertex 41.97797600479681 10.62209102159092 265.2532912068525
  endloop
endfacet
facet normal -7.66308e-13 1 -0.000960191
  outer loop
    vertex 49.03807478113159 10.61573715802074 258.6360048649507
    vertex 49.39999999999991 10.61416627969056 257
    vertex 47.79843184538579 10.61497073905471 257.83781118493
  endloop
endfacet
facet normal -7.69986e-13 1 -0.000960191
  outer loop
    vertex 58.89999999999269 10.61881225724537 261.8385936216884
    vertex 56.94999999999268 10.61838135801828 261.3898298850561
    vertex 58.05985448039642 10.62005020495218 263.1278650010759
  endloop
endfacet
facet normal -7.67673e-13 1 -0.000960191
  outer loop
    vertex 39.93162365788958 10.61348052057071 256.2858102230946
    vertex 41.89629472826652 10.61242825053789 255.1899144671755
    vertex 40.06160486742702 10.6116884718883 254.4194655762999
  endloop
endfacet
facet normal -7.66843e-13 1 -0.000960191
  outer loop
    vertex 36.89181069467253 10.6118138267572 254.5500174945232
    vertex 38.3872685210669 10.61265496309937 255.4260262339195
    vertex 38.58215572793678 10.61081750433296 253.5123888611446
  endloop
endfacet
facet normal -7.66864e-13 1 -0.000960191
  outer loop
    vertex 32.96190042092744 10.63180009580667 275.3648907842942
    vertex 32.59999999999999 10.63337011414185 277
    vertex 34.2031808709573 10.63256756247952 276.1641756076809
  endloop
endfacet
facet normal -7.67798e-13 1 -0.000960191
  outer loop
    vertex 38.15214958472996 10.61443206005277 257.2767992729154
    vertex 36.84695373808415 10.61338823832244 256.1897020775348
    vertex 36.58714372738182 10.61466034437858 257.5145479656966
  endloop
endfacet
facet normal -7.67251e-13 1 -0.000960191
  outer loop
    vertex 38.58215572793678 10.61081750433296 253.5123888611446
    vertex 38.3872685210669 10.61265496309937 255.4260262339195
    vertex 40.06160486742702 10.6116884718883 254.4194655762999
  endloop
endfacet
facet normal -7.67864e-13 1 -0.000960191
  outer loop
    vertex 42.039722308835 10.63405360259854 277.7118249750802
    vertex 40.11812696296681 10.63516060533386 278.8647225787927
    vertex 42.00150129701881 10.63577271301973 279.5022074368954
  endloop
endfacet
facet normal -7.63791e-13 1 -0.000960191
  outer loop
    vertex 48.20000000001144 10.63907909899218 282.9456717865464
    vertex 48.20000000001147 10.63740084143393 281.1978358932732
    vertex 46.68983232560399 10.63835021185638 282.1865659569212
  endloop
endfacet
facet normal -7.66995e-13 1 -0.000960191
  outer loop
    vertex 37.76508261428653 10.62011140414422 263.1916014467545
    vertex 35.89578244329154 10.62144453294212 264.58
    vertex 37.91683575907714 10.62221108953163 265.3783370085611
  endloop
endfacet
facet normal -7.6669e-13 1 -0.000960191
  outer loop
    vertex 45.09893341463145 10.63572271224823 279.4501336971825
    vertex 43.59414163130487 10.63487677725702 278.5691273631233
    vertex 43.57017848507255 10.63657300608718 280.3356795934527
  endloop
endfacet
facet normal -7.67435e-13 1 -0.000960191
  outer loop
    vertex 45.10419287985039 10.61171183225746 254.4437944313872
    vertex 46.65725513944236 10.61096395742475 253.6649136976443
    vertex 45.07372140566404 10.61002196258679 252.6838650029214
  endloop
endfacet
facet normal -7.66662e-13 1 -0.000960191
  outer loop
    vertex 43.34851216223442 10.61528914501005 258.1694178329143
    vertex 41.51038645808097 10.61619205630401 259.1097626344143
    vertex 42.80971260431366 10.61713331949533 260.0900493496302
  endloop
endfacet
facet normal -7.67785e-13 1 -0.000960191
  outer loop
    vertex 38.60954331485382 10.63222125070168 275.8035061987995
    vertex 40.45935931098039 10.63132115589289 274.8660946501989
    vertex 39.17801522352766 10.63037715465245 273.8829563699595
  endloop
endfacet
facet normal -7.62814e-13 1 -0.000960191
  outer loop
    vertex 46.65725513944236 10.61096395742475 253.6649136976443
    vertex 48.20000000001147 10.61013140355478 252.7978432459641
    vertex 46.68258704010111 10.60929020034713 251.9217648689462
  endloop
endfacet
facet normal -7.66556e-13 1 -0.000960191
  outer loop
    vertex 43.10723306884137 10.61355820977124 256.3667203124153
    vertex 44.94105370699741 10.61354106931899 256.3488692382636
    vertex 43.71377383129747 10.61236496163343 255.12400168713
  endloop
endfacet
facet normal -7.68172e-13 1 -0.000960191
  outer loop
    vertex 36.01495516074716 10.61713927462363 260.096251375093
    vertex 37.05438690811425 10.61586718213873 258.7714196201979
    vertex 35.46691914073343 10.61585947957543 258.7633977200958
  endloop
endfacet
facet normal -7.67219e-13 1 -0.000960191
  outer loop
    vertex 40.48812059047301 10.62938682247063 272.8515663268151
    vertex 38.36923481027022 10.62864888093768 272.0830307172171
    vertex 39.17801522352766 10.63037715465245 273.8829563699595
  endloop
endfacet
facet normal -7.67081e-13 1 -0.000960191
  outer loop
    vertex 45.33175884556913 10.62897443229061 272.4220789923896
    vertex 44.38310431034988 10.62733991048682 270.7197920807754
    vertex 43.8819214621784 10.62890824778319 272.3531505641351
  endloop
endfacet
facet normal -7.67459e-13 1 -0.000960191
  outer loop
    vertex 42.29571413603873 10.62411339791703 267.3595125759635
    vertex 42.30007532235392 10.62621886407815 269.5522685748198
    vertex 44.2389056088717 10.62515958940702 268.4490777775853
  endloop
endfacet
facet normal -7.68273e-13 1 -0.000960191
  outer loop
    vertex 45.98541556415044 10.63039715755174 273.9037885575117
    vertex 44.94106390993794 10.63166728978259 275.2265787888318
    vertex 46.53337450824821 10.63167647316312 275.23614289887
  endloop
endfacet
facet normal -7.67385e-13 1 -0.000960191
  outer loop
    vertex 43.57017848507255 10.63657300608718 280.3356795934527
    vertex 43.59414163130487 10.63487677725702 278.5691273631233
    vertex 42.00150129701881 10.63577271301973 279.5022074368954
  endloop
endfacet
facet normal -7.67501e-13 1 -0.000960191
  outer loop
    vertex 36.90832782289634 10.63572284057333 279.450267349008
    vertex 35.34424520583721 10.63657225138217 280.33489360595
    vertex 36.98161573277924 10.63759796204616 281.4031288739006
  endloop
endfacet
facet normal -7.67103e-13 1 -0.000960191
  outer loop
    vertex 38.88527172591755 10.63397833221855 277.6334339873673
    vertex 37.06208179713736 10.63398039621838 277.6355835593614
    vertex 38.29989656390936 10.6351671607098 278.8715497333909
  endloop
endfacet
facet normal -7.70574e-13 1 -0.000960191
  outer loop
    vertex 35.34424520583721 10.63657225138217 280.33489360595
    vertex 33.80000000001157 10.63740084142288 281.1978358932735
    vertex 35.3579942178118 10.63833387223812 282.1695489287928
  endloop
endfacet
facet normal -7.67524e-13 1 -0.000960191
  outer loop
    vertex 39.67154632031927 10.60732449771885 249.8745668194459
    vertex 37.14710196396283 10.60778057489614 250.3495523543211
    vertex 38.6158799935459 10.6090577656042 251.6796936959495
  endloop
endfacet
facet normal -7.67141e-13 1 -0.000960191
  outer loop
    vertex 46.57037577677882 10.61428802312924 257.1267907626241
    vertex 46.75257604959893 10.61579324140847 258.694413397463
    vertex 47.79843184538579 10.61497073905471 257.83781118493
  endloop
endfacet
facet normal -7.67741e-13 1 -0.000960191
  outer loop
    vertex 35.33192477884871 10.61098065767958 253.6823063319678
    vertex 36.89181069467253 10.6118138267572 254.5500174945232
    vertex 37.01154819070789 10.60994773808058 252.6065632534567
  endloop
endfacet
facet normal -7.6739e-13 1 -0.000960191
  outer loop
    vertex 40.32533889695783 10.62521085975498 268.5024737293808
    vertex 42.29571413603873 10.62411339791703 267.3595125759635
    vertex 40.09735049404804 10.62313011473723 266.3354637799279
  endloop
endfacet
facet normal -7.67508e-13 1 -0.000960191
  outer loop
    vertex 35.45679448495988 10.63322711563264 276.8510729597518
    vertex 35.24416286806433 10.63174501905642 275.3075306231256
    vertex 34.2031808709573 10.63256756247952 276.1641756076809
  endloop
endfacet
facet normal -7.68148e-13 1 -0.000960191
  outer loop
    vertex 42.41318669795928 10.63030567110651 273.8085092083152
    vertex 42.03091250110803 10.63230504754243 275.8907771428208
    vertex 43.50119121705103 10.63160026858558 275.1567789829265
  endloop
endfacet
facet normal -7.64547e-13 1 -0.000960191
  outer loop
    vertex 25.04999999999278 10.62376611999383 266.997836983923
    vertex 25.04999999999278 10.62107373899382 264.1938334344957
    vertex 23.19560893508315 10.62315507786979 266.3614618644016
  endloop
endfacet
facet normal -7.67211e-13 1 -0.000960191
  outer loop
    vertex 36.01495516074716 10.61713927462363 260.096251375093
    vertex 36.66507827714053 10.61855342323151 261.5690287102871
    vertex 37.60956818032646 10.61720786264853 260.1676829673725
  endloop
endfacet
facet normal -7.67703e-13 1 -0.000960191
  outer loop
    vertex 45.98541556415044 10.63039715755174 273.9037885575117
    vertex 45.33175884556913 10.62897443229061 272.4220789923896
    vertex 44.38169739422472 10.63032239053669 273.8259218023484
  endloop
endfacet
facet normal -7.68333e-13 1 -0.000960191
  outer loop
    vertex 36.66507827714053 10.61855342323151 261.5690287102871
    vertex 37.76508261428653 10.62011140414422 263.1916014467545
    vertex 38.26334913017507 10.61847053260947 261.4827015515864
  endloop
endfacet
facet normal -7.7071e-13 1 -0.000960191
  outer loop
    vertex 33.80000000001157 10.61013140354373 252.7978432459641
    vertex 35.33192477884871 10.61098065767958 253.6823063319678
    vertex 35.37694135549819 10.60917200817584 251.7986726158491
  endloop
endfacet
facet normal -7.67038e-13 1 -0.000960191
  outer loop
    vertex 44.94105370699741 10.61354106931899 256.3488692382636
    vertex 45.10419287985039 10.61171183225746 254.4437944313872
    vertex 43.71377383129747 10.61236496163343 255.12400168713
  endloop
endfacet
facet normal -7.6664e-13 1 -0.000960191
  outer loop
    vertex 37.06208179713736 10.63398039621838 277.6355835593614
    vertex 36.90832782289634 10.63572284057333 279.450267349008
    vertex 38.29989656390936 10.6351671607098 278.8715497333909
  endloop
endfacet
facet normal -7.67855e-13 1 -0.000960191
  outer loop
    vertex 43.61295140907254 10.61887490258321 261.9038361644587
    vertex 44.39970581745078 10.61702451367 259.9767325776546
    vertex 42.80971260431366 10.61713331949533 260.0900493496302
  endloop
endfacet
facet normal -7.6713e-13 1 -0.000960191
  outer loop
    vertex 39.56498704056565 10.61721400444801 260.1740793961536
    vertex 39.94132655645556 10.61521303537444 258.0901527953571
    vertex 38.49140597722582 10.61593984460829 258.8470945783346
  endloop
endfacet
facet normal -7.65748e-13 1 -0.000960191
  outer loop
    vertex 25.04999999999277 10.62915088199385 272.6058440827775
    vertex 22.50093451903034 10.6296857568773 273.1628941723343
    vertex 23.93978481273335 10.6305855200743 274.0999603583297
  endloop
endfacet
facet normal -7.67965e-13 1 -0.000960191
  outer loop
    vertex 46.66824236737908 10.63655252311965 280.3143474267477
    vertex 45.09893341463145 10.63572271224823 279.4501336971825
    vertex 45.02586490951265 10.63757177438078 281.375855496183
  endloop
endfacet
facet normal -7.67226e-13 1 -0.000960191
  outer loop
    vertex 45.48420537848527 10.61850860182505 261.5223490606446
    vertex 44.39970581745078 10.61702451367 259.9767325776546
    vertex 43.61295140907254 10.61887490258321 261.9038361644587
  endloop
endfacet
facet normal -7.7076e-13 1 -0.000960191
  outer loop
    vertex 58.89999999999269 10.6237640480752 266.9956791392383
    vertex 56.94999999999268 10.6237661200183 266.9978369839147
    vertex 57.92499999999268 10.62505715315049 268.3423946386276
  endloop
endfacet
facet normal -7.66746e-13 1 -0.000960191
  outer loop
    vertex 36.51629549505272 10.62902702046367 272.4768474084862
    vertex 37.5873318151399 10.63050419120067 274.0152596864418
    vertex 38.36923481027022 10.62864888093768 272.0830307172171
  endloop
endfacet
facet normal -7.70756e-13 1 -0.000960191
  outer loop
    vertex 56.94999999999268 10.6237661200183 266.9978369839147
    vertex 58.89999999999269 10.6237640480752 266.9956791392383
    vertex 57.92499999999269 10.62247301494302 265.6511214845254
  endloop
endfacet
facet normal -7.63209e-13 1 -0.000960191
  outer loop
    vertex 48.20000000001147 10.63740084143393 281.1978358932732
    vertex 46.66824236737908 10.63655252311965 280.3143474267477
    vertex 46.68983232560399 10.63835021185638 282.1865659569212
  endloop
endfacet
facet normal -7.64754e-13 1 -0.000960191
  outer loop
    vertex 49.39999999999991 10.61416627969056 257
    vertex 48.00636084803811 10.61343762651315 256.2411378282791
    vertex 47.79843184538579 10.61497073905471 257.83781118493
  endloop
endfacet
facet normal -7.66275e-13 1 -0.000960191
  outer loop
    vertex 44.94106390993794 10.63166728978259 275.2265787888318
    vertex 44.38169739422472 10.63032239053669 273.8259218023484
    vertex 43.50119121705103 10.63160026858558 275.1567789829265
  endloop
endfacet
facet normal -7.67244e-13 1 -0.000960191
  outer loop
    vertex 39.94132655645556 10.61521303537444 258.0901527953571
    vertex 38.15214958472996 10.61443206005277 257.2767992729154
    vertex 38.49140597722582 10.61593984460829 258.8470945783346
  endloop
endfacet
facet normal -7.66591e-13 1 -0.000960191
  outer loop
    vertex 36.89181069467253 10.6118138267572 254.5500174945232
    vertex 38.58215572793678 10.61081750433296 253.5123888611446
    vertex 37.01154819070789 10.60994773808058 252.6065632534567
  endloop
endfacet
facet normal -7.67226e-13 1 -0.000960191
  outer loop
    vertex 37.05438690811425 10.61586718213873 258.7714196201979
    vertex 37.60956818032646 10.61720786264853 260.1676829673725
    vertex 38.49140597722582 10.61593984460829 258.8470945783346
  endloop
endfacet
facet normal -7.66765e-13 1 -0.000960191
  outer loop
    vertex 32.59999999999999 10.63337011414185 277
    vertex 33.99890471458113 10.63409573747879 277.755706718066
    vertex 34.2031808709573 10.63256756247952 276.1641756076809
  endloop
endfacet
facet normal -7.66908e-13 1 -0.000960191
  outer loop
    vertex 42.34203762461881 10.64029938120601 284.216545289022
    vertex 45.00728968496396 10.63974612775702 283.6403546828516
    vertex 43.17800125977426 10.63842317306537 282.2625520437849
  endloop
endfacet
facet normal -7.68008e-13 1 -0.000960191
  outer loop
    vertex 38.36923481027022 10.62864888093768 272.0830307172171
    vertex 37.5873318151399 10.63050419120067 274.0152596864418
    vertex 39.17801522352766 10.63037715465245 273.8829563699595
  endloop
endfacet
facet normal -7.67264e-13 1 -0.000960191
  outer loop
    vertex 43.69339326987596 10.62105610142287 264.1754646183122
    vertex 46.04082783238468 10.62148620113444 264.6233956922636
    vertex 44.91484078015934 10.61995836139539 263.0322137425919
  endloop
endfacet
facet normal -7.67684e-13 1 -0.000960191
  outer loop
    vertex 42.03091250110803 10.63230504754243 275.8907771428208
    vertex 43.8352746767371 10.63309903623808 276.7176835564831
    vertex 43.50119121705103 10.63160026858558 275.1567789829265
  endloop
endfacet
facet normal -7.66391e-13 1 -0.000960191
  outer loop
    vertex 45.48420537848527 10.61850860182505 261.5223490606446
    vertex 46.01008705344699 10.6170674543282 260.021453497379
    vertex 44.39970581745078 10.61702451367 259.9767325776546
  endloop
endfacet
facet normal -7.67527e-13 1 -0.000960191
  outer loop
    vertex 36.51629549505272 10.62902702046367 272.4768474084862
    vertex 35.98628237177839 10.63047021710994 273.9798770762021
    vertex 37.5873318151399 10.63050419120067 274.0152596864418
  endloop
endfacet
facet normal -7.67314e-13 1 -0.000960191
  outer loop
    vertex 45.07372140566404 10.61002196258679 252.6838650029214
    vertex 46.65725513944236 10.61096395742475 253.6649136976443
    vertex 46.68258704010111 10.60929020034713 251.9217648689462
  endloop
endfacet
facet normal -7.544e-13 1 -0.000960191
  outer loop
    vertex 25.04999999999279 10.61366969124379 256.4828236735706
    vertex 24.77613732863395 10.61337638120115 256.1773533853498
    vertex 24.39322534223672 10.61395011172317 256.7748700150472
  endloop
endfacet
facet normal -7.67652e-13 1 -0.000960191
  outer loop
    vertex 45.14464840260602 10.63414147360769 277.8033389973795
    vertex 46.62000570677931 10.63346743379661 277.101354387506
    vertex 45.41141382430561 10.63287267234968 276.4819349198961
  endloop
endfacet
facet normal -7.68171e-13 1 -0.000960191
  outer loop
    vertex 35.46691914073343 10.61585947957543 258.7633977200958
    vertex 37.05438690811425 10.61586718213873 258.7714196201979
    vertex 36.58714372738182 10.61466034437858 257.5145479656966
  endloop
endfacet
facet normal -7.67237e-13 1 -0.000960191
  outer loop
    vertex 45.09893341463145 10.63572271224823 279.4501336971825
    vertex 43.57017848507255 10.63657300608718 280.3356795934527
    vertex 45.02586490951265 10.63757177438078 281.375855496183
  endloop
endfacet
facet normal -7.69336e-13 1 -0.000960191
  outer loop
    vertex 35.38335366602755 10.61262134665852 255.3910161023626
    vertex 33.80000000001161 10.61181380995672 254.55
    vertex 33.94128211764798 10.61327150164231 256.0681256516219
  endloop
endfacet
facet normal -7.67241e-13 1 -0.000960191
  outer loop
    vertex 36.84695373808415 10.61338823832244 256.1897020775348
    vertex 35.37886247709159 10.61406670284188 256.8962948382948
    vertex 36.58714372738182 10.61466034437858 257.5145479656966
  endloop
endfacet
facet normal -7.66067e-13 1 -0.000960191
  outer loop
    vertex 46.61342621211394 10.63491059473445 278.6043468659514
    vertex 48.20000000001149 10.63572258387568 279.45
    vertex 48.05814866965062 10.6342475177847 277.9137796231523
  endloop
endfacet
facet normal -7.64185e-13 1 -0.000960191
  outer loop
    vertex 25.04999999999277 10.62645850099384 269.8018405333502
    vertex 25.04999999999278 10.62376611999383 266.997836983923
    vertex 23.18783307943976 10.62553912884706 268.8443524368236
  endloop
endfacet
facet normal -7.68272e-13 1 -0.000960191
  outer loop
    vertex 46.53337450824821 10.63167647316312 275.23614289887
    vertex 44.94106390993794 10.63166728978259 275.2265787888318
    vertex 45.41141382430561 10.63287267234968 276.4819349198961
  endloop
endfacet
facet normal -7.66102e-13 1 -0.000960191
  outer loop
    vertex 48.20000000001156 10.61181380996777 254.55
    vertex 46.60814152256853 10.61261844608269 255.3879952635296
    vertex 48.00636084803811 10.61343762651315 256.2411378282791
  endloop
endfacet
facet normal -7.67787e-13 1 -0.000960191
  outer loop
    vertex 44.2389056088717 10.62515958940702 268.4490777775853
    vertex 46.15205261619121 10.62392478307415 267.1630780084918
    vertex 44.11367040763327 10.62304518508165 266.2470130501315
  endloop
endfacet
facet normal -7.68204e-13 1 -0.000960191
  outer loop
    vertex 33.80000000001144 10.63572258386463 279.45
    vertex 35.39670747848065 10.63491574984505 278.6097157095691
    vertex 33.99890471458113 10.63409573747879 277.755706718066
  endloop
endfacet
facet normal -7.67387e-13 1 -0.000960191
  outer loop
    vertex 38.38236101776412 10.62649622181329 269.8411251973405
    vertex 35.97577338254973 10.62604646088156 269.3727177751527
    vertex 37.09527984426337 10.62759740373233 270.9879606609394
  endloop
endfacet
facet normal -7.64013e-13 1 -0.000960191
  outer loop
    vertex 25.04999999999277 10.62915088199385 272.6058440827775
    vertex 25.04999999999277 10.62645850099384 269.8018405333502
    vertex 23.46308838477673 10.6280457764415 271.454922319526
  endloop
endfacet
facet normal -7.6461e-13 1 -0.000960191
  outer loop
    vertex 48.20000000001147 10.62725369287697 270.63
    vertex 46.10421755673151 10.62609186089029 269.42
    vertex 46.20162989002115 10.62775153716233 271.1484842514726
  endloop
endfacet
facet normal -7.69648e-13 1 -0.000960191
  outer loop
    vertex 33.80000000001157 10.62028270095543 263.37
    vertex 35.89578244329154 10.62144453294212 264.58
    vertex 35.82741270895642 10.61976614794791 262.832031387488
  endloop
endfacet
facet normal -7.67043e-13 1 -0.000960191
  outer loop
    vertex 39.95264286080948 10.62110024861976 264.2214421024939
    vertex 37.76508261428653 10.62011140414422 263.1916014467545
    vertex 37.91683575907714 10.62221108953163 265.3783370085611
  endloop
endfacet
facet normal -7.67799e-13 1 -0.000960191
  outer loop
    vertex 21.80195041737005 10.62704628638037 270.4139947259099
    vertex 22.50093451903034 10.6296857568773 273.1628941723343
    vertex 23.46308838477673 10.6280457764415 271.454922319526
  endloop
endfacet
facet normal -7.67999e-13 1 -0.000960191
  outer loop
    vertex 36.98161573277924 10.63759796204616 281.4031288739006
    vertex 35.34424520583721 10.63657225138217 280.33489360595
    vertex 35.3579942178118 10.63833387223812 282.1695489287928
  endloop
endfacet
facet normal -7.70286e-13 1 -0.000960191
  outer loop
    vertex 58.89999999999269 10.62128815266029 264.4171363804634
    vertex 56.94999999999268 10.62107373901829 264.1938334344854
    vertex 57.92499999999269 10.62247301494302 265.6511214845254
  endloop
endfacet
facet normal -7.67914e-13 1 -0.000960191
  outer loop
    vertex 43.39840550817852 10.61091802153442 253.6170733687654
    vertex 45.07372140566404 10.61002196258679 252.6838650029214
    vertex 42.97006598683799 10.60939714450262 252.0331427904105
  endloop
endfacet
facet normal -7.69931e-13 1 -0.000960191
  outer loop
    vertex 56.94999999999268 10.62645850101831 269.8018405333441
    vertex 58.89999999999269 10.62623994349012 269.5742218980133
    vertex 57.92499999999268 10.62505715315049 268.3423946386276
  endloop
endfacet
facet normal -7.76475e-13 1 -0.000960191
  outer loop
    vertex 57.59072989863179 10.6139251239277 256.7488462321419
    vertex 57.2074887401882 10.61335284191656 256.1528381672789
    vertex 56.94999999999268 10.61366969126826 256.4828236735549
  endloop
endfacet
facet normal -7.67779e-13 1 -0.000960191
  outer loop
    vertex 45.98541556415044 10.63039715755174 273.9037885575117
    vertex 46.98906873744375 10.62909778926693 272.5505501841977
    vertex 45.33175884556913 10.62897443229061 272.4220789923896
  endloop
endfacet
facet normal -7.66404e-13 1 -0.000960191
  outer loop
    vertex 36.01495516074716 10.61713927462363 260.096251375093
    vertex 35.01112021005194 10.61843867846626 261.4495267803988
    vertex 36.66507827714053 10.61855342323151 261.5690287102871
  endloop
endfacet
facet normal -7.64502e-13 1 -0.000960191
  outer loop
    vertex 46.04082783238468 10.62148620113444 264.6233956922636
    vertex 48.20000000001147 10.62028270096648 263.37
    vertex 46.31866451308299 10.61973763441696 262.802335714937
  endloop
endfacet
facet normal -7.70029e-13 1 -0.000960191
  outer loop
    vertex 35.97577338254973 10.62604646088156 269.3727177751527
    vertex 33.80000000001157 10.62725369286593 270.63
    vertex 35.68634014630399 10.62780300557727 271.2020864871228
  endloop
endfacet
facet normal -7.68083e-13 1 -0.000960191
  outer loop
    vertex 46.99397774822725 10.61844327202284 261.4543107701801
    vertex 47.39973560932799 10.61703340335499 259.9859908148176
    vertex 46.01008705344699 10.6170674543282 260.021453497379
  endloop
endfacet
facet normal -7.67107e-13 1 -0.000960191
  outer loop
    vertex 35.0058951987349 10.62909288315035 272.5454406761019
    vertex 34.60017527768691 10.63050315082932 274.0141761850592
    vertex 35.98628237177839 10.63047021710994 273.9798770762021
  endloop
endfacet
facet normal -7.67649e-13 1 -0.000960191
  outer loop
    vertex 35.37694135549819 10.60917200817584 251.7986726158491
    vertex 35.33192477884871 10.61098065767958 253.6823063319678
    vertex 37.01154819070789 10.60994773808058 252.6065632534567
  endloop
endfacet
facet normal -7.6742e-13 1 -0.000960191
  outer loop
    vertex 37.15460543470462 10.63996054381344 283.8636601511865
    vertex 39.71015316689448 10.64002584282066 283.931666366694
    vertex 38.71400544523881 10.63841430459065 282.2533158974155
  endloop
endfacet
facet normal -7.67326e-13 1 -0.000960191
  outer loop
    vertex 43.61295140907254 10.61887490258321 261.9038361644587
    vertex 43.69339326987596 10.62105610142287 264.1754646183122
    vertex 44.91484078015934 10.61995836139539 263.0322137425919
  endloop
endfacet
facet normal -7.67433e-13 1 -0.000960191
  outer loop
    vertex 44.38310431034988 10.62733991048682 270.7197920807754
    vertex 42.26577982209487 10.62824299271983 271.6603149084581
    vertex 43.8819214621784 10.62890824778319 272.3531505641351
  endloop
endfacet
facet normal -7.67615e-13 1 -0.000960191
  outer loop
    vertex 38.36923481027022 10.62864888093768 272.0830307172171
    vertex 38.38236101776412 10.62649622181329 269.8411251973405
    vertex 37.09527984426337 10.62759740373233 270.9879606609394
  endloop
endfacet
facet normal -7.58713e-13 1 -0.000960191
  outer loop
    vertex 25.04999999999279 10.6143427864938 257.1838245609274
    vertex 25.04999999999279 10.61366969124379 256.4828236735706
    vertex 24.39322534223672 10.61395011172317 256.7748700150472
  endloop
endfacet
facet normal -7.67408e-13 1 -0.000960191
  outer loop
    vertex 39.71015316689448 10.64002584282066 283.931666366694
    vertex 42.34203762461881 10.64029938120601 284.216545289022
    vertex 41.20245808700786 10.63872468365226 282.5765628617518
  endloop
endfacet
facet normal -7.71469e-13 1 -0.000960191
  outer loop
    vertex 33.80000000001157 10.62957735683609 273.05
    vertex 34.60017527768691 10.63050315082932 274.0141761850592
    vertex 35.0058951987349 10.62909288315035 272.5454406761019
  endloop
endfacet
facet normal -7.63979e-13 1 -0.000960191
  outer loop
    vertex 48.20000000001147 10.61795903699631 260.95
    vertex 47.39973560932799 10.61703340335499 259.9859908148176
    vertex 46.99397774822725 10.61844327202284 261.4543107701801
  endloop
endfacet
facet normal -7.62942e-13 1 -0.000960191
  outer loop
    vertex 47.39686671287892 10.63052617079126 274.0381505139005
    vertex 48.20000000001147 10.62957735684714 273.05
    vertex 46.98906873744375 10.62909778926693 272.5505501841977
  endloop
endfacet
facet normal -7.70287e-13 1 -0.000960191
  outer loop
    vertex 34.60331230175368 10.61701009417538 259.9617152777203
    vertex 33.80000000001157 10.61795903698526 260.95
    vertex 35.01112021005194 10.61843867846626 261.4495267803988
  endloop
endfacet
facet normal -7.68317e-13 1 -0.000960191
  outer loop
    vertex 48.63933970599492 10.61694059999594 259.8893399504569
    vertex 49.70000000001146 10.61651874941265 259.45
    vertex 49.03807478113159 10.61573715802074 258.6360048649507
  endloop
endfacet
facet normal -7.69383e-13 1 -0.000960191
  outer loop
    vertex 33.3606602940281 10.63059579383647 274.1106600495431
    vertex 32.30000000001157 10.63101764441976 274.55
    vertex 32.96190042092744 10.63180009580667 275.3648907842942
  endloop
endfacet
facet normal -7.67072e-13 1 -0.000960191
  outer loop
    vertex 34.60331230175368 10.61701009417538 259.9617152777203
    vertex 35.01112021005194 10.61843867846626 261.4495267803988
    vertex 36.01495516074716 10.61713927462363 260.096251375093
  endloop
endfacet
facet normal -7.67973e-13 1 -0.000960191
  outer loop
    vertex 47.39686671287892 10.63052617079126 274.0381505139005
    vertex 46.98906873744375 10.62909778926693 272.5505501841977
    vertex 45.98541556415044 10.63039715755174 273.9037885575117
  endloop
endfacet
facet normal -7.67621e-13 1 -0.000960191
  outer loop
    vertex 46.68983232560399 10.63835021185638 282.1865659569212
    vertex 45.00728968496396 10.63974612775702 283.6403546828516
    vertex 46.89236868683589 10.63992183840387 283.8233500588353
  endloop
endfacet
facet normal -7.66607e-13 1 -0.000960191
  outer loop
    vertex 46.99397774822725 10.61844327202284 261.4543107701801
    vertex 46.01008705344699 10.6170674543282 260.021453497379
    vertex 45.48420537848527 10.61850860182505 261.5223490606446
  endloop
endfacet
facet normal -7.61295e-13 1 -0.000960191
  outer loop
    vertex 47.39973560932799 10.61703340335499 259.9859908148176
    vertex 48.63933970599492 10.61694059999594 259.8893399504569
    vertex 47.92563159828784 10.61609502836697 259.0087120425237
  endloop
endfacet
facet normal -7.67393e-13 1 -0.000960191
  outer loop
    vertex 35.0058951987349 10.62909288315035 272.5454406761019
    vertex 35.98628237177839 10.63047021710994 273.9798770762021
    vertex 36.51629549505272 10.62902702046367 272.4768474084862
  endloop
endfacet
facet normal -7.68402e-13 1 -0.000960191
  outer loop
    vertex 34.60017527768691 10.63050315082932 274.0141761850592
    vertex 33.3606602940281 10.63059579383647 274.1106600495431
    vertex 34.07401594633281 10.63144232440168 274.9922866499406
  endloop
endfacet
facet normal -7.6766e-13 1 -0.000960191
  outer loop
    vertex 45.33175884556913 10.62897443229061 272.4220789923896
    vertex 46.98906873744375 10.62909778926693 272.5505501841977
    vertex 46.20162989002115 10.62775153716233 271.1484842514726
  endloop
endfacet
facet normal -7.66402e-13 1 -0.000960191
  outer loop
    vertex 36.66507827714053 10.61855342323151 261.5690287102871
    vertex 35.01112021005194 10.61843867846626 261.4495267803988
    vertex 35.82741270895642 10.61976614794791 262.832031387488
  endloop
endfacet
facet normal -7.74324e-13 1 -0.000960191
  outer loop
    vertex 56.94999999999268 10.61434278651826 257.1838245609122
    vertex 57.59072989863179 10.6139251239277 256.7488462321419
    vertex 56.94999999999268 10.61366969126826 256.4828236735549
  endloop
endfacet
facet normal -7.67584e-13 1 -0.000960191
  outer loop
    vertex 37.76508261428653 10.62011140414422 263.1916014467545
    vertex 39.71202953855617 10.61926596857506 262.3111152373646
    vertex 38.26334913017507 10.61847053260947 261.4827015515864
  endloop
endfacet
facet normal -7.6699e-13 1 -0.000960191
  outer loop
    vertex 38.63569328591777 10.63663142090368 280.396516214795
    vertex 36.98161573277924 10.63759796204616 281.4031288739006
    vertex 38.71400544523881 10.63841430459065 282.2533158974155
  endloop
endfacet
facet normal -7.67318e-13 1 -0.000960191
  outer loop
    vertex 45.07372140566404 10.61002196258679 252.6838650029214
    vertex 46.68258704010111 10.60929020034713 251.9217648689462
    vertex 44.95277745894711 10.60778366414103 250.3527696689744
  endloop
endfacet
facet normal -7.67799e-13 1 -0.000960191
  outer loop
    vertex 46.68983232560399 10.63835021185638 282.1865659569212
    vertex 46.66824236737908 10.63655252311965 280.3143474267477
    vertex 45.02586490951265 10.63757177438078 281.375855496183
  endloop
endfacet
facet normal -7.67675e-13 1 -0.000960191
  outer loop
    vertex 40.06160486742702 10.6116884718883 254.4194655762999
    vertex 41.89629472826652 10.61242825053789 255.1899144671755
    vertex 41.79868377110255 10.61077008029114 253.4629986788062
  endloop
endfacet
facet normal -7.70452e-13 1 -0.000960191
  outer loop
    vertex 56.94999999999268 10.62107373901829 264.1938334344854
    vertex 58.89999999999269 10.62128815266029 264.4171363804634
    vertex 58.05985448039642 10.62005020495218 263.1278650010759
  endloop
endfacet
facet normal -7.70261e-13 1 -0.000960191
  outer loop
    vertex 58.89999999999269 10.62623994349012 269.5742218980133
    vertex 56.94999999999268 10.62645850101831 269.8018405333441
    vertex 58.06220888053186 10.62747789119693 270.8634932774008
  endloop
endfacet
facet normal -7.67529e-13 1 -0.000960191
  outer loop
    vertex 43.69339326987596 10.62105610142287 264.1754646183122
    vertex 41.71508486037535 10.62010108176699 263.1808511142859
    vertex 41.97797600479681 10.62209102159092 265.2532912068525
  endloop
endfacet
facet normal -7.6461e-13 1 -0.000960191
  outer loop
    vertex 23.18783307943976 10.62553912884706 268.8443524368236
    vertex 25.04999999999278 10.62376611999383 266.997836983923
    vertex 23.19560893508315 10.62315507786979 266.3614618644016
  endloop
endfacet
facet normal -7.67568e-13 1 -0.000960191
  outer loop
    vertex 40.09735049404804 10.62313011473723 266.3354637799279
    vertex 42.29571413603873 10.62411339791703 267.3595125759635
    vertex 41.97797600479681 10.62209102159092 265.2532912068525
  endloop
endfacet
facet normal -7.67413e-13 1 -0.000960191
  outer loop
    vertex 35.0058951987349 10.62909288315035 272.5454406761019
    vertex 36.51629549505272 10.62902702046367 272.4768474084862
    vertex 35.68634014630399 10.62780300557727 271.2020864871228
  endloop
endfacet
facet normal -7.66604e-13 1 -0.000960191
  outer loop
    vertex 46.99397774822725 10.61844327202284 261.4543107701801
    vertex 45.48420537848527 10.61850860182505 261.5223490606446
    vertex 46.31866451308299 10.61973763441696 262.802335714937
  endloop
endfacet
facet normal -7.67412e-13 1 -0.000960191
  outer loop
    vertex 35.11676109612177 10.6416152796959 285.5869991927888
    vertex 37.15460543470462 10.63996054381344 283.8636601511865
    vertex 35.32280076598356 10.63993341150425 283.8354029738656
  endloop
endfacet
facet normal -7.67865e-13 1 -0.000960191
  outer loop
    vertex 21.50914372492605 10.62433737283659 267.5927732155747
    vertex 21.80195041737005 10.62704628638037 270.4139947259099
    vertex 23.18783307943976 10.62553912884706 268.8443524368236
  endloop
endfacet
facet normal -7.71336e-13 1 -0.000960191
  outer loop
    vertex 33.80000000001157 10.60844899713074 251.0456864919283
    vertex 35.37694135549819 10.60917200817584 251.7986726158491
    vertex 35.11653855544714 10.60758277073931 250.1435475008204
  endloop
endfacet
facet normal -7.67489e-13 1 -0.000960191
  outer loop
    vertex 21.62870941807999 10.62161632933289 264.7589188529312
    vertex 21.50914372492605 10.62433737283659 267.5927732155747
    vertex 23.19560893508315 10.62315507786979 266.3614618644016
  endloop
endfacet
facet normal -7.67742e-13 1 -0.000960191
  outer loop
    vertex 45.10419287985039 10.61171183225746 254.4437944313872
    vertex 43.39840550817852 10.61091802153442 253.6170733687654
    vertex 43.71377383129747 10.61236496163343 255.12400168713
  endloop
endfacet
facet normal -7.66902e-13 1 -0.000960191
  outer loop
    vertex 36.90832782289634 10.63572284057333 279.450267349008
    vertex 38.63569328591777 10.63663142090368 280.396516214795
    vertex 38.29989656390936 10.6351671607098 278.8715497333909
  endloop
endfacet
facet normal -7.67169e-13 1 -0.000960191
  outer loop
    vertex 41.51038645808097 10.61619205630401 259.1097626344143
    vertex 41.49051672883346 10.61812690882804 261.1248315808288
    vertex 42.80971260431366 10.61713331949533 260.0900493496302
  endloop
endfacet
facet normal -7.67382e-13 1 -0.000960191
  outer loop
    vertex 42.29571413603873 10.62411339791703 267.3595125759635
    vertex 44.2389056088717 10.62515958940702 268.4490777775853
    vertex 44.11367040763327 10.62304518508165 266.2470130501315
  endloop
endfacet
facet normal -7.67049e-13 1 -0.000960191
  outer loop
    vertex 40.45935931098039 10.63132115589289 274.8660946501989
    vertex 40.48812059047301 10.62938682247063 272.8515663268151
    vertex 39.17801522352766 10.63037715465245 273.8829563699595
  endloop
endfacet
facet normal -7.68026e-13 1 -0.000960191
  outer loop
    vertex 46.75257604959893 10.61579324140847 258.694413397463
    vertex 47.39973560932799 10.61703340335499 259.9859908148176
    vertex 47.92563159828784 10.61609502836697 259.0087120425237
  endloop
endfacet
facet normal -7.66082e-13 1 -0.000960191
  outer loop
    vertex 35.24416286806433 10.63174501905642 275.3075306231256
    vertex 34.60017527768691 10.63050315082932 274.0141761850592
    vertex 34.07401594633281 10.63144232440168 274.9922866499406
  endloop
endfacet
facet normal -7.63714e-13 1 -0.000960191
  outer loop
    vertex 46.68258704010111 10.60929020034713 251.9217648689462
    vertex 48.20000000001147 10.60844899714179 251.0456864919283
    vertex 46.72879287021126 10.60768463885406 250.249638923374
  endloop
endfacet
facet normal -7.70799e-13 1 -0.000960191
  outer loop
    vertex 35.3579942178118 10.63833387223812 282.1695489287928
    vertex 33.80000000001157 10.63907909898113 282.9456717865469
    vertex 35.32280076598356 10.63993341150425 283.8354029738656
  endloop
endfacet
facet normal -7.65645e-13 1 -0.000960191
  outer loop
    vertex 33.80000000001161 10.61181380995672 254.55
    vertex 32.46825642353195 10.61273907483012 255.5136251303244
    vertex 33.94128211764798 10.61327150164231 256.0681256516219
  endloop
endfacet
facet normal -7.68475e-13 1 -0.000960191
  outer loop
    vertex 48.20000000001149 10.63572258387568 279.45
    vertex 49.53191065181619 10.63479754150646 278.486606598567
    vertex 48.05814866965062 10.6342475177847 277.9137796231523
  endloop
endfacet
facet normal -7.65016e-13 1 -0.000960191
  outer loop
    vertex 22.50093451903034 10.6296857568773 273.1628941723343
    vertex 25.04999999999277 10.62915088199385 272.6058440827775
    vertex 23.46308838477673 10.6280457764415 271.454922319526
  endloop
endfacet
facet normal -7.67694e-13 1 -0.000960191
  outer loop
    vertex 49.53174357647541 10.61273907484321 255.5136251303212
    vertex 48.20000000001156 10.61181380996777 254.55
    vertex 48.00636084803811 10.61343762651315 256.2411378282791
  endloop
endfacet
facet normal -7.6689e-13 1 -0.000960191
  outer loop
    vertex 32.46808934819115 10.63479754149336 278.4866065985638
    vertex 33.80000000001144 10.63572258386463 279.45
    vertex 33.99890471458113 10.63409573747879 277.755706718066
  endloop
endfacet
facet normal -7.69683e-13 1 -0.000960191
  outer loop
    vertex 32.30000000001156 10.6165187493993 259.45
    vertex 33.3606602940281 10.61694059998422 259.8893399504569
    vertex 32.91396456868753 10.61572491104627 258.6232501600315
  endloop
endfacet
facet normal -7.70244e-13 1 -0.000960191
  outer loop
    vertex 49.70000000001147 10.63101764443311 274.55
    vertex 48.63933970599494 10.63059579384819 274.1106600495431
    vertex 49.08613023139333 10.63181091354249 275.3761569962259
  endloop
endfacet
facet normal -7.63917e-13 1 -0.000960191
  outer loop
    vertex 25.04999999999277 10.62645850099384 269.8018405333502
    vertex 23.18783307943976 10.62553912884706 268.8443524368236
    vertex 23.46308838477673 10.6280457764415 271.454922319526
  endloop
endfacet
facet normal -7.67798e-13 1 -0.000960191
  outer loop
    vertex 45.07372140566404 10.61002196258679 252.6838650029214
    vertex 44.95277745894711 10.60778366414103 250.3527696689744
    vertex 42.97006598683799 10.60939714450262 252.0331427904105
  endloop
endfacet
facet normal -7.69159e-13 1 -0.000960191
  outer loop
    vertex 33.3606602940281 10.61694059998422 259.8893399504569
    vertex 34.11882779205744 10.61610073285198 259.0146530389526
    vertex 32.91396456868753 10.61572491104627 258.6232501600315
  endloop
endfacet
facet normal -7.67248e-13 1 -0.000960191
  outer loop
    vertex 45.48420537848527 10.61850860182505 261.5223490606446
    vertex 43.61295140907254 10.61887490258321 261.9038361644587
    vertex 44.91484078015934 10.61995836139539 263.0322137425919
  endloop
endfacet
facet normal -7.67128e-13 1 -0.000960191
  outer loop
    vertex 44.38169739422472 10.63032239053669 273.8259218023484
    vertex 45.33175884556913 10.62897443229061 272.4220789923896
    vertex 43.8819214621784 10.62890824778319 272.3531505641351
  endloop
endfacet
facet normal -7.64212e-13 1 -0.000960191
  outer loop
    vertex 48.63933970599494 10.63059579384819 274.1106600495431
    vertex 47.88185865799903 10.63143560594723 274.985289646234
    vertex 49.08613023139333 10.63181091354249 275.3761569962259
  endloop
endfacet
facet normal -7.66851e-13 1 -0.000960191
  outer loop
    vertex 36.51629549505272 10.62902702046367 272.4768474084862
    vertex 38.36923481027022 10.62864888093768 272.0830307172171
    vertex 37.09527984426337 10.62759740373233 270.9879606609394
  endloop
endfacet
facet normal -7.68379e-13 1 -0.000960191
  outer loop
    vertex 37.60956818032646 10.61720786264853 260.1676829673725
    vertex 36.66507827714053 10.61855342323151 261.5690287102871
    vertex 38.26334913017507 10.61847053260947 261.4827015515864
  endloop
endfacet
facet normal -7.66531e-13 1 -0.000960191
  outer loop
    vertex 35.97577338254973 10.62604646088156 269.3727177751527
    vertex 35.68634014630399 10.62780300557727 271.2020864871228
    vertex 37.09527984426337 10.62759740373233 270.9879606609394
  endloop
endfacet
facet normal -7.6826e-13 1 -0.000960191
  outer loop
    vertex 23.18783307943976 10.62553912884706 268.8443524368236
    vertex 21.80195041737005 10.62704628638037 270.4139947259099
    vertex 23.46308838477673 10.6280457764415 271.454922319526
  endloop
endfacet
facet normal -7.66702e-13 1 -0.000960191
  outer loop
    vertex 43.17800125977426 10.63842317306537 282.2625520437849
    vertex 43.57017848507255 10.63657300608718 280.3356795934527
    vertex 42.08179747269146 10.63729911432593 281.0918913190293
  endloop
endfacet
facet normal -7.67278e-13 1 -0.000960191
  outer loop
    vertex 46.04082783238468 10.62148620113444 264.6233956922636
    vertex 46.31866451308299 10.61973763441696 262.802335714937
    vertex 44.91484078015934 10.61995836139539 263.0322137425919
  endloop
endfacet
facet normal -7.64159e-13 1 -0.000960191
  outer loop
    vertex 48.20000000001144 10.63907909899218 282.9456717865464
    vertex 46.68983232560399 10.63835021185638 282.1865659569212
    vertex 46.89236868683589 10.63992183840387 283.8233500588353
  endloop
endfacet
facet normal -7.67326e-13 1 -0.000960191
  outer loop
    vertex 21.50914372492605 10.62433737283659 267.5927732155747
    vertex 23.18783307943976 10.62553912884706 268.8443524368236
    vertex 23.19560893508315 10.62315507786979 266.3614618644016
  endloop
endfacet
facet normal -7.64468e-13 1 -0.000960191
  outer loop
    vertex 48.63933970599492 10.61694059999594 259.8893399504569
    vertex 49.03807478113159 10.61573715802074 258.6360048649507
    vertex 47.92563159828784 10.61609502836697 259.0087120425237
  endloop
endfacet
facet normal -7.68785e-13 1 -0.000960191
  outer loop
    vertex 33.3606602940281 10.63059579383647 274.1106600495431
    vertex 32.96190042092744 10.63180009580667 275.3648907842942
    vertex 34.07401594633281 10.63144232440168 274.9922866499406
  endloop
endfacet
facet normal -7.67308e-13 1 -0.000960191
  outer loop
    vertex 46.31866451308299 10.61973763441696 262.802335714937
    vertex 45.48420537848527 10.61850860182505 261.5223490606446
    vertex 44.91484078015934 10.61995836139539 263.0322137425919
  endloop
endfacet
facet normal -7.666e-13 1 -0.000960191
  outer loop
    vertex 35.68634014630399 10.62780300557727 271.2020864871228
    vertex 36.51629549505272 10.62902702046367 272.4768474084862
    vertex 37.09527984426337 10.62759740373233 270.9879606609394
  endloop
endfacet
facet normal -7.6729e-13 1 -0.000960191
  outer loop
    vertex 44.95277745894711 10.60778366414103 250.3527696689744
    vertex 46.68258704010111 10.60929020034713 251.9217648689462
    vertex 46.72879287021126 10.60768463885406 250.249638923374
  endloop
endfacet
facet normal -7.67963e-13 1 -0.000960191
  outer loop
    vertex 40.45684823458383 10.63700199580512 280.7824546592617
    vertex 41.20245808700786 10.63872468365226 282.5765628617518
    vertex 42.08179747269146 10.63729911432593 281.0918913190293
  endloop
endfacet
facet normal -7.66472e-13 1 -0.000960191
  outer loop
    vertex 32.46825642353195 10.61273907483012 255.5136251303244
    vertex 32.59999999999999 10.61416627967767 257
    vertex 33.94128211764798 10.61327150164231 256.0681256516219
  endloop
endfacet
facet normal -7.67508e-13 1 -0.000960191
  outer loop
    vertex 49.53191065181619 10.63479754150646 278.486606598567
    vertex 49.39999999999991 10.63337011415474 277
    vertex 48.05814866965062 10.6342475177847 277.9137796231523
  endloop
endfacet
facet normal -7.65291e-13 1 -0.000960191
  outer loop
    vertex 49.39999999999991 10.61416627969056 257
    vertex 49.53174357647541 10.61273907484321 255.5136251303212
    vertex 48.00636084803811 10.61343762651315 256.2411378282791
  endloop
endfacet
facet normal -7.67275e-13 1 -0.000960191
  outer loop
    vertex 32.59999999999999 10.63337011414185 277
    vertex 32.46808934819115 10.63479754149336 278.4866065985638
    vertex 33.99890471458113 10.63409573747879 277.755706718066
  endloop
endfacet
facet normal -7.66787e-13 1 -0.000960191
  outer loop
    vertex 33.94128211764798 10.61327150164231 256.0681256516219
    vertex 32.59999999999999 10.61416627967767 257
    vertex 34.1042993260281 10.61492051793088 257.7855079707796
  endloop
endfacet
facet normal -7.67131e-13 1 -0.000960191
  outer loop
    vertex 48.05814866965062 10.6342475177847 277.9137796231523
    vertex 49.39999999999991 10.63337011415474 277
    vertex 47.89558302435472 10.63261251547281 276.2109922815784
  endloop
endfacet
facet normal -7.67333e-13 1 -0.000960191
  outer loop
    vertex 41.20245808700786 10.63872468365226 282.5765628617518
    vertex 43.17800125977426 10.63842317306537 282.2625520437849
    vertex 42.08179747269146 10.63729911432593 281.0918913190293
  endloop
endfacet
facet normal -7.66745e-13 1 -0.000960191
  outer loop
    vertex 43.57017848507255 10.63657300608718 280.3356795934527
    vertex 42.00150129701881 10.63577271301973 279.5022074368954
    vertex 42.08179747269146 10.63729911432593 281.0918913190293
  endloop
endfacet
facet normal -7.67916e-13 1 -0.000960191
  outer loop
    vertex 42.00150129701881 10.63577271301973 279.5022074368954
    vertex 40.45684823458383 10.63700199580512 280.7824546592617
    vertex 42.08179747269146 10.63729911432593 281.0918913190293
  endloop
endfacet
facet normal -7.67372e-13 1 -0.000960191
  outer loop
    vertex 42.34203762461881 10.64029938120601 284.216545289022
    vertex 43.17800125977426 10.63842317306537 282.2625520437849
    vertex 41.20245808700786 10.63872468365226 282.5765628617518
  endloop
endfacet
facet normal -7.66509e-13 1 -0.000960191
  outer loop
    vertex 34.2031808709573 10.63256756247952 276.1641756076809
    vertex 35.24416286806433 10.63174501905642 275.3075306231256
    vertex 34.07401594633281 10.63144232440168 274.9922866499406
  endloop
endfacet
facet normal -7.678e-13 1 -0.000960191
  outer loop
    vertex 47.79843184538579 10.61497073905471 257.83781118493
    vertex 46.75257604959893 10.61579324140847 258.694413397463
    vertex 47.92563159828784 10.61609502836697 259.0087120425237
  endloop
endfacet
facet normal -7.67889e-13 1 -0.000960191
  outer loop
    vertex 32.96190042092744 10.63180009580667 275.3648907842942
    vertex 34.2031808709573 10.63256756247952 276.1641756076809
    vertex 34.07401594633281 10.63144232440168 274.9922866499406
  endloop
endfacet
facet normal -7.6686e-13 1 -0.000960191
  outer loop
    vertex 49.03807478113159 10.61573715802074 258.6360048649507
    vertex 47.79843184538579 10.61497073905471 257.83781118493
    vertex 47.92563159828784 10.61609502836697 259.0087120425237
  endloop
endfacet
facet normal -7.65083e-13 1 -0.000960191
  outer loop
    vertex 51.71053654227167 10.60844899714449 251.0456864919284
    vertex 52.21204176259455 10.60844899714487 251.0456864919284
    vertex 51.70992948329548 10.60811713055227 250.7000611504469
  endloop
endfacet
facet normal -7.68625e-13 1 -0.000960191
  outer loop
    vertex 29.78795823740543 10.60844899712766 251.0456864919284
    vertex 30.28946345773119 10.60844899712805 251.0456864919284
    vertex 30.27547564950993 10.60812634982122 250.7096626552032
  endloop
endfacet
facet normal -7.13496e-13 1 -0.000960191
  outer loop
    vertex 25.04999999999729 10.61299659599379 255.7818227862138
    vertex 24.97568444059157 10.61309462864072 255.8839197368663
    vertex 25.04999999999279 10.61333314361879 256.1323232298922
  endloop
endfacet
facet normal -7.68625e-13 1 -0.000960191
  outer loop
    vertex 30.28946345773119 10.60844899712805 251.0456864919284
    vertex 30.79096867805696 10.60844899712844 251.0456864919284
    vertex 30.27547564950993 10.60812634982122 250.7096626552032
  endloop
endfacet
facet normal -7.68625e-13 1 -0.000960191
  outer loop
    vertex 51.20903132194879 10.6084489971441 251.0456864919284
    vertex 51.71053654227167 10.60844899714449 251.0456864919284
    vertex 51.70992948329548 10.60811713055227 250.7000611504469
  endloop
endfacet
facet normal -7.66371e-13 1 -0.000960191
  outer loop
    vertex 31.0000000000003 10.63572258386249 279.45
    vertex 33.80000000001144 10.63572258386463 279.45
    vertex 32.46808934819115 10.63479754149336 278.4866065985638
  endloop
endfacet
facet normal 3.45565e-13 1 -0.000960191
  outer loop
    vertex 29.78795823740543 10.60844899712766 251.0456864919284
    vertex 30.27547564950993 10.60812634982122 250.7096626552032
    vertex 29.68996377587743 10.60851141392479 251.1106910068436
  endloop
endfacet
facet normal -3.4247e-13 1 -0.000960191
  outer loop
    vertex 29.68996377587743 10.60851141392479 251.1106910068436
    vertex 29.33483887896951 10.60876417529018 251.3739315238798
    vertex 29.78795823740543 10.60844899712766 251.0456864919284
  endloop
endfacet
facet normal -6.54356e-13 1 -0.000960191
  outer loop
    vertex 25.04999999999729 10.61299659599379 255.7818227862138
    vertex 26.44372999540548 10.61130917727816 254.0244459249964
    vertex 26.05163579737915 10.61174068912298 254.4738476795501
  endloop
endfacet
facet normal -4.66474e-13 1 -0.000960191
  outer loop
    vertex 25.18053811623059 10.61281640933283 255.5941658248847
    vertex 25.04999999999729 10.61299659599379 255.7818227862138
    vertex 26.05163579737915 10.61174068912298 254.4738476795501
  endloop
endfacet
facet normal 1.11254e-12 1 -0.000960191
  outer loop
    vertex 25.04999999999729 10.61299659599379 255.7818227862138
    vertex 25.18053811623059 10.61281640933283 255.5941658248847
    vertex 24.97568444059157 10.61309462864072 255.8839197368663
  endloop
endfacet
facet normal -8.40626e-13 1 -0.000960191
  outer loop
    vertex 56.94999999999268 10.61299659601826 255.7818227861976
    vertex 56.94999999999268 10.61333314364326 256.1323232298762
    vertex 57.0078100011379 10.61307180966901 255.8601546952235
  endloop
endfacet
facet normal -2.94213e-12 1 -0.000960191
  outer loop
    vertex 56.90970145056767 10.61294178935974 255.7247439162631
    vertex 56.94999999999268 10.61299659601826 255.7818227861976
    vertex 57.0078100011379 10.61307180966901 255.8601546952235
  endloop
endfacet
facet normal -1.84001e-12 1 -0.000960191
  outer loop
    vertex 52.21204176259455 10.60844899714487 251.0456864919284
    vertex 52.29491036123817 10.60850108353911 251.0999323189938
    vertex 51.70992948329548 10.60811713055227 250.7000611504469
  endloop
endfacet
facet normal -1.27149e-12 1 -0.000960191
  outer loop
    vertex 52.29491036123817 10.60850108353911 251.0999323189938
    vertex 52.21204176259455 10.60844899714487 251.0456864919284
    vertex 52.66516112102921 10.60876417530808 251.3739315238788
  endloop
endfacet
facet normal -7.72247e-13 1 -0.000960191
  outer loop
    vertex 58.0143367653822 10.63291172063165 276.5226020818269
    vertex 56.94999999999267 10.63184326301833 275.4098476322027
    vertex 56.94999999999268 10.63453564401835 278.213851181632
  endloop
endfacet
facet normal -7.69219e-13 1 -0.000960191
  outer loop
    vertex 49.65209584621222 10.64054381961646 284.4711177862976
    vertex 52.21817721378575 10.63907909899527 282.9456717865464
    vertex 50.2090886068986 10.63907909899372 282.9456717865464
  endloop
endfacet
facet normal -7.67005e-13 1 -0.000960191
  outer loop
    vertex 50.9999999999999 10.61181380996992 254.55
    vertex 48.20000000001156 10.61181380996777 254.55
    vertex 49.53174357647541 10.61273907484321 255.5136251303212
  endloop
endfacet
facet normal -7.79559e-13 1 -0.000960191
  outer loop
    vertex 28.87823778121761 10.61534251456982 258.2250000354888
    vertex 29.40000000000001 10.61416627967522 257
    vertex 28.87823778121764 10.6129900447798 255.7749999645111
  endloop
endfacet
facet normal -7.64265e-13 1 -0.000960191
  outer loop
    vertex 29.40000000000001 10.63337011413939 277
    vertex 28.87823778121765 10.63219387924399 275.7749999645111
    vertex 28.87823778121763 10.634546349034 278.2250000354888
  endloop
endfacet
facet normal -1.36672e-12 1 -0.000960191
  outer loop
    vertex 53.54471155300292 10.60943332839717 252.0708268128488
    vertex 53.96995472021147 10.60978659619578 252.4387406260425
    vertex 53.95737677408309 10.60977170574124 252.4232328329865
  endloop
endfacet
facet normal -1.49831e-12 1 -0.000960191
  outer loop
    vertex 53.96995472021147 10.60978659619578 252.4387406260425
    vertex 54.38339722813982 10.61015056987109 252.817804167414
    vertex 53.95737677408309 10.60977170574124 252.4232328329865
  endloop
endfacet
facet normal -4.4061e-12 1 -0.000960191
  outer loop
    vertex 53.54471155300292 10.60943332839717 252.0708268128488
    vertex 53.95737677408309 10.60977170574124 252.4232328329865
    vertex 53.41937640517638 10.60932891768888 251.9620873750142
  endloop
endfacet
facet normal -2.82222e-12 1 -0.000960191
  outer loop
    vertex 54.38339722813982 10.61015056987109 252.817804167414
    vertex 54.47826762206065 10.610232969931 252.9036204245646
    vertex 53.95737677408309 10.60977170574124 252.4232328329865
  endloop
endfacet
facet normal -4.64396e-12 1 -0.000960191
  outer loop
    vertex 55.55627000458633 10.61130917730049 254.0244459249868
    vertex 55.93152333548024 10.6117214114515 254.45377075747
    vertex 55.46599302196114 10.6112084668318 253.9195601337492
  endloop
endfacet
facet normal -1.7081e-12 1 -0.000960191
  outer loop
    vertex 55.55627000458633 10.61130917730049 254.0244459249868
    vertex 55.92434730264797 10.61171735632858 254.4495475145332
    vertex 55.93152333548024 10.6117214114515 254.45377075747
  endloop
endfacet
facet normal -1.70167e-12 1 -0.000960191
  outer loop
    vertex 55.93152333548024 10.6117214114515 254.45377075747
    vertex 55.92434730264797 10.61171735632858 254.4495475145332
    vertex 56.01437527321548 10.61182090611692 254.5573903398413
  endloop
endfacet
facet normal -3.94156e-12 1 -0.000960191
  outer loop
    vertex 56.01437527321548 10.61182090611692 254.5573903398413
    vertex 56.05908618668579 10.61187290086806 254.6115407244488
    vertex 55.93152333548024 10.6117214114515 254.45377075747
  endloop
endfacet
facet normal -2.64353e-12 1 -0.000960191
  outer loop
    vertex 56.05908618668579 10.61187290086806 254.6115407244488
    vertex 56.15693230045794 10.61198389004533 254.7271313658885
    vertex 55.93152333548024 10.6117214114515 254.45377075747
  endloop
endfacet
facet normal -7.67365e-13 1 -0.000960191
  outer loop
    vertex 22.50093451903034 10.6296857568773 273.1628941723343
    vertex 23.59130746764835 10.63219994046242 275.781312477253
    vertex 23.93978481273335 10.6305855200743 274.0999603583297
  endloop
endfacet
facet normal 2.64054e-12 1 -0.000960191
  outer loop
    vertex 26.44372999540548 10.61130917727816 254.0244459249964
    vertex 26.51717890620823 10.61122636559245 253.9382009764412
    vertex 26.05163579737915 10.61174068912298 254.4738476795501
  endloop
endfacet
facet normal -2.76319e-14 1 -0.000960191
  outer loop
    vertex 28.03004527978381 10.60978659617588 252.4387406260467
    vertex 28.564636754076 10.6093416125231 251.975308540101
    vertex 28.0263121220157 10.6097856474047 252.437752520069
  endloop
endfacet
facet normal -1.65402e-14 1 -0.000960191
  outer loop
    vertex 27.61660277185447 10.61015056985056 252.8178041674194
    vertex 28.03004527978381 10.60978659617588 252.4387406260467
    vertex 28.0263121220157 10.6097856474047 252.437752520069
  endloop
endfacet
facet normal 2.08015e-12 1 -0.000960191
  outer loop
    vertex 27.61660277185447 10.61015056985056 252.8178041674194
    vertex 28.0263121220157 10.6097856474047 252.437752520069
    vertex 27.50517137552448 10.61024819693222 252.919478738634
  endloop
endfacet
facet normal -7.66854e-13 1 -0.000960191
  outer loop
    vertex 30.79096867805696 10.60844899712844 251.0456864919284
    vertex 31.7939791187085 10.60844899712921 251.0456864919284
    vertex 30.27547564950993 10.60812634982122 250.7096626552032
  endloop
endfacet
facet normal -5.02777e-13 1 -0.000960191
  outer loop
    vertex 28.564636754076 10.6093416125231 251.975308540101
    vertex 28.03004527978381 10.60978659617588 252.4387406260467
    vertex 28.89041442719651 10.60909239789483 251.7157618032514
  endloop
endfacet
facet normal 1.45681e-13 1 -0.000960191
  outer loop
    vertex 26.51717890620823 10.61122636559245 253.9382009764412
    vertex 26.44372999540548 10.61130917727816 254.0244459249964
    vertex 26.82295252015516 10.6109123332194 253.6111492369873
  endloop
endfacet
facet normal -7.6437e-13 1 -0.000960191
  outer loop
    vertex 52.59999999999989 10.61416627969302 257.0000000000001
    vertex 53.12176221878231 10.61534251458842 258.2250000354888
    vertex 53.12176221878232 10.61299004479841 255.7749999645112
  endloop
endfacet
facet normal -7.64422e-13 1 -0.000960191
  outer loop
    vertex 53.1217622187823 10.63219387926259 275.7749999645112
    vertex 52.59999999999989 10.6333701141572 277.0000000000001
    vertex 53.12176221878231 10.63454634905261 278.2250000354888
  endloop
endfacet
facet normal -1.87493e-12 1 -0.000960191
  outer loop
    vertex 55.46599302196114 10.6112084668318 253.9195601337492
    vertex 55.36817430119184 10.61110947675163 253.8164660560766
    vertex 55.55627000458633 10.61130917730049 254.0244459249868
  endloop
endfacet
facet normal -7.70838e-13 1 -0.000960191
  outer loop
    vertex 56.94999999999268 10.62645850101831 269.8018405333441
    vertex 56.94999999999267 10.62915088201832 272.6058440827734
    vertex 58.06220888053186 10.62747789119693 270.8634932774008
  endloop
endfacet
facet normal -7.7322e-13 1 -0.000960191
  outer loop
    vertex 56.94999999999268 10.6237661200183 266.9978369839147
    vertex 56.94999999999268 10.62645850101831 269.8018405333441
    vertex 57.92499999999268 10.62505715315049 268.3423946386276
  endloop
endfacet
facet normal -7.72914e-13 1 -0.000960191
  outer loop
    vertex 56.94999999999268 10.62107373901829 264.1938334344854
    vertex 56.94999999999268 10.6237661200183 266.9978369839147
    vertex 57.92499999999269 10.62247301494302 265.6511214845254
  endloop
endfacet
facet normal -7.70764e-13 1 -0.000960191
  outer loop
    vertex 56.94999999999268 10.61838135801828 261.3898298850561
    vertex 56.94999999999268 10.62107373901829 264.1938334344854
    vertex 58.05985448039642 10.62005020495218 263.1278650010759
  endloop
endfacet
facet normal -7.69588e-13 1 -0.000960191
  outer loop
    vertex 58.89999999999269 10.62128815266029 264.4171363804634
    vertex 58.89999999999269 10.61881225724537 261.8385936216884
    vertex 58.05985448039642 10.62005020495218 263.1278650010759
  endloop
endfacet
facet normal -7.68636e-13 1 -0.000960191
  outer loop
    vertex 58.89999999999269 10.62871583890504 272.1527646567882
    vertex 58.89999999999269 10.62623994349012 269.5742218980133
    vertex 58.06220888053186 10.62747789119693 270.8634932774008
  endloop
endfacet
facet normal -2.13901e-13 1 -0.000960191
  outer loop
    vertex 29.11943225093879 10.60891668041969 251.5327593141928
    vertex 28.89041442719651 10.60909239789483 251.7157618032514
    vertex 29.33483887896951 10.60876417529018 251.3739315238798
  endloop
endfacet
facet normal 1.2383e-11 1 -0.000960191
  outer loop
    vertex 28.89041442719651 10.60909239789483 251.7157618032514
    vertex 29.11943225093879 10.60891668041969 251.5327593141928
    vertex 28.564636754076 10.6093416125231 251.975308540101
  endloop
endfacet
facet normal -2.20371e-11 1 -0.000960191
  outer loop
    vertex 53.10958557280101 10.60909239791342 251.7157618032494
    vertex 53.41937640517638 10.60932891768888 251.9620873750142
    vertex 52.86497691596653 10.60890519045181 251.5207929684864
  endloop
endfacet
facet normal -2.52366e-12 1 -0.000960191
  outer loop
    vertex 53.10958557280101 10.60909239791342 251.7157618032494
    vertex 52.86497691596653 10.60890519045181 251.5207929684864
    vertex 52.88849835272521 10.60892667628015 251.5431695707933
  endloop
endfacet
facet normal -1.56038e-12 1 -0.000960191
  outer loop
    vertex 53.41937640517638 10.60932891768888 251.9620873750142
    vertex 53.10958557280101 10.60909239791342 251.7157618032494
    vertex 53.54471155300292 10.60943332839717 252.0708268128488
  endloop
endfacet
facet normal -7.94994e-12 1 -0.000960191
  outer loop
    vertex 52.66516112102921 10.60876417530808 251.3739315238788
    vertex 52.86497691596653 10.60890519045181 251.5207929684864
    vertex 52.29491036123817 10.60850108353911 251.0999323189938
  endloop
endfacet
facet normal -2.18779e-12 1 -0.000960191
  outer loop
    vertex 52.86497691596653 10.60890519045181 251.5207929684864
    vertex 52.66516112102921 10.60876417530808 251.3739315238788
    vertex 52.88849835272521 10.60892667628015 251.5431695707933
  endloop
endfacet
facet normal 4.96554e-12 1 -0.000960191
  outer loop
    vertex 29.33483887896951 10.60876417529018 251.3739315238798
    vertex 29.68996377587743 10.60851141392479 251.1106910068436
    vertex 29.11943225093879 10.60891668041969 251.5327593141928
  endloop
endfacet
facet normal 1.50785e-12 1 -0.000960191
  outer loop
    vertex 27.25126158002925 10.61048622416939 253.1673742699209
    vertex 27.00190477499993 10.61072864845039 253.4198491406576
    vertex 27.2140695915772 10.61052596860003 253.2087664520491
  endloop
endfacet
facet normal 1.5958e-14 1 -0.000960191
  outer loop
    vertex 27.00190477499993 10.61072864845039 253.4198491406576
    vertex 27.01705345186373 10.6107178099629 253.408561303822
    vertex 27.2140695915772 10.61052596860003 253.2087664520491
  endloop
endfacet
facet normal 4.48899e-13 1 -0.000960191
  outer loop
    vertex 27.00190477499993 10.61072864845039 253.4198491406576
    vertex 26.75718353667887 10.61097538949475 253.6768197420323
    vertex 26.82295252015516 10.6109123332194 253.6111492369873
  endloop
endfacet
facet normal 1.20844e-14 1 -0.000960191
  outer loop
    vertex 27.00190477499993 10.61072864845039 253.4198491406576
    vertex 26.82295252015516 10.6109123332194 253.6111492369873
    vertex 27.01705345186373 10.6107178099629 253.408561303822
  endloop
endfacet
facet normal 8.8123e-13 1 -0.000960191
  outer loop
    vertex 27.25126158002925 10.61048622416939 253.1673742699209
    vertex 27.2140695915772 10.61052596860003 253.2087664520491
    vertex 27.41394020171377 10.61033686913037 253.0118271687332
  endloop
endfacet
facet normal -2.43379e-12 1 -0.000960191
  outer loop
    vertex 56.27957960171253 10.61213502949416 254.884536855945
    vertex 56.37733737343933 10.61225025772682 255.0045422983958
    vertex 56.15693230045794 10.61198389004533 254.7271313658885
  endloop
endfacet
facet normal -2.0448e-12 1 -0.000960191
  outer loop
    vertex 56.37733737343933 10.61225025772682 255.0045422983958
    vertex 56.27957960171253 10.61213502949416 254.884536855945
    vertex 56.45225683574279 10.61234725183686 255.1055576556835
  endloop
endfacet
facet normal -1.58841e-12 1 -0.000960191
  outer loop
    vertex 56.27957960171253 10.61213502949416 254.884536855945
    vertex 56.15693230045794 10.61198389004533 254.7271313658885
    vertex 56.19199745867314 10.61202975146858 254.7748941429658
  endloop
endfacet
facet normal -2.37734e-12 1 -0.000960191
  outer loop
    vertex 54.73208112801807 10.61047034117282 253.1508327633965
    vertex 54.78593040841617 10.61052596862119 253.2087664520424
    vertex 54.9813611406876 10.61071210118356 253.4026158237041
  endloop
endfacet
facet normal -2.00307e-12 1 -0.000960191
  outer loop
    vertex 54.78593040841617 10.61052596862119 253.2087664520424
    vertex 54.98294654812923 10.61071780998435 253.4085613038146
    vertex 54.9813611406876 10.61071210118356 253.4026158237041
  endloop
endfacet
facet normal -2.03543e-12 1 -0.000960191
  outer loop
    vertex 54.98294654812923 10.61071780998435 253.4085613038146
    vertex 55.08036514010577 10.61081474019085 253.5095101081799
    vertex 54.9813611406876 10.61071210118356 253.4026158237041
  endloop
endfacet
facet normal -2.39967e-12 1 -0.000960191
  outer loop
    vertex 54.9813611406876 10.61071210118356 253.4026158237041
    vertex 55.08036514010577 10.61081474019085 253.5095101081799
    vertex 55.22602536305587 10.61095817014886 253.6588864821206
  endloop
endfacet
facet normal 3.98541e-14 1 -0.000960191
  outer loop
    vertex 27.50517137552448 10.61024819693222 252.919478738634
    vertex 27.41394020171377 10.61033686913037 253.0118271687332
    vertex 27.61660277185447 10.61015056985056 252.8178041674194
  endloop
endfacet
facet normal 6.30567e-13 1 -0.000960191
  outer loop
    vertex 27.41394020171377 10.61033686913037 253.0118271687332
    vertex 27.50517137552448 10.61024819693222 252.919478738634
    vertex 27.25126158002925 10.61048622416939 253.1673742699209
  endloop
endfacet
facet normal -1.87434e-12 1 -0.000960191
  outer loop
    vertex 54.73208112801807 10.61047034117282 253.1508327633965
    vertex 54.58605979828004 10.61033686915122 253.0118271687271
    vertex 54.78593040841617 10.61052596862119 253.2087664520424
  endloop
endfacet
facet normal -1.64198e-12 1 -0.000960191
  outer loop
    vertex 54.47826762206065 10.610232969931 252.9036204245646
    vertex 54.38339722813982 10.61015056987109 252.817804167414
    vertex 54.58605979828004 10.61033686915122 253.0118271687271
  endloop
endfacet
facet normal -2.3713e-12 1 -0.000960191
  outer loop
    vertex 54.58605979828004 10.61033686915122 253.0118271687271
    vertex 54.73208112801807 10.61047034117282 253.1508327633965
    vertex 54.47826762206065 10.610232969931 252.9036204245646
  endloop
endfacet
facet normal -1.91972e-12 1 -0.000960191
  outer loop
    vertex 55.22602536305587 10.61095817014886 253.6588864821206
    vertex 55.17704747983738 10.61091233324115 253.6111492369791
    vertex 55.36817430119184 10.61110947675163 253.8164660560766
  endloop
endfacet
facet normal -2.71998e-12 1 -0.000960191
  outer loop
    vertex 55.12879880081662 10.61086345434292 253.5602438844282
    vertex 55.17704747983738 10.61091233324115 253.6111492369791
    vertex 55.22602536305587 10.61095817014886 253.6588864821206
  endloop
endfacet
facet normal -6.18743e-14 1 -0.000960191
  outer loop
    vertex 26.75718353667887 10.61097538949475 253.6768197420323
    vertex 26.51717890620823 10.61122636559245 253.9382009764412
    vertex 26.82295252015516 10.6109123332194 253.6111492369873
  endloop
endfacet
facet normal -2.63146e-12 1 -0.000960191
  outer loop
    vertex 55.36817430119184 10.61110947675163 253.8164660560766
    vertex 55.46599302196114 10.6112084668318 253.9195601337492
    vertex 55.22602536305587 10.61095817014886 253.6588864821206
  endloop
endfacet
facet normal -9.30985e-13 1 -0.000960191
  outer loop
    vertex 55.08036514010577 10.61081474019085 253.5095101081799
    vertex 55.12879880081662 10.61086345434292 253.5602438844282
    vertex 55.22602536305587 10.61095817014886 253.6588864821206
  endloop
endfacet
facet normal -2.03463e-12 1 -0.000960191
  outer loop
    vertex 56.80284646231711 10.61279430734462 255.5711474922531
    vertex 56.62158075055756 10.61256163586017 255.3288297564536
    vertex 56.78750861940686 10.61277810858021 255.5542771485506
  endloop
endfacet
facet normal -2.24043e-12 1 -0.000960191
  outer loop
    vertex 56.62158075055756 10.61256163586017 255.3288297564536
    vertex 56.80284646231711 10.61279430734462 255.5711474922531
    vertex 56.59266579015005 10.61252042655766 255.2859119708695
  endloop
endfacet
facet normal -1.96711e-12 1 -0.000960191
  outer loop
    vertex 56.86918630831004 10.61288710511978 255.6677925401895
    vertex 56.80284646231711 10.61279430734462 255.5711474922531
    vertex 56.78750861940686 10.61277810858021 255.5542771485506
  endloop
endfacet
facet normal -4.42998e-12 1 -0.000960191
  outer loop
    vertex 56.90970145056767 10.61294178935974 255.7247439162631
    vertex 56.80284646231711 10.61279430734462 255.5711474922531
    vertex 56.86918630831004 10.61288710511978 255.6677925401895
  endloop
endfacet
facet normal -2.09426e-12 1 -0.000960191
  outer loop
    vertex 56.90970145056767 10.61294178935974 255.7247439162631
    vertex 57.0078100011379 10.61307180966901 255.8601546952235
    vertex 56.80284646231711 10.61279430734462 255.5711474922531
  endloop
endfacet
facet normal -1.86582e-12 1 -0.000960191
  outer loop
    vertex 56.15693230045794 10.61198389004533 254.7271313658885
    vertex 56.10359402651566 10.61192504074036 254.6658422467434
    vertex 56.19199745867314 10.61202975146858 254.7748941429658
  endloop
endfacet
facet normal -2.56566e-12 1 -0.000960191
  outer loop
    vertex 56.10359402651566 10.61192504074036 254.6658422467434
    vertex 56.15693230045794 10.61198389004533 254.7271313658885
    vertex 56.05908618668579 10.61187290086806 254.6115407244488
  endloop
endfacet
facet normal -1.97958e-12 1 -0.000960191
  outer loop
    vertex 56.59266579015005 10.61252042655766 255.2859119708695
    vertex 56.45225683574279 10.61234725183686 255.1055576556835
    vertex 56.62158075055756 10.61256163586017 255.3288297564536
  endloop
endfacet
facet normal -3.19968e-12 1 -0.000960191
  outer loop
    vertex 56.45225683574279 10.61234725183686 255.1055576556835
    vertex 56.59266579015005 10.61252042655766 255.2859119708695
    vertex 56.37733737343933 10.61225025772682 255.0045422983958
  endloop
endfacet
facet normal -7.66542e-13 1 -0.000960191
  outer loop
    vertex 49.70000000001146 10.61651874941265 259.45
    vertex 50.9999999999999 10.61570258644892 258.6
    vertex 49.03807478113159 10.61573715802074 258.6360048649507
  endloop
endfacet
facet normal -7.65356e-13 1 -0.000960191
  outer loop
    vertex 53.12176221878231 10.61534251458842 258.2250000354888
    vertex 50.9999999999999 10.61570258644892 258.6
    vertex 50.9999999999999 10.61651874941365 259.45
  endloop
endfacet
facet normal -7.66642e-13 1 -0.000960191
  outer loop
    vertex 50.9999999999999 10.61570258644892 258.6
    vertex 49.39999999999991 10.61416627969056 257
    vertex 49.03807478113159 10.61573715802074 258.6360048649507
  endloop
endfacet
facet normal -7.65539e-13 1 -0.000960191
  outer loop
    vertex 52.59999999999989 10.61416627969302 257.0000000000001
    vertex 50.9999999999999 10.61570258644892 258.6
    vertex 53.12176221878231 10.61534251458842 258.2250000354888
  endloop
endfacet
facet normal -7.65717e-13 1 -0.000960191
  outer loop
    vertex 50.9999999999999 10.61181380996992 254.55
    vertex 50.9999999999999 10.61262997293466 255.4
    vertex 53.12176221878232 10.61299004479841 255.7749999645112
  endloop
endfacet
facet normal -7.67083e-13 1 -0.000960191
  outer loop
    vertex 50.9999999999999 10.61262997293466 255.4
    vertex 52.59999999999989 10.61416627969302 257.0000000000001
    vertex 53.12176221878232 10.61299004479841 255.7749999645112
  endloop
endfacet
facet normal -7.67058e-13 1 -0.000960191
  outer loop
    vertex 31 10.61570258643358 258.6
    vertex 32.30000000001156 10.6165187493993 259.45
    vertex 32.91396456868753 10.61572491104627 258.6232501600315
  endloop
endfacet
facet normal -7.69246e-13 1 -0.000960191
  outer loop
    vertex 28.87823778121761 10.61534251456982 258.2250000354888
    vertex 31.00000000000015 10.6165187493983 259.45
    vertex 31 10.61570258643358 258.6
  endloop
endfacet
facet normal -7.69367e-13 1 -0.000960191
  outer loop
    vertex 29.40000000000001 10.61416627967522 257
    vertex 28.87823778121761 10.61534251456982 258.2250000354888
    vertex 31 10.61570258643358 258.6
  endloop
endfacet
facet normal -7.67019e-13 1 -0.000960191
  outer loop
    vertex 32.59999999999999 10.61416627967767 257
    vertex 31 10.61570258643358 258.6
    vertex 32.91396456868753 10.61572491104627 258.6232501600315
  endloop
endfacet
facet normal -7.71701e-13 1 -0.000960191
  outer loop
    vertex 31.00000000000022 10.61181380995457 254.55
    vertex 28.87823778121764 10.6129900447798 255.7749999645111
    vertex 31 10.61262997291931 255.4
  endloop
endfacet
facet normal -7.70796e-13 1 -0.000960191
  outer loop
    vertex 28.87823778121764 10.6129900447798 255.7749999645111
    vertex 29.40000000000001 10.61416627967522 257
    vertex 31 10.61262997291931 255.4
  endloop
endfacet
facet normal -7.66463e-13 1 -0.000960191
  outer loop
    vertex 31.0000000000003 10.63572258386249 279.45
    vertex 31 10.63490642089776 278.6
    vertex 28.87823778121763 10.634546349034 278.2250000354888
  endloop
endfacet
facet normal -7.66857e-13 1 -0.000960191
  outer loop
    vertex 31 10.63490642089776 278.6
    vertex 29.40000000000001 10.63337011413939 277
    vertex 28.87823778121763 10.634546349034 278.2250000354888
  endloop
endfacet
facet normal -7.67088e-13 1 -0.000960191
  outer loop
    vertex 32.30000000001157 10.63101764441976 274.55
    vertex 31 10.63183380738349 275.4
    vertex 32.96190042092744 10.63180009580667 275.3648907842942
  endloop
endfacet
facet normal -7.68445e-13 1 -0.000960191
  outer loop
    vertex 28.87823778121765 10.63219387924399 275.7749999645111
    vertex 31 10.63183380738349 275.4
    vertex 31.0000000000003 10.63101764441876 274.55
  endloop
endfacet
facet normal -7.67272e-13 1 -0.000960191
  outer loop
    vertex 31 10.63183380738349 275.4
    vertex 28.87823778121765 10.63219387924399 275.7749999645111
    vertex 29.40000000000001 10.63337011413939 277
  endloop
endfacet
facet normal -7.67032e-13 1 -0.000960191
  outer loop
    vertex 31 10.63183380738349 275.4
    vertex 32.59999999999999 10.63337011414185 277
    vertex 32.96190042092744 10.63180009580667 275.3648907842942
  endloop
endfacet
facet normal -7.67795e-13 1 -0.000960191
  outer loop
    vertex 50.9999999999999 10.63490642091311 278.6
    vertex 50.9999999999999 10.63572258387783 279.45
    vertex 53.12176221878231 10.63454634905261 278.2250000354888
  endloop
endfacet
facet normal -7.67604e-13 1 -0.000960191
  outer loop
    vertex 52.59999999999989 10.6333701141572 277.0000000000001
    vertex 50.9999999999999 10.63490642091311 278.6
    vertex 53.12176221878231 10.63454634905261 278.2250000354888
  endloop
endfacet
facet normal -7.64061e-13 1 -0.000960191
  outer loop
    vertex 53.1217622187823 10.63219387926259 275.7749999645112
    vertex 50.9999999999999 10.63101764443411 274.55
    vertex 50.9999999999999 10.63183380739884 275.4
  endloop
endfacet
facet normal -7.68904e-13 1 -0.000960191
  outer loop
    vertex 50.9999999999999 10.63183380739884 275.4
    vertex 49.70000000001147 10.63101764443311 274.55
    vertex 49.08613023139333 10.63181091354249 275.3761569962259
  endloop
endfacet
facet normal -7.68947e-13 1 -0.000960191
  outer loop
    vertex 49.39999999999991 10.63337011415474 277
    vertex 50.9999999999999 10.63183380739884 275.4
    vertex 49.08613023139333 10.63181091354249 275.3761569962259
  endloop
endfacet
facet normal -7.65061e-13 1 -0.000960191
  outer loop
    vertex 52.59999999999989 10.6333701141572 277.0000000000001
    vertex 53.1217622187823 10.63219387926259 275.7749999645112
    vertex 50.9999999999999 10.63183380739884 275.4
  endloop
endfacet
facet normal -7.71279e-13 1 -0.000960191
  outer loop
    vertex 56.94999999999268 10.61568897701827 258.5858263356268
    vertex 58.89999999999269 10.61633636183045 259.2600508629134
    vertex 57.59072989863179 10.6139251239277 256.7488462321419
  endloop
endfacet
facet normal -7.70696e-13 1 -0.000960191
  outer loop
    vertex 56.94999999999268 10.61568897701827 258.5858263356268
    vertex 56.94999999999268 10.61838135801828 261.3898298850561
    vertex 58.89999999999269 10.61633636183045 259.2600508629134
  endloop
endfacet
facet normal -7.70204e-13 1 -0.000960191
  outer loop
    vertex 56.94999999999268 10.61838135801828 261.3898298850561
    vertex 58.89999999999269 10.61881225724537 261.8385936216884
    vertex 58.89999999999269 10.61633636183045 259.2600508629134
  endloop
endfacet
facet normal -7.65683e-13 1 -0.000960191
  outer loop
    vertex 32.34790415377314 10.64054381960318 284.4711177862976
    vertex 31.7909113931056 10.63907909897959 282.9456717865464
    vertex 29.78182278619962 10.63907909897805 282.9456717865464
  endloop
endfacet
facet normal -7.63987e-13 1 -0.000960191
  outer loop
    vertex 25.04999999999277 10.63184326299385 275.4098476322048
    vertex 23.59130746764835 10.63219994046242 275.781312477253
    vertex 25.04999999999278 10.63453564399387 278.2138511816322
  endloop
endfacet
facet normal -7.70491e-13 1 -0.000960191
  outer loop
    vertex 33.80000000001157 10.61795903698526 260.95
    vertex 33.80000000001157 10.62028270095543 263.37
    vertex 35.01112021005194 10.61843867846626 261.4495267803988
  endloop
endfacet
facet normal -7.6764e-13 1 -0.000960191
  outer loop
    vertex 33.80000000001161 10.61181380995672 254.55
    vertex 31.00000000000022 10.61181380995457 254.55
    vertex 32.46825642353195 10.61273907483012 255.5136251303244
  endloop
endfacet
facet normal -7.71226e-13 1 -0.000960191
  outer loop
    vertex 33.80000000001157 10.62725369286593 270.63
    vertex 33.80000000001157 10.62957735683609 273.05
    vertex 35.0058951987349 10.62909288315035 272.5454406761019
  endloop
endfacet
facet normal -7.68366e-13 1 -0.000960191
  outer loop
    vertex 33.80000000001157 10.63907909898113 282.9456717865469
    vertex 32.34790415377314 10.64054381960318 284.4711177862976
    vertex 35.32280076598356 10.63993341150425 283.8354029738656
  endloop
endfacet
facet normal -7.66036e-13 1 -0.000960191
  outer loop
    vertex 31.7939791187085 10.60844899712921 251.0456864919284
    vertex 33.80000000001157 10.60844899713074 251.0456864919283
    vertex 32.75154032636357 10.60679790250094 249.3261396669605
  endloop
endfacet
facet normal -7.69689e-13 1 -0.000960191
  outer loop
    vertex 56.94999999999267 10.62915088201832 272.6058440827734
    vertex 56.94999999999267 10.63184326301833 275.4098476322027
    vertex 58.89999999999269 10.63119173431995 274.7313074155632
  endloop
endfacet
facet normal -7.69489e-13 1 -0.000960191
  outer loop
    vertex 58.89999999999269 10.62871583890504 272.1527646567882
    vertex 56.94999999999267 10.62915088201832 272.6058440827734
    vertex 58.89999999999269 10.63119173431995 274.7313074155632
  endloop
endfacet
facet normal -7.66535e-13 1 -0.000960191
  outer loop
    vertex 49.65209584621222 10.64054381961646 284.4711177862976
    vertex 48.20000000001144 10.63907909899218 282.9456717865464
    vertex 46.89236868683589 10.63992183840387 283.8233500588353
  endloop
endfacet
facet normal -7.68274e-13 1 -0.000960191
  outer loop
    vertex 48.20000000001149 10.63572258387568 279.45
    vertex 50.9999999999999 10.63572258387783 279.45
    vertex 49.53191065181619 10.63479754150646 278.486606598567
  endloop
endfacet
facet normal -7.62954e-13 1 -0.000960191
  outer loop
    vertex 48.20000000001147 10.62957735684714 273.05
    vertex 48.20000000001147 10.62725369287697 270.63
    vertex 46.98906873744375 10.62909778926693 272.5505501841977
  endloop
endfacet
facet normal -7.64425e-13 1 -0.000960191
  outer loop
    vertex 48.20000000001147 10.62028270096648 263.37
    vertex 48.20000000001147 10.61795903699631 260.95
    vertex 46.99397774822725 10.61844327202284 261.4543107701801
  endloop
endfacet
facet normal -7.68557e-13 1 -0.000960191
  outer loop
    vertex 49.23658526980976 10.60679258466187 249.3206013441499
    vertex 48.20000000001147 10.60844899714179 251.0456864919283
    vertex 50.20602088130301 10.60844899714333 251.0456864919284
  endloop
endfacet
facet normal -7.68733e-13 1 -0.000960191
  outer loop
    vertex 49.23658526980976 10.60679258466187 249.3206013441499
    vertex 50.20602088130301 10.60844899714333 251.0456864919284
    vertex 51.70992948329548 10.60811713055227 250.7000611504469
  endloop
endfacet
facet normal -7.66854e-13 1 -0.000960191
  outer loop
    vertex 50.20602088130301 10.60844899714333 251.0456864919284
    vertex 51.20903132194879 10.6084489971441 251.0456864919284
    vertex 51.70992948329548 10.60811713055227 250.7000611504469
  endloop
endfacet
facet normal -7.74351e-13 1 -0.000960191
  outer loop
    vertex 56.94999999999268 10.61434278651826 257.1838245609122
    vertex 56.94999999999268 10.61568897701827 258.5858263356268
    vertex 57.59072989863179 10.6139251239277 256.7488462321419
  endloop
endfacet
facet normal -7.64345e-13 1 -0.000960191
  outer loop
    vertex 23.08616811581141 10.61636716995942 259.2921362847155
    vertex 25.04999999999279 10.6156889769938 258.5858263356411
    vertex 24.39322534223672 10.61395011172317 256.7748700150472
  endloop
endfacet
facet normal -7.6508e-13 1 -0.000960191
  outer loop
    vertex 25.04999999999278 10.61838135799381 261.3898298850684
    vertex 25.04999999999279 10.6156889769938 258.5858263356411
    vertex 23.08616811581141 10.61636716995942 259.2921362847155
  endloop
endfacet
facet normal -7.58713e-13 1 -0.000960191
  outer loop
    vertex 25.04999999999279 10.6156889769938 258.5858263356411
    vertex 25.04999999999279 10.6143427864938 257.1838245609274
    vertex 24.39322534223672 10.61395011172317 256.7748700150472
  endloop
endfacet
facet normal -7.66293e-13 1 -0.000960191
  outer loop
    vertex 31.7939791187085 10.60844899712921 251.0456864919284
    vertex 32.75154032636357 10.60679790250094 249.3261396669605
    vertex 30.27547564950993 10.60812634982122 250.7096626552032
  endloop
endfacet
facet normal 0.764289 -0.0425704 0.643468
  outer loop
    vertex 54.78934494749124 5.487005721564995 280.7884372441482
    vertex 56.9144808546148 5.559277567698045 278.2690563913205
    vertex 55.90585801152591 7.136957856352085 279.5714391088197
  endloop
endfacet
facet normal 0.861635 -0.00103666 0.507527
  outer loop
    vertex 58.13942444832191 8.858735755001604 276.297385158619
    vertex 57.41648697092757 7.655200242206535 277.5222673466
    vertex 58.19480241093939 5.93616926520377 276.1973997108022
  endloop
endfacet
facet normal 0.763311 0.0375155 0.644941
  outer loop
    vertex 55.93152333548647 3.635809911580623 279.5443088599716
    vertex 56.9144808546148 5.559277567698045 278.2690563913205
    vertex 54.78934494749124 5.487005721564995 280.7884372441482
  endloop
endfacet
facet normal 0.192895 -0.0105193 0.981163
  outer loop
    vertex 43.44935211544679 8.110905430164099 286.3436604310024
    vertex 46.04261408054195 8.195803942299904 285.8347397370886
    vertex 43.97649893623703 10.64226836789586 286.2671635572255
  endloop
endfacet
facet normal 0.899577 0.00210343 0.436757
  outer loop
    vertex 58.13942444832191 8.858735755001604 276.297385158619
    vertex 58.19480241093939 5.93616926520377 276.1973997108022
    vertex 58.89999999999448 8.297859476615374 274.7335478618846
  endloop
endfacet
facet normal 0.716736 -0.0261118 0.696856
  outer loop
    vertex 53.9573767740893 3.63775961728786 281.5748467844554
    vertex 55.93152333548647 3.635809911580623 279.5443088599716
    vertex 54.78934494749124 5.487005721564995 280.7884372441482
  endloop
endfacet
facet normal 0.165507 -0.00818914 0.986175
  outer loop
    vertex 43.05944461279785 5.946280128145272 286.3911228096458
    vertex 45.37562913112122 6.001301461810746 286.0028595662575
    vertex 43.44935211544679 8.110905430164099 286.3436604310024
  endloop
endfacet
facet normal 0.227798 0.0203129 0.973496
  outer loop
    vertex 43.97649893623703 10.64226836789586 286.2671635572255
    vertex 46.04261408054195 8.195803942299904 285.8347397370886
    vertex 46.88323890386359 10.64161527970493 285.5869991927888
  endloop
endfacet
facet normal 0.0726045 -0.0167401 0.99722
  outer loop
    vertex 43.82454436402863 3.642293541763782 286.2967417707446
    vertex 43.05944461279785 5.946280128145272 286.3911228096458
    vertex 40.99999999999806 3.642491004918983 286.5023914890201
  endloop
endfacet
facet normal 0.886507 -0.0214266 0.46222
  outer loop
    vertex 58.89999999999806 3.631194961206229 274.7380287545272
    vertex 58.19480241093939 5.93616926520377 276.1973997108022
    vertex 57.59072989863799 3.633606199106977 277.2492333852994
  endloop
endfacet
facet normal 0.164974 0.0143855 0.986193
  outer loop
    vertex 43.82454436402863 3.642293541763782 286.2967417707446
    vertex 45.37562913112122 6.001301461810746 286.0028595662575
    vertex 43.05944461279785 5.946280128145272 286.3911228096458
  endloop
endfacet
facet normal 0.192017 0.0168124 0.981248
  outer loop
    vertex 45.37562913112122 6.001301461810746 286.0028595662575
    vertex 46.04261408054195 8.195803942299904 285.8347397370886
    vertex 43.44935211544679 8.110905430164099 286.3436604310024
  endloop
endfacet
facet normal 0.51083 0.0261082 0.859285
  outer loop
    vertex 49.65209584621222 10.64054381961646 284.4711177862976
    vertex 50.96437076691976 8.37778048569516 283.759744145287
    vertex 52.21817721378575 10.63907909899527 282.9456717865464
  endloop
endfacet
facet normal 0.535559 -0.0376618 0.843657
  outer loop
    vertex 52.86497691597148 5.21799892237368 282.4757701482749
    vertex 52.02832182692663 6.88132037059956 283.0811368020437
    vertex 50.2633684748412 5.938235032285737 284.1594402497042
  endloop
endfacet
facet normal 0.0636871 0.0104089 0.997916
  outer loop
    vertex 43.05944461279785 5.946280128145272 286.3911228096458
    vertex 43.44935211544679 8.110905430164099 286.3436604310024
    vertex 40.99999999999448 8.30915552032813 286.4979105963774
  endloop
endfacet
facet normal 0.573868 -0.023487 0.818611
  outer loop
    vertex 50.96437076691976 8.37778048569516 283.759744145287
    vertex 53.2080186124349 8.940573586510016 282.2030341996514
    vertex 52.21817721378575 10.63907909899527 282.9456717865464
  endloop
endfacet
facet normal 0.355374 -0.0203426 0.934503
  outer loop
    vertex 49.23658526981574 3.640738738359987 284.6774782732925
    vertex 47.77063850610892 6.02898225914812 285.286937719
    vertex 46.58951262339355 3.641705317243686 285.6841302391099
  endloop
endfacet
facet normal 0.0528803 0.000958848 0.9986
  outer loop
    vertex 40.99999999999627 5.975823262623559 286.5001510426987
    vertex 43.05944461279785 5.946280128145272 286.3911228096458
    vertex 40.99999999999448 8.30915552032813 286.4979105963774
  endloop
endfacet
facet normal 0.900647 0.000417253 0.434552
  outer loop
    vertex 58.89999999999448 8.297859476615374 274.7335478618846
    vertex 58.19480241093939 5.93616926520377 276.1973997108022
    vertex 58.89999999999627 5.964527218910805 274.7357883082059
  endloop
endfacet
facet normal 0.549419 0.0328717 0.8349
  outer loop
    vertex 51.7099294833016 3.639414192473378 283.2980184669952
    vertex 52.86497691597148 5.21799892237368 282.4757701482749
    vertex 50.2633684748412 5.938235032285737 284.1594402497042
  endloop
endfacet
facet normal 0.851953 -0.0175935 0.523322
  outer loop
    vertex 57.41648697092757 7.655200242206535 277.5222673466
    vertex 56.9144808546148 5.559277567698045 278.2690563913205
    vertex 58.19480241093939 5.93616926520377 276.1973997108022
  endloop
endfacet
facet normal 0.806774 -0.0162479 0.590637
  outer loop
    vertex 57.41648697092757 7.655200242206535 277.5222673466
    vertex 56.27920002624247 9.016110215163508 279.1131702157608
    vertex 55.90585801152591 7.136957856352085 279.5714391088197
  endloop
endfacet
facet normal 0.286166 0.0178102 0.958014
  outer loop
    vertex 47.77063850610892 6.02898225914812 285.286937719
    vertex 45.37562913112122 6.001301461810746 286.0028595662575
    vertex 46.58951262339355 3.641705317243686 285.6841302391099
  endloop
endfacet
facet normal 0.0764555 0.0493215 0.995852
  outer loop
    vertex 40.99999999999269 10.64248777803271 286.4956701500561
    vertex 42.32900926835236 9.475194409610911 286.4514493778169
    vertex 43.97649893623703 10.64226836789586 286.2671635572255
  endloop
endfacet
facet normal 0.657121 0.0247451 0.753378
  outer loop
    vertex 54.78934494749124 5.487005721564995 280.7884372441482
    vertex 52.86497691597148 5.21799892237368 282.4757701482749
    vertex 53.9573767740893 3.63775961728786 281.5748467844554
  endloop
endfacet
facet normal 0.707 0.0180837 0.706983
  outer loop
    vertex 53.97368787797144 10.63774244871824 281.5536057584081
    vertex 54.78779658808863 8.787004960683293 280.7868169700185
    vertex 55.55793333013462 10.63622127004999 279.9693610365561
  endloop
endfacet
facet normal 0.373706 0.0230779 0.92726
  outer loop
    vertex 46.88323890386359 10.64161527970493 285.5869991927888
    vertex 48.68964506972863 8.280602726309038 284.9177408182102
    vertex 49.65209584621222 10.64054381961646 284.4711177862976
  endloop
endfacet
facet normal 0.660753 -0.0203707 0.750327
  outer loop
    vertex 53.57240617145227 7.136957856352085 281.9048920245772
    vertex 52.86497691597148 5.21799892237368 282.4757701482749
    vertex 54.78934494749124 5.487005721564995 280.7884372441482
  endloop
endfacet
facet normal 0.412659 0.0209086 0.910646
  outer loop
    vertex 49.23658526981574 3.640738738359987 284.6774782732925
    vertex 50.2633684748412 5.938235032285737 284.1594402497042
    vertex 47.77063850610892 6.02898225914812 285.286937719
  endloop
endfacet
facet normal 0.802282 0.0204116 0.596596
  outer loop
    vertex 55.90585801152591 7.136957856352085 279.5714391088197
    vertex 56.9144808546148 5.559277567698045 278.2690563913205
    vertex 57.41648697092757 7.655200242206535 277.5222673466
  endloop
endfacet
facet normal 0.411486 -0.0185361 0.911227
  outer loop
    vertex 50.2633684748412 5.938235032285737 284.1594402497042
    vertex 48.68964506972863 8.280602726309038 284.9177408182102
    vertex 47.77063850610892 6.02898225914812 285.286937719
  endloop
endfacet
facet normal 0.216266 -0.0205948 0.976117
  outer loop
    vertex 46.58951262339355 3.641705317243686 285.6841302391099
    vertex 45.37562913112122 6.001301461810746 286.0028595662575
    vertex 43.82454436402863 3.642293541763782 286.2967417707446
  endloop
endfacet
facet normal 0.74553 0.014376 0.666317
  outer loop
    vertex 55.90585801152591 7.136957856352085 279.5714391088197
    vertex 56.27920002624247 9.016110215163508 279.1131702157608
    vertex 54.78779658808863 8.787004960683293 280.7868169700185
  endloop
endfacet
facet normal 0.849004 0.0184904 0.528064
  outer loop
    vertex 58.19480241093939 5.93616926520377 276.1973997108022
    vertex 56.9144808546148 5.559277567698045 278.2690563913205
    vertex 57.59072989863799 3.633606199106977 277.2492333852994
  endloop
endfacet
facet normal 0.747684 -0.0179435 0.663812
  outer loop
    vertex 54.78779658808863 8.787004960683293 280.7868169700185
    vertex 56.27920002624247 9.016110215163508 279.1131702157608
    vertex 55.55793333013462 10.63622127004999 279.9693610365561
  endloop
endfacet
facet normal 0.48698 -0.0207574 0.873166
  outer loop
    vertex 51.7099294833016 3.639414192473378 283.2980184669952
    vertex 50.2633684748412 5.938235032285737 284.1594402497042
    vertex 49.23658526981574 3.640738738359987 284.6774782732925
  endloop
endfacet
facet normal 0.327778 -0.0169768 0.944602
  outer loop
    vertex 46.04261408054195 8.195803942299904 285.8347397370886
    vertex 48.68964506972863 8.280602726309038 284.9177408182102
    vertex 46.88323890386359 10.64161527970493 285.5869991927888
  endloop
endfacet
facet normal 0.565106 0.0278664 0.824548
  outer loop
    vertex 50.96437076691976 8.37778048569516 283.759744145287
    vertex 52.02832182692663 6.88132037059956 283.0811368020437
    vertex 53.2080186124349 8.940573586510016 282.2030341996514
  endloop
endfacet
facet normal 0.0528803 0.000958848 0.9986
  outer loop
    vertex 40.99999999999806 3.642491004918983 286.5023914890201
    vertex 43.05944461279785 5.946280128145272 286.3911228096458
    vertex 40.99999999999627 5.975823262623559 286.5001510426987
  endloop
endfacet
facet normal 0.900647 0.000417253 0.434552
  outer loop
    vertex 58.89999999999627 5.964527218910805 274.7357883082059
    vertex 58.19480241093939 5.93616926520377 276.1973997108022
    vertex 58.89999999999806 3.631194961206229 274.7380287545272
  endloop
endfacet
facet normal 0.608137 -0.0318166 0.793194
  outer loop
    vertex 53.9573767740893 3.63775961728786 281.5748467844554
    vertex 52.86497691597148 5.21799892237368 282.4757701482749
    vertex 51.7099294833016 3.639414192473378 283.2980184669952
  endloop
endfacet
facet normal 0.862467 -0.0029849 0.506104
  outer loop
    vertex 58.13942444832191 8.858735755001604 276.297385158619
    vertex 57.50384670717631 9.307912426499499 277.3831422663767
    vertex 57.41648697092757 7.655200242206535 277.5222673466
  endloop
endfacet
facet normal 0.783394 0.0204803 0.621188
  outer loop
    vertex 55.55793333013462 10.63622127004999 279.9693610365561
    vertex 56.27920002624247 9.016110215163508 279.1131702157608
    vertex 56.94999999999268 10.63453564401835 278.213851181632
  endloop
endfacet
facet normal 0.286519 -0.0136928 0.957977
  outer loop
    vertex 47.77063850610892 6.02898225914812 285.286937719
    vertex 46.04261408054195 8.195803942299904 285.8347397370886
    vertex 45.37562913112122 6.001301461810746 286.0028595662575
  endloop
endfacet
facet normal 0.810123 -0.0256856 0.585697
  outer loop
    vertex 57.59072989863799 3.633606199106977 277.2492333852994
    vertex 56.9144808546148 5.559277567698045 278.2690563913205
    vertex 55.93152333548647 3.635809911580623 279.5443088599716
  endloop
endfacet
facet normal 0.453074 0.0158455 0.891332
  outer loop
    vertex 50.96437076691976 8.37778048569516 283.759744145287
    vertex 48.68964506972863 8.280602726309038 284.9177408182102
    vertex 50.2633684748412 5.938235032285737 284.1594402497042
  endloop
endfacet
facet normal 0.668108 0.0119993 0.743968
  outer loop
    vertex 54.78779658808863 8.787004960683293 280.7868169700185
    vertex 53.2080186124349 8.940573586510016 282.2030341996514
    vertex 53.57240617145227 7.136957856352085 281.9048920245772
  endloop
endfacet
facet normal 0.66659 -0.0155514 0.745262
  outer loop
    vertex 53.97368787797144 10.63774244871824 281.5536057584081
    vertex 53.2080186124349 8.940573586510016 282.2030341996514
    vertex 54.78779658808863 8.787004960683293 280.7868169700185
  endloop
endfacet
facet normal 0.815744 0.0055695 0.578386
  outer loop
    vertex 57.41648697092757 7.655200242206535 277.5222673466
    vertex 57.50384670717631 9.307912426499499 277.3831422663767
    vertex 56.27920002624247 9.016110215163508 279.1131702157608
  endloop
endfacet
facet normal 0.896398 0.00694017 0.443196
  outer loop
    vertex 58.0143367653822 10.63291172063165 276.5226020818269
    vertex 58.13942444832191 8.858735755001604 276.297385158619
    vertex 58.89999999999269 10.63119173431995 274.7313074155632
  endloop
endfacet
facet normal 0.621221 0.0195075 0.783393
  outer loop
    vertex 52.21817721378575 10.63907909899527 282.9456717865464
    vertex 53.2080186124349 8.940573586510016 282.2030341996514
    vertex 53.97368787797144 10.63774244871824 281.5536057584081
  endloop
endfacet
facet normal 0.606873 -0.00876677 0.794751
  outer loop
    vertex 53.2080186124349 8.940573586510016 282.2030341996514
    vertex 52.02832182692663 6.88132037059956 283.0811368020437
    vertex 53.57240617145227 7.136957856352085 281.9048920245772
  endloop
endfacet
facet normal 0.817565 -0.0190592 0.575521
  outer loop
    vertex 56.27920002624247 9.016110215163508 279.1131702157608
    vertex 57.50384670717631 9.307912426499499 277.3831422663767
    vertex 56.94999999999268 10.63453564401835 278.213851181632
  endloop
endfacet
facet normal 0.326645 0.0216134 0.9449
  outer loop
    vertex 47.77063850610892 6.02898225914812 285.286937719
    vertex 48.68964506972863 8.280602726309038 284.9177408182102
    vertex 46.04261408054195 8.195803942299904 285.8347397370886
  endloop
endfacet
facet normal 0.899342 0.00041984 0.437246
  outer loop
    vertex 58.89999999999269 10.63119173431995 274.7313074155632
    vertex 58.13942444832191 8.858735755001604 276.297385158619
    vertex 58.89999999999448 8.297859476615374 274.7335478618846
  endloop
endfacet
facet normal 0.454171 -0.0166459 0.890759
  outer loop
    vertex 49.65209584621222 10.64054381961646 284.4711177862976
    vertex 48.68964506972863 8.280602726309038 284.9177408182102
    vertex 50.96437076691976 8.37778048569516 283.759744145287
  endloop
endfacet
facet normal 0.86238 -0.00346245 0.50625
  outer loop
    vertex 58.0143367653822 10.63291172063165 276.5226020818269
    vertex 57.50384670717631 9.307912426499499 277.3831422663767
    vertex 58.13942444832191 8.858735755001604 276.297385158619
  endloop
endfacet
facet normal 0.846193 0.0198269 0.532507
  outer loop
    vertex 56.94999999999268 10.63453564401835 278.213851181632
    vertex 57.50384670717631 9.307912426499499 277.3831422663767
    vertex 58.0143367653822 10.63291172063165 276.5226020818269
  endloop
endfacet
facet normal 0.525889 -0.0117722 0.850472
  outer loop
    vertex 50.2633684748412 5.938235032285737 284.1594402497042
    vertex 52.02832182692663 6.88132037059956 283.0811368020437
    vertex 50.96437076691976 8.37778048569516 283.759744145287
  endloop
endfacet
facet normal 0.0604728 -0.0291693 0.997744
  outer loop
    vertex 43.44935211544679 8.110905430164099 286.3436604310024
    vertex 42.32900926835236 9.475194409610911 286.4514493778169
    vertex 40.99999999999448 8.30915552032813 286.4979105963774
  endloop
endfacet
facet normal 0.034097 0.000959633 0.999418
  outer loop
    vertex 40.99999999999448 8.30915552032813 286.4979105963774
    vertex 42.32900926835236 9.475194409610911 286.4514493778169
    vertex 40.99999999999269 10.64248777803271 286.4956701500561
  endloop
endfacet
facet normal 0.105508 0.00807836 0.994386
  outer loop
    vertex 43.97649893623703 10.64226836789586 286.2671635572255
    vertex 42.32900926835236 9.475194409610911 286.4514493778169
    vertex 43.44935211544679 8.110905430164099 286.3436604310024
  endloop
endfacet
facet normal 0.604435 0.0141356 0.796529
  outer loop
    vertex 53.57240617145227 7.136957856352085 281.9048920245772
    vertex 52.02832182692663 6.88132037059956 283.0811368020437
    vertex 52.86497691597148 5.21799892237368 282.4757701482749
  endloop
endfacet
facet normal 1 7.67698e-13 -8.34392e-16
  outer loop
    vertex 58.89999999999448 8.279631784590727 268.2758923998181
    vertex 58.89999999999625 5.972236404923715 265.7226198861406
    vertex 58.89999999999409 8.795183521745914 265.7397804851849
  endloop
endfacet
facet normal 1 7.66987e-13 -1.91973e-16
  outer loop
    vertex 58.89999999999625 5.972236404923715 265.7226198861406
    vertex 58.89999999999448 8.279631784590727 268.2758923998181
    vertex 58.89999999999665 5.454082547881872 268.2584721996629
  endloop
endfacet
facet normal 1 7.68239e-13 9.06048e-17
  outer loop
    vertex 58.89999999999625 5.972236404923715 265.7226198861406
    vertex 58.89999999999646 5.704333397471246 263.0312306204643
    vertex 58.89999999999433 8.478997218479638 263.2875746202643
  endloop
endfacet
facet normal 1 7.68239e-13 -1.45913e-15
  outer loop
    vertex 58.89999999999448 8.279631784590727 268.2758923998181
    vertex 58.89999999999429 8.543714219193742 270.9669005051332
    vertex 58.89999999999642 5.768534104557041 270.7105049971764
  endloop
endfacet
facet normal 1 7.67695e-13 -4.69058e-16
  outer loop
    vertex 58.89999999999409 8.795183521745914 265.7397804851849
    vertex 58.89999999999625 5.972236404923715 265.7226198861406
    vertex 58.89999999999433 8.478997218479638 263.2875746202643
  endloop
endfacet
facet normal 1 7.67002e-13 -2.73487e-15
  outer loop
    vertex 58.89999999999665 5.454082547881872 268.2584721996629
    vertex 58.89999999999448 8.279631784590727 268.2758923998181
    vertex 58.89999999999642 5.768534104557041 270.7105049971764
  endloop
endfacet
facet normal 1 7.6648e-13 -7.35968e-16
  outer loop
    vertex 58.89999999999269 10.6237640480752 266.9956791392383
    vertex 58.89999999999269 10.62623994349012 269.5742218980133
    vertex 58.89999999999448 8.279631784590727 268.2758923998181
  endloop
endfacet
facet normal 1 7.6809e-13 -7.37513e-16
  outer loop
    vertex 58.89999999999806 3.62376727496148 267.0024004782023
    vertex 58.89999999999806 3.621291379546563 264.4238577194274
    vertex 58.89999999999625 5.972236404923715 265.7226198861406
  endloop
endfacet
facet normal 1 7.66268e-13 -1.12507e-15
  outer loop
    vertex 58.89999999999269 10.6237640480752 266.9956791392383
    vertex 58.89999999999448 8.279631784590727 268.2758923998181
    vertex 58.89999999999409 8.795183521745914 265.7397804851849
  endloop
endfacet
facet normal 1 7.68562e-13 1.29976e-16
  outer loop
    vertex 58.89999999999806 3.62376727496148 267.0024004782023
    vertex 58.89999999999625 5.972236404923715 265.7226198861406
    vertex 58.89999999999665 5.454082547881872 268.2584721996629
  endloop
endfacet
facet normal 1 7.68138e-13 -3.60262e-16
  outer loop
    vertex 58.89999999999429 8.543714219193742 270.9669005051332
    vertex 58.89999999999537 7.129253064332988 272.7139430744034
    vertex 58.89999999999642 5.768534104557041 270.7105049971764
  endloop
endfacet
facet normal 1 7.6829e-13 -4.63834e-16
  outer loop
    vertex 58.89999999999646 5.704333397471246 263.0312306204643
    vertex 58.89999999999537 7.118278258703691 261.2841365430373
    vertex 58.89999999999433 8.478997218479638 263.2875746202643
  endloop
endfacet
facet normal 1 7.66e-13 -7.35507e-16
  outer loop
    vertex 58.89999999999269 10.62128815266029 264.4171363804634
    vertex 58.89999999999269 10.6237640480752 266.9956791392383
    vertex 58.89999999999409 8.795183521745914 265.7397804851849
  endloop
endfacet
facet normal 1 7.69158e-13 -7.38539e-16
  outer loop
    vertex 58.89999999999806 3.626243170376396 269.5809432369773
    vertex 58.89999999999806 3.62376727496148 267.0024004782023
    vertex 58.89999999999665 5.454082547881872 268.2584721996629
  endloop
endfacet
facet normal 1 7.67001e-13 -7.36468e-16
  outer loop
    vertex 58.89999999999806 3.621291379546563 264.4238577194274
    vertex 58.89999999999806 3.618815484131647 261.8453149606524
    vertex 58.89999999999646 5.704333397471246 263.0312306204643
  endloop
endfacet
facet normal 1 7.67191e-13 -7.36651e-16
  outer loop
    vertex 58.89999999999269 10.62623994349012 269.5742218980133
    vertex 58.89999999999269 10.62871583890504 272.1527646567882
    vertex 58.89999999999429 8.543714219193742 270.9669005051332
  endloop
endfacet
facet normal 1 7.66556e-13 -7.3604e-16
  outer loop
    vertex 58.89999999999269 10.61881225724537 261.8385936216884
    vertex 58.89999999999269 10.62128815266029 264.4171363804634
    vertex 58.89999999999433 8.478997218479638 263.2875746202643
  endloop
endfacet
facet normal 1 7.66556e-13 -7.3604e-16
  outer loop
    vertex 58.89999999999806 3.628719065791313 272.1594859957523
    vertex 58.89999999999806 3.626243170376396 269.5809432369773
    vertex 58.89999999999642 5.768534104557041 270.7105049971764
  endloop
endfacet
facet normal 1 7.67386e-13 -7.36837e-16
  outer loop
    vertex 58.89999999999627 5.949671846421307 259.264531755556
    vertex 58.89999999999448 8.283004104125876 259.2622913092347
    vertex 58.89999999999537 7.118278258703691 261.2841365430373
  endloop
endfacet
facet normal 1 7.67386e-13 -7.36837e-16
  outer loop
    vertex 58.89999999999448 8.297859476615374 274.7335478618846
    vertex 58.89999999999627 5.964527218910805 274.7357883082059
    vertex 58.89999999999537 7.129253064332988 272.7139430744034
  endloop
endfacet
facet normal 1 7.67597e-13 1.54532e-16
  outer loop
    vertex 58.89999999999625 5.972236404923715 265.7226198861406
    vertex 58.89999999999806 3.621291379546563 264.4238577194274
    vertex 58.89999999999646 5.704333397471246 263.0312306204643
  endloop
endfacet
facet normal 1 7.66802e-13 -1.31811e-15
  outer loop
    vertex 58.89999999999448 8.279631784590727 268.2758923998181
    vertex 58.89999999999269 10.62623994349012 269.5742218980133
    vertex 58.89999999999429 8.543714219193742 270.9669005051332
  endloop
endfacet
facet normal 1 7.66321e-13 -2.91904e-16
  outer loop
    vertex 58.89999999999269 10.62128815266029 264.4171363804634
    vertex 58.89999999999409 8.795183521745914 265.7397804851849
    vertex 58.89999999999433 8.478997218479638 263.2875746202643
  endloop
endfacet
facet normal 1 7.67654e-13 -2.81838e-15
  outer loop
    vertex 58.89999999999806 3.626243170376396 269.5809432369773
    vertex 58.89999999999665 5.454082547881872 268.2584721996629
    vertex 58.89999999999642 5.768534104557041 270.7105049971764
  endloop
endfacet
facet normal 1 7.66122e-13 -7.35624e-16
  outer loop
    vertex 58.89999999999806 3.631194961206229 274.7380287545272
    vertex 58.89999999999806 3.628719065791313 272.1594859957523
    vertex 58.89999999999679 5.289668342424257 273.0006170205992
  endloop
endfacet
facet normal 1 7.66122e-13 -7.35624e-16
  outer loop
    vertex 58.89999999999806 3.618815484131647 261.8453149606524
    vertex 58.89999999999806 3.61633958871673 259.2667722018774
    vertex 58.89999999999679 5.278146405475632 261.0009958302406
  endloop
endfacet
facet normal 1 7.66122e-13 -7.35624e-16
  outer loop
    vertex 58.89999999999269 10.62871583890504 272.1527646567882
    vertex 58.89999999999269 10.63119173431995 274.7313074155632
    vertex 58.89999999999396 8.969384917561049 272.9970837872
  endloop
endfacet
facet normal 1 7.66122e-13 -7.35624e-16
  outer loop
    vertex 58.89999999999269 10.61633636183045 259.2600508629134
    vertex 58.89999999999269 10.61881225724537 261.8385936216884
    vertex 58.89999999999396 8.957862980612433 260.9974625968414
  endloop
endfacet
facet normal 1 7.67385e-13 -1.94527e-15
  outer loop
    vertex 58.89999999999269 10.63119173431995 274.7313074155632
    vertex 58.89999999999448 8.297859476615374 274.7335478618846
    vertex 58.89999999999396 8.969384917561049 272.9970837872
  endloop
endfacet
facet normal 1 7.67387e-13 4.71593e-16
  outer loop
    vertex 58.89999999999627 5.964527218910805 274.7357883082059
    vertex 58.89999999999806 3.631194961206229 274.7380287545272
    vertex 58.89999999999679 5.289668342424257 273.0006170205992
  endloop
endfacet
facet normal 1 7.67385e-13 -1.94527e-15
  outer loop
    vertex 58.89999999999806 3.61633958871673 259.2667722018774
    vertex 58.89999999999627 5.949671846421307 259.264531755556
    vertex 58.89999999999679 5.278146405475632 261.0009958302406
  endloop
endfacet
facet normal 1 7.67387e-13 4.71593e-16
  outer loop
    vertex 58.89999999999448 8.283004104125876 259.2622913092347
    vertex 58.89999999999269 10.61633636183045 259.2600508629134
    vertex 58.89999999999396 8.957862980612433 260.9974625968414
  endloop
endfacet
facet normal 1 7.66627e-13 2.55708e-16
  outer loop
    vertex 58.89999999999429 8.543714219193742 270.9669005051332
    vertex 58.89999999999269 10.62871583890504 272.1527646567882
    vertex 58.89999999999396 8.969384917561049 272.9970837872
  endloop
endfacet
facet normal 1 7.66537e-13 7.95612e-17
  outer loop
    vertex 58.89999999999646 5.704333397471246 263.0312306204643
    vertex 58.89999999999806 3.618815484131647 261.8453149606524
    vertex 58.89999999999679 5.278146405475632 261.0009958302406
  endloop
endfacet
facet normal 1 7.66308e-13 -1.10198e-15
  outer loop
    vertex 58.89999999999806 3.628719065791313 272.1594859957523
    vertex 58.89999999999642 5.768534104557041 270.7105049971764
    vertex 58.89999999999679 5.289668342424257 273.0006170205992
  endloop
endfacet
facet normal 1 7.66308e-13 -1.10198e-15
  outer loop
    vertex 58.89999999999269 10.61881225724537 261.8385936216884
    vertex 58.89999999999433 8.478997218479638 263.2875746202643
    vertex 58.89999999999396 8.957862980612433 260.9974625968414
  endloop
endfacet
facet normal 1 7.68431e-13 -1.22648e-16
  outer loop
    vertex 58.89999999999537 7.129253064332988 272.7139430744034
    vertex 58.89999999999429 8.543714219193742 270.9669005051332
    vertex 58.89999999999396 8.969384917561049 272.9970837872
  endloop
endfacet
facet normal 1 7.68462e-13 -3.24581e-16
  outer loop
    vertex 58.89999999999537 7.118278258703691 261.2841365430373
    vertex 58.89999999999646 5.704333397471246 263.0312306204643
    vertex 58.89999999999679 5.278146405475632 261.0009958302406
  endloop
endfacet
facet normal 1 7.68542e-13 -6.34811e-16
  outer loop
    vertex 58.89999999999642 5.768534104557041 270.7105049971764
    vertex 58.89999999999537 7.129253064332988 272.7139430744034
    vertex 58.89999999999679 5.289668342424257 273.0006170205992
  endloop
endfacet
facet normal 1 7.68542e-13 -6.34811e-16
  outer loop
    vertex 58.89999999999433 8.478997218479638 263.2875746202643
    vertex 58.89999999999537 7.118278258703691 261.2841365430373
    vertex 58.89999999999396 8.957862980612433 260.9974625968414
  endloop
endfacet
facet normal 1 7.68639e-13 -1.5178e-17
  outer loop
    vertex 58.89999999999537 7.118278258703691 261.2841365430373
    vertex 58.89999999999448 8.283004104125876 259.2622913092347
    vertex 58.89999999999396 8.957862980612433 260.9974625968414
  endloop
endfacet
facet normal 1 7.68637e-13 -1.4609e-15
  outer loop
    vertex 58.89999999999627 5.949671846421307 259.264531755556
    vertex 58.89999999999537 7.118278258703691 261.2841365430373
    vertex 58.89999999999679 5.278146405475632 261.0009958302406
  endloop
endfacet
facet normal 1 7.68637e-13 -1.4609e-15
  outer loop
    vertex 58.89999999999448 8.297859476615374 274.7335478618846
    vertex 58.89999999999537 7.129253064332988 272.7139430744034
    vertex 58.89999999999396 8.969384917561049 272.9970837872
  endloop
endfacet
facet normal 1 7.68639e-13 -1.5178e-17
  outer loop
    vertex 58.89999999999537 7.129253064332988 272.7139430744034
    vertex 58.89999999999627 5.964527218910805 274.7357883082059
    vertex 58.89999999999679 5.289668342424257 273.0006170205992
  endloop
endfacet
facet normal 7.67425e-13 -1 0.000960191
  outer loop
    vertex 46.51251315701656 3.639084186606143 282.9543309978463
    vertex 49.52185027940754 3.638183962822549 282.0167851263876
    vertex 49.23658526981574 3.640738738359987 284.6774782732925
  endloop
endfacet
facet normal 7.68786e-13 -1 0.000960191
  outer loop
    vertex 48.87867965645219 3.612140467257476 254.8935607378876
    vertex 46.8104802661268 3.612452045988882 255.2180571123768
    vertex 46.71213528857186 3.610271838643054 252.9474612583887
  endloop
endfacet
facet normal 7.67389e-13 -1 0.000960191
  outer loop
    vertex 51.00520789191258 3.621433810748641 264.5721939367616
    vertex 51.17771299959444 3.619343778131703 262.3955113362437
    vertex 53.12177864240642 3.620761353587771 263.8718575911756
  endloop
endfacet
facet normal 7.66097e-13 -1 0.000960191
  outer loop
    vertex 33.12132034357149 3.635418030598649 279.1361810298726
    vertex 35.19070092798612 3.635107640610918 278.8129226828008
    vertex 35.29637861313292 3.637285968541634 281.0815612036102
  endloop
endfacet
facet normal 7.67639e-13 -1 0.000960191
  outer loop
    vertex 46.71213528857186 3.610271838643054 252.9474612583887
    vertex 49.64052988296334 3.609548569661434 252.1942065006304
    vertex 48.87867965645219 3.612140467257476 254.8935607378876
  endloop
endfacet
facet normal 7.67397e-13 -1 0.000960191
  outer loop
    vertex 30.99391306551699 3.626210922483021 269.5473584109669
    vertex 30.82624435265989 3.628257753462131 271.6790482909815
    vertex 28.66207459798602 3.626992988727107 270.3618480873223
  endloop
endfacet
facet normal 7.6731e-13 -1 0.000960191
  outer loop
    vertex 53.12177864240642 3.620761353587771 263.8718575911756
    vertex 51.17771299959444 3.619343778131703 262.3955113362437
    vertex 52.98941703697278 3.618365755524469 261.3769412059414
  endloop
endfacet
facet normal 7.67444e-13 -1 0.000960191
  outer loop
    vertex 47.22209240731422 3.63700876470713 280.7928648558342
    vertex 49.52185027940754 3.638183962822549 282.0167851263876
    vertex 46.51251315701656 3.639084186606143 282.9543309978463
  endloop
endfacet
facet normal 7.67121e-13 -1 0.000960191
  outer loop
    vertex 35.29637861313292 3.637285968541634 281.0815612036102
    vertex 32.684394890332 3.638014190328431 281.8399741030343
    vertex 33.12132034357149 3.635418030598649 279.1361810298726
  endloop
endfacet
facet normal 7.67386e-13 -1 0.000960191
  outer loop
    vertex 28.66207459798602 3.626992988727107 270.3618480873223
    vertex 30.82624435265989 3.628257753462131 271.6790482909815
    vertex 29.17838092396615 3.629158449709303 272.617086212644
  endloop
endfacet
facet normal 7.66821e-13 -1 0.000960191
  outer loop
    vertex 31.00000000001188 3.636261731141555 280.0148602812559
    vertex 32.684394890332 3.638014190328431 281.8399741030343
    vertex 30.01525886775744 3.639237546641374 283.1140491501536
  endloop
endfacet
facet normal 7.6742e-13 -1 0.000960191
  outer loop
    vertex 40.94660881751805 3.634202222443681 277.8699670732398
    vertex 42.45726012332112 3.636067853198798 279.8129444066849
    vertex 39.54945557144436 3.636104700877171 279.8513197433123
  endloop
endfacet
facet normal 7.67348e-13 -1 0.000960191
  outer loop
    vertex 44.60504706049483 3.626144350897351 269.4780268446713
    vertex 42.02498061612022 3.62666497564007 270.0202360015656
    vertex 43.17051778916185 3.624394803028865 267.6559450404889
  endloop
endfacet
facet normal 7.67318e-13 -1 0.000960191
  outer loop
    vertex 26.6181323470182 3.624727375574674 268.0023056166869
    vertex 24.16015014470583 3.626156726325265 269.4909153577713
    vertex 23.97937741560074 3.623748734395886 266.9830912732307
  endloop
endfacet
facet normal 7.67271e-13 -1 0.000960191
  outer loop
    vertex 40.99750094708327 3.613347573038231 256.1507115314512
    vertex 39.55779790166814 3.611506601802948 254.2334160688065
    vertex 42.32854907574023 3.611420489126882 254.1437332730573
  endloop
endfacet
facet normal 7.67793e-13 -1 0.000960191
  outer loop
    vertex 51.00000000001179 3.636261731156903 280.0148602812558
    vertex 49.52185027940754 3.638183962822549 282.0167851263876
    vertex 48.87867965645218 3.635418030610742 279.1361810298725
  endloop
endfacet
facet normal 7.68298e-13 -1 0.000960191
  outer loop
    vertex 28.00000000001194 3.614177340538649 257.0148801035531
    vertex 25.75428609187145 3.612093220246221 254.8443549466221
    vertex 28.87867965645228 3.612140467242128 254.8935607378877
  endloop
endfacet
facet normal 7.68224e-13 -1 0.000960191
  outer loop
    vertex 28.87867965645227 3.635418030595394 279.1361810298726
    vertex 25.75428609187148 3.635441329625869 279.1604460097847
    vertex 28.00000000001192 3.633381157297524 277.0148616642072
  endloop
endfacet
facet normal 7.67383e-13 -1 0.000960191
  outer loop
    vertex 26.6181323470182 3.624727375574674 268.0023056166869
    vertex 26.22732355805068 3.626994863818129 270.3638009190799
    vertex 24.16015014470583 3.626156726325265 269.4909153577713
  endloop
endfacet
facet normal 7.68676e-13 -1 0.000960191
  outer loop
    vertex 26.60222252114476 3.631632054543098 275.1932434278983
    vertex 26.99161224433989 3.629308040305673 272.7728786387118
    vertex 28.87867965645226 3.631344284001004 274.8935422985418
  endloop
endfacet
facet normal 7.66453e-13 -1 0.000960191
  outer loop
    vertex 53.12132034357141 3.612140467260732 254.8935607378876
    vertex 55.93152333548559 3.61172463833778 254.460492096434
    vertex 54.00000000001176 3.614177340558601 257.014880103553
  endloop
endfacet
facet normal 7.6653e-13 -1 0.000960191
  outer loop
    vertex 54.00000000001175 3.633381157317476 277.0148616642072
    vertex 55.93152333548647 3.635809911580623 279.5443088599716
    vertex 53.1213203435714 3.635418030613997 279.1361810298725
  endloop
endfacet
facet normal 7.6734e-13 -1 0.000960191
  outer loop
    vertex 51.70992948330083 3.608120357438546 250.7067824894109
    vertex 49.64052988296334 3.609548569661434 252.1942065006304
    vertex 49.23658526981511 3.606795811548142 249.3273226831139
  endloop
endfacet
facet normal 7.6738e-13 -1 0.000960191
  outer loop
    vertex 46.58951262339355 3.641705317243686 285.6841302391099
    vertex 46.51251315701656 3.639084186606143 282.9543309978463
    vertex 49.23658526981574 3.640738738359987 284.6774782732925
  endloop
endfacet
facet normal 7.67459e-13 -1 0.000960191
  outer loop
    vertex 28.87867965645226 3.631344284001004 274.8935422985418
    vertex 26.99161224433989 3.629308040305673 272.7728786387118
    vertex 29.17838092396615 3.629158449709303 272.617086212644
  endloop
endfacet
facet normal 7.68621e-13 -1 0.000960191
  outer loop
    vertex 28.87867965645228 3.616214213836519 259.1361994692185
    vertex 27.08458909804975 3.61835823528687 261.369109209958
    vertex 26.60222252114476 3.615926443290924 258.836498339862
  endloop
endfacet
facet normal 7.67093e-13 -1 0.000960191
  outer loop
    vertex 31.00000000001189 3.611296766699222 254.0148814865044
    vertex 32.10179374540047 3.609724163483677 252.3770802241353
    vertex 33.1213203435715 3.612140467245384 254.8935607378877
  endloop
endfacet
facet normal 7.68889e-13 -1 0.000960191
  outer loop
    vertex 30.01525886775744 3.639237546641374 283.1140491501536
    vertex 29.40764253442168 3.637102512154734 280.8904989626574
    vertex 31.00000000001188 3.636261731141555 280.0148602812559
  endloop
endfacet
facet normal 7.67327e-13 -1 0.000960191
  outer loop
    vertex 40.99999999999806 3.605043544976505 247.5024094673865
    vertex 42.55795336904498 3.607405994500728 249.9628030178864
    vertex 39.88463530351125 3.607320508725806 249.8737731181229
  endloop
endfacet
facet normal 7.67373e-13 -1 0.000960191
  outer loop
    vertex 43.88056272305518 3.628167050259295 271.5845846430862
    vertex 42.02498061612022 3.62666497564007 270.0202360015656
    vertex 44.60504706049483 3.626144350897351 269.4780268446713
  endloop
endfacet
facet normal 7.67344e-13 -1 0.000960191
  outer loop
    vertex 30.01525886775744 3.639237546641374 283.1140491501536
    vertex 32.684394890332 3.638014190328431 281.8399741030343
    vertex 32.53926708720568 3.640636772736349 284.5712853033264
  endloop
endfacet
facet normal 7.67288e-13 -1 0.000960191
  outer loop
    vertex 29.2761606266613 3.618383383565549 261.3953001012031
    vertex 27.08458909804975 3.61835823528687 261.369109209958
    vertex 28.87867965645228 3.616214213836519 259.1361994692185
  endloop
endfacet
facet normal 7.68219e-13 -1 0.000960191
  outer loop
    vertex 27.73663161346514 3.637492740240619 281.2969053893474
    vertex 25.75428609187148 3.635441329625869 279.1604460097847
    vertex 28.87867965645227 3.635418030595394 279.1361810298726
  endloop
endfacet
facet normal 7.6829e-13 -1 0.000960191
  outer loop
    vertex 28.87867965645228 3.612140467242128 254.8935607378877
    vertex 25.75428609187145 3.612093220246221 254.8443549466221
    vertex 27.7366316134651 3.610041809634513 252.7078955670593
  endloop
endfacet
facet normal 7.6727e-13 -1 0.000960191
  outer loop
    vertex 39.55779790166814 3.611506601802948 254.2334160688065
    vertex 41.18921777859346 3.609401741953795 252.0412915175035
    vertex 42.32854907574023 3.611420489126882 254.1437332730573
  endloop
endfacet
facet normal 7.6807e-13 -1 0.000960191
  outer loop
    vertex 31.00000000001189 3.611296766699222 254.0148814865044
    vertex 29.79790876119004 3.610365686188075 253.0451996118161
    vertex 32.10179374540047 3.609724163483677 252.3770802241353
  endloop
endfacet
facet normal 7.67505e-13 -1 0.000960191
  outer loop
    vertex 35.54331087008434 3.625837987763126 269.1589623080102
    vertex 34.12005726355706 3.627700553440684 271.0987474921872
    vertex 33.2058430790689 3.625866085520553 269.1882249631044
  endloop
endfacet
facet normal 7.68007e-13 -1 0.000960191
  outer loop
    vertex 48.87867965645218 3.635418030610742 279.1361810298725
    vertex 49.52185027940754 3.638183962822549 282.0167851263876
    vertex 47.22209240731422 3.63700876470713 280.7928648558342
  endloop
endfacet
facet normal 7.67459e-13 -1 0.000960191
  outer loop
    vertex 53.83237988635959 3.624883718040606 268.1651298123859
    vertex 54.74414795642728 3.622913113170895 266.1128262746873
    vertex 56.5703278889825 3.624892710481528 268.1744950658072
  endloop
endfacet
facet normal 7.67471e-13 -1 0.000960191
  outer loop
    vertex 46.42301060580266 3.621724947350399 264.8754006799956
    vertex 47.88984395959958 3.619884235905409 262.9583757758824
    vertex 48.71736642977347 3.621722425373529 264.8727741434723
  endloop
endfacet
facet normal 7.67039e-13 -1 0.000960191
  outer loop
    vertex 33.1213203435715 3.612140467245384 254.8935607378877
    vertex 32.10179374540047 3.609724163483677 252.3770802241353
    vertex 34.54994049827634 3.610332191021248 253.0103157759481
  endloop
endfacet
facet normal 7.67323e-13 -1 0.000960191
  outer loop
    vertex 40.99750094708327 3.613347573038231 256.1507115314512
    vertex 39.192629199726 3.613721528273214 256.5401704565072
    vertex 39.55779790166814 3.611506601802948 254.2334160688065
  endloop
endfacet
facet normal 7.67433e-13 -1 0.000960191
  outer loop
    vertex 44.50039973506241 3.63470841100119 278.3971415349087
    vertex 42.78131334622208 3.633935981057518 277.5926876704542
    vertex 44.26587129936505 3.632267790630962 275.8553362776306
  endloop
endfacet
facet normal 7.67439e-13 -1 0.000960191
  outer loop
    vertex 36.10638035019478 3.628079352973534 271.4932515502506
    vertex 34.12005726355706 3.627700553440684 271.0987474921872
    vertex 35.54331087008434 3.625837987763126 269.1589623080102
  endloop
endfacet
facet normal 7.67286e-13 -1 0.000960191
  outer loop
    vertex 44.26587129936505 3.632267790630962 275.8553362776306
    vertex 45.99282800133246 3.63341434236226 277.049422523387
    vertex 44.50039973506241 3.63470841100119 278.3971415349087
  endloop
endfacet
facet normal 7.67421e-13 -1 0.000960191
  outer loop
    vertex 42.02498061612022 3.62666497564007 270.0202360015656
    vertex 41.07363686686551 3.62456647442733 267.8347337093821
    vertex 43.17051778916185 3.624394803028865 267.6559450404889
  endloop
endfacet
facet normal 7.67416e-13 -1 0.000960191
  outer loop
    vertex 42.45726012332112 3.636067853198798 279.8129444066849
    vertex 40.8736958007524 3.638159572085371 281.9913831884717
    vertex 39.54945557144436 3.636104700877171 279.8513197433123
  endloop
endfacet
facet normal 7.67472e-13 -1 0.000960191
  outer loop
    vertex 37.7857312199219 3.615320501551705 258.2054350499425
    vertex 36.01845790688503 3.614160085782702 256.9969099818779
    vertex 37.50442728666692 3.612899943972596 255.6845243605618
  endloop
endfacet
facet normal 7.67297e-13 -1 0.000960191
  outer loop
    vertex 49.64052988296334 3.609548569661434 252.1942065006304
    vertex 47.60515179143385 3.608137404001571 250.7245357836353
    vertex 49.23658526981511 3.606795811548142 249.3273226831139
  endloop
endfacet
facet normal 7.67463e-13 -1 0.000960191
  outer loop
    vertex 37.50442728666692 3.612899943972596 255.6845243605618
    vertex 39.192629199726 3.613721528273214 256.5401704565072
    vertex 37.7857312199219 3.615320501551705 258.2054350499425
  endloop
endfacet
facet normal 7.67207e-13 -1 0.000960191
  outer loop
    vertex 45.98009706296097 3.619578763261541 262.6402386424129
    vertex 47.88984395959958 3.619884235905409 262.9583757758824
    vertex 46.42301060580266 3.621724947350399 264.8754006799956
  endloop
endfacet
facet normal 7.67299e-13 -1 0.000960191
  outer loop
    vertex 53.83237988635959 3.624883718040606 268.1651298123859
    vertex 55.00004172627397 3.626452121611966 269.7985573170742
    vertex 52.79769039347313 3.626948043904247 270.3150398923594
  endloop
endfacet
facet normal 7.65844e-13 -1 0.000960191
  outer loop
    vertex 55.93152333548559 3.61172463833778 254.460492096434
    vertex 55.80932427046986 3.614238447017883 257.0785199542408
    vertex 54.00000000001176 3.614177340558601 257.014880103553
  endloop
endfacet
facet normal 7.67367e-13 -1 0.000960191
  outer loop
    vertex 29.17838092396615 3.629158449709303 272.617086212644
    vertex 26.99161224433989 3.629308040305673 272.7728786387118
    vertex 28.66207459798602 3.626992988727107 270.3618480873223
  endloop
endfacet
facet normal 7.67366e-13 -1 0.000960191
  outer loop
    vertex 42.10790809854736 3.632267347848412 275.8548751396271
    vertex 43.13963034676085 3.630246742093318 273.7504977459829
    vertex 44.26587129936505 3.632267790630962 275.8553362776306
  endloop
endfacet
facet normal 7.66039e-13 -1 0.000960191
  outer loop
    vertex 54.00000000001175 3.633381157317476 277.0148616642072
    vertex 55.80715961934536 3.633320169661824 276.9513455397056
    vertex 55.93152333548647 3.635809911580623 279.5443088599716
  endloop
endfacet
facet normal 7.66575e-13 -1 0.000960191
  outer loop
    vertex 53.1213203435714 3.635418030613997 279.1361810298725
    vertex 55.93152333548647 3.635809911580623 279.5443088599716
    vertex 53.9573767740893 3.63775961728786 281.5748467844554
  endloop
endfacet
facet normal 7.66507e-13 -1 0.000960191
  outer loop
    vertex 53.95737677408844 3.609774932627514 252.4299541719506
    vertex 55.93152333548559 3.61172463833778 254.460492096434
    vertex 53.12132034357141 3.612140467260732 254.8935607378876
  endloop
endfacet
facet normal 7.6733e-13 -1 0.000960191
  outer loop
    vertex 52.79769039347313 3.626948043904247 270.3150398923594
    vertex 55.00004172627397 3.626452121611966 269.7985573170742
    vertex 54.88603121528204 3.628255383532906 271.6765800884024
  endloop
endfacet
facet normal 7.6753e-13 -1 0.000960191
  outer loop
    vertex 40.94660881751805 3.634202222443681 277.8699670732398
    vertex 42.78131334622208 3.633935981057518 277.5926876704542
    vertex 42.45726012332112 3.636067853198798 279.8129444066849
  endloop
endfacet
facet normal 7.67493e-13 -1 0.000960191
  outer loop
    vertex 51.70992948330083 3.608120357438546 250.7067824894109
    vertex 52.04644936735168 3.609944309208366 252.6063528829832
    vertex 49.64052988296334 3.609548569661434 252.1942065006304
  endloop
endfacet
facet normal 7.67484e-13 -1 0.000960191
  outer loop
    vertex 39.55779790166814 3.611506601802948 254.2334160688065
    vertex 38.56220141397287 3.609143142637278 251.7719710180132
    vertex 41.18921777859346 3.609401741953795 252.0412915175035
  endloop
endfacet
facet normal 7.67266e-13 -1 0.000960191
  outer loop
    vertex 54.74414795642728 3.622913113170895 266.1128262746873
    vertex 56.94204987058421 3.622442614473007 265.6228213223408
    vertex 56.5703278889825 3.624892710481528 268.1744950658072
  endloop
endfacet
facet normal 7.67326e-13 -1 0.000960191
  outer loop
    vertex 39.88463530351125 3.607320508725806 249.8737731181229
    vertex 42.55795336904498 3.607405994500728 249.9628030178864
    vertex 41.18921777859346 3.609401741953795 252.0412915175035
  endloop
endfacet
facet normal 7.6732e-13 -1 0.000960191
  outer loop
    vertex 41.16929200055507 3.63029007844247 273.7956307643336
    vertex 43.13963034676085 3.630246742093318 273.7504977459829
    vertex 42.10790809854736 3.632267347848412 275.8548751396271
  endloop
endfacet
facet normal 7.67358e-13 -1 0.000960191
  outer loop
    vertex 40.99999999999806 3.642491004918983 286.5023914890201
    vertex 39.33124844483379 3.640125884636495 284.0392164542438
    vertex 42.15240832333181 3.640300807864397 284.2213917651837
  endloop
endfacet
facet normal 7.68888e-13 -1 0.000960191
  outer loop
    vertex 28.00000000001194 3.614177340538649 257.0148801035531
    vertex 26.04579246804594 3.614126997276216 256.9624496777183
    vertex 25.75428609187145 3.612093220246221 254.8443549466221
  endloop
endfacet
facet normal 7.67456e-13 -1 0.000960191
  outer loop
    vertex 54.88603121528204 3.628255383532906 271.6765800884024
    vertex 56.83127247240013 3.629540201575363 273.014664983229
    vertex 54.83876743475818 3.630195803441448 273.6974472357394
  endloop
endfacet
facet normal 7.67548e-13 -1 0.000960191
  outer loop
    vertex 32.10179374540047 3.609724163483677 252.3770802241353
    vertex 29.79790876119004 3.610365686188075 253.0451996118161
    vertex 30.01525886775741 3.608297003237254 250.8907518062532
  endloop
endfacet
facet normal 7.68886e-13 -1 0.000960191
  outer loop
    vertex 25.75428609187148 3.635441329625869 279.1604460097847
    vertex 26.04374619886634 3.633433008208555 277.0688622468844
    vertex 28.00000000001192 3.633381157297524 277.0148616642072
  endloop
endfacet
facet normal 7.67519e-13 -1 0.000960191
  outer loop
    vertex 39.55779790166814 3.611506601802948 254.2334160688065
    vertex 39.192629199726 3.613721528273214 256.5401704565072
    vertex 37.50442728666692 3.612899943972596 255.6845243605618
  endloop
endfacet
facet normal 7.67228e-13 -1 0.000960191
  outer loop
    vertex 49.64052988296334 3.609548569661434 252.1942065006304
    vertex 52.04644936735168 3.609944309208366 252.6063528829832
    vertex 51.0000000000118 3.61129676671457 254.0148814865043
  endloop
endfacet
facet normal 7.67487e-13 -1 0.000960191
  outer loop
    vertex 56.91377924727256 3.627280752100543 270.6615417264161
    vertex 56.83127247240013 3.629540201575363 273.014664983229
    vertex 54.88603121528204 3.628255383532906 271.6765800884024
  endloop
endfacet
facet normal 7.67248e-13 -1 0.000960191
  outer loop
    vertex 43.8245443640284 3.605241008136041 247.7080591856621
    vertex 42.55795336904498 3.607405994500728 249.9628030178864
    vertex 40.99999999999806 3.605043544976505 247.5024094673865
  endloop
endfacet
facet normal 7.67269e-13 -1 0.000960191
  outer loop
    vertex 23.97937741560074 3.623748734395886 266.9830912732307
    vertex 25.90542889415432 3.622666306995184 265.8557878649461
    vertex 26.6181323470182 3.624727375574674 268.0023056166869
  endloop
endfacet
facet normal 7.67494e-13 -1 0.000960191
  outer loop
    vertex 40.99999999999806 3.605043544976505 247.5024094673865
    vertex 39.88463530351125 3.607320508725806 249.8737731181229
    vertex 38.09367580956264 3.605252673568037 247.7202082555948
  endloop
endfacet
facet normal 7.67272e-13 -1 0.000960191
  outer loop
    vertex 29.11309665335678 3.620462381044005 263.5604900610087
    vertex 27.08458909804975 3.61835823528687 261.369109209958
    vertex 29.2761606266613 3.618383383565549 261.3953001012031
  endloop
endfacet
facet normal 7.67484e-13 -1 0.000960191
  outer loop
    vertex 46.58951262339311 3.605829232660381 248.3206707172967
    vertex 45.3704868733079 3.607812277243768 250.3859297029654
    vertex 43.8245443640284 3.605241008136041 247.7080591856621
  endloop
endfacet
facet normal 7.6747e-13 -1 0.000960191
  outer loop
    vertex 31.17132154982831 3.619156543523061 262.2005142447632
    vertex 29.11309665335678 3.620462381044005 263.5604900610087
    vertex 29.2761606266613 3.618383383565549 261.3953001012031
  endloop
endfacet
facet normal 7.67263e-13 -1 0.000960191
  outer loop
    vertex 21.9889057124525 3.627933696813501 271.3415566900701
    vertex 24.49223392012454 3.62850604100558 271.9376295121153
    vertex 22.84796190143608 3.630607821621466 274.1265471692307
  endloop
endfacet
facet normal 7.6728e-13 -1 0.000960191
  outer loop
    vertex 22.84796190143605 3.616926728246162 259.8782537871761
    vertex 24.53304196148373 3.61902685399792 262.0654479690272
    vertex 21.98890571245247 3.619600853052809 262.6632442663367
  endloop
endfacet
facet normal 7.67396e-13 -1 0.000960191
  outer loop
    vertex 38.09367580956266 3.64228187632299 286.2845927008119
    vertex 36.64588368318103 3.639743369381678 283.6408426258619
    vertex 39.33124844483379 3.640125884636495 284.0392164542438
  endloop
endfacet
facet normal 7.67346e-13 -1 0.000960191
  outer loop
    vertex 43.8245443640284 3.605241008136041 247.7080591856621
    vertex 45.3704868733079 3.607812277243768 250.3859297029654
    vertex 42.55795336904498 3.607405994500728 249.9628030178864
  endloop
endfacet
facet normal 7.6741e-13 -1 0.000960191
  outer loop
    vertex 53.83237988635959 3.624883718040606 268.1651298123859
    vertex 52.79769039347313 3.626948043904247 270.3150398923594
    vertex 51.48763034254772 3.625182335892234 268.4761279664102
  endloop
endfacet
facet normal 7.67269e-13 -1 0.000960191
  outer loop
    vertex 40.99999999999806 3.642491004918983 286.5023914890201
    vertex 42.15240832333181 3.640300807864397 284.2213917651837
    vertex 43.82454436402863 3.642293541763782 286.2967417707446
  endloop
endfacet
facet normal 7.67482e-13 -1 0.000960191
  outer loop
    vertex 21.55452595496503 3.622368048839784 265.5451643250307
    vertex 23.97937741560074 3.623748734395886 266.9830912732307
    vertex 21.55452595496503 3.62516650102586 268.4596366313762
  endloop
endfacet
facet normal 7.67403e-13 -1 0.000960191
  outer loop
    vertex 52.98941703697278 3.618365755524469 261.3769412059414
    vertex 54.76386024644184 3.619385883073117 262.4393618898829
    vertex 53.12177864240642 3.620761353587771 263.8718575911756
  endloop
endfacet
facet normal 7.67509e-13 -1 0.000960191
  outer loop
    vertex 41.18921777859346 3.609401741953795 252.0412915175035
    vertex 38.56220141397287 3.609143142637278 251.7719710180132
    vertex 39.88463530351125 3.607320508725806 249.8737731181229
  endloop
endfacet
facet normal 7.67684e-13 -1 0.000960191
  outer loop
    vertex 58.89999999999806 3.621291379546563 264.4238577194274
    vertex 56.8438858470211 3.620170486768175 263.2564942130391
    vertex 58.89999999999806 3.618815484131647 261.8453149606524
  endloop
endfacet
facet normal 7.67356e-13 -1 0.000960191
  outer loop
    vertex 54.87734615113731 3.617372388462369 260.3423904599415
    vertex 56.81438054785896 3.618006816773371 261.0031213266847
    vertex 54.76386024644184 3.619385883073117 262.4393618898829
  endloop
endfacet
facet normal 7.67611e-13 -1 0.000960191
  outer loop
    vertex 32.684394890332 3.638014190328431 281.8399741030343
    vertex 34.38378389049462 3.639404235390984 283.2876485910029
    vertex 32.53926708720568 3.640636772736349 284.5712853033264
  endloop
endfacet
facet normal 7.67425e-13 -1 0.000960191
  outer loop
    vertex 58.89999999999806 3.626243170376396 269.5809432369773
    vertex 56.5703278889825 3.624892710481528 268.1744950658072
    vertex 58.89999999999806 3.62376727496148 267.0024004782023
  endloop
endfacet
facet normal 7.67434e-13 -1 0.000960191
  outer loop
    vertex 26.54317009720352 3.620721548238796 263.830401986408
    vertex 27.08458909804975 3.61835823528687 261.369109209958
    vertex 29.11309665335678 3.620462381044005 263.5604900610087
  endloop
endfacet
facet normal 7.67444e-13 -1 0.000960191
  outer loop
    vertex 43.17051778916185 3.624394803028865 267.6559450404889
    vertex 41.07363686686551 3.62456647442733 267.8347337093821
    vertex 42.19930632949635 3.622650304658755 265.8391220798264
  endloop
endfacet
facet normal 7.67368e-13 -1 0.000960191
  outer loop
    vertex 54.76386024644184 3.619385883073117 262.4393618898829
    vertex 56.81438054785896 3.618006816773371 261.0031213266847
    vertex 56.8438858470211 3.620170486768175 263.2564942130391
  endloop
endfacet
facet normal 7.67543e-13 -1 0.000960191
  outer loop
    vertex 35.44059205254591 3.631659435324172 275.2217593728178
    vertex 36.84466812693429 3.629910767702014 273.4005943065424
    vertex 37.69866189753733 3.631918877346484 275.4919575158636
  endloop
endfacet
facet normal 7.67316e-13 -1 0.000960191
  outer loop
    vertex 46.55980060942233 3.615898778790674 258.8076868901312
    vertex 45.15529221888556 3.61764671772232 260.6280930553518
    vertex 44.30240838736541 3.615638766834421 258.5368951844372
  endloop
endfacet
facet normal 7.67408e-13 -1 0.000960191
  outer loop
    vertex 26.60222252114476 3.631632054543098 275.1932434278983
    vertex 24.90037053265482 3.630527600335497 274.0430000133808
    vertex 26.99161224433989 3.629308040305673 272.7728786387118
  endloop
endfacet
facet normal 7.67432e-13 -1 0.000960191
  outer loop
    vertex 28.66207459798602 3.626992988727107 270.3618480873223
    vertex 26.99161224433989 3.629308040305673 272.7728786387118
    vertex 26.22732355805068 3.626994863818129 270.3638009190799
  endloop
endfacet
facet normal 7.67304e-13 -1 0.000960191
  outer loop
    vertex 36.91344215546528 3.610685082383165 253.3778375443344
    vertex 37.50442728666692 3.612899943972596 255.6845243605618
    vertex 35.39777747887903 3.612428237790973 255.1932618672441
  endloop
endfacet
facet normal 7.67459e-13 -1 0.000960191
  outer loop
    vertex 56.5703278889825 3.624892710481528 268.1744950658072
    vertex 55.00004172627397 3.626452121611966 269.7985573170742
    vertex 53.83237988635959 3.624883718040606 268.1651298123859
  endloop
endfacet
facet normal 7.67307e-13 -1 0.000960191
  outer loop
    vertex 39.54945557144436 3.636104700877171 279.8513197433123
    vertex 40.8736958007524 3.638159572085371 281.9913831884717
    vertex 38.14914900289673 3.637917925680204 281.7397184456541
  endloop
endfacet
facet normal 7.67464e-13 -1 0.000960191
  outer loop
    vertex 36.84466812693429 3.629910767702014 273.4005943065424
    vertex 39.08730917886567 3.630159265936826 273.6593949471686
    vertex 37.69866189753733 3.631918877346484 275.4919575158636
  endloop
endfacet
facet normal 7.67446e-13 -1 0.000960191
  outer loop
    vertex 45.15529221888556 3.61764671772232 260.6280930553518
    vertex 43.00298559951415 3.617365411204099 260.3351239432777
    vertex 44.30240838736541 3.615638766834421 258.5368951844372
  endloop
endfacet
facet normal 7.67225e-13 -1 0.000960191
  outer loop
    vertex 38.61752871651748 3.633977079957207 277.6354904794042
    vertex 40.94660881751805 3.634202222443681 277.8699670732398
    vertex 39.54945557144436 3.636104700877171 279.8513197433123
  endloop
endfacet
facet normal 7.67477e-13 -1 0.000960191
  outer loop
    vertex 36.84466812693429 3.629910767702014 273.4005943065424
    vertex 38.18031350419218 3.628239866155373 271.6604193943047
    vertex 39.08730917886567 3.630159265936826 273.6593949471686
  endloop
endfacet
facet normal 7.67458e-13 -1 0.000960191
  outer loop
    vertex 45.15529221888556 3.61764671772232 260.6280930553518
    vertex 44.06194710874212 3.619242193519834 262.2897151666324
    vertex 43.00298559951415 3.617365411204099 260.3351239432777
  endloop
endfacet
facet normal 7.67288e-13 -1 0.000960191
  outer loop
    vertex 38.18031350419218 3.628239866155373 271.6604193943047
    vertex 40.37024179375582 3.628411475826084 271.8391437728666
    vertex 39.08730917886567 3.630159265936826 273.6593949471686
  endloop
endfacet
facet normal 7.67382e-13 -1 0.000960191
  outer loop
    vertex 36.84466812693429 3.629910767702014 273.4005943065424
    vertex 36.10638035019478 3.628079352973534 271.4932515502506
    vertex 38.18031350419218 3.628239866155373 271.6604193943047
  endloop
endfacet
facet normal 7.67285e-13 -1 0.000960191
  outer loop
    vertex 38.18031350419218 3.628239866155373 271.6604193943047
    vertex 39.50030217121694 3.626363371130938 269.7061273710663
    vertex 40.37024179375582 3.628411475826084 271.8391437728666
  endloop
endfacet
facet normal 7.67402e-13 -1 0.000960191
  outer loop
    vertex 39.50030217121694 3.626363371130938 269.7061273710663
    vertex 42.02498061612022 3.62666497564007 270.0202360015656
    vertex 40.37024179375582 3.628411475826084 271.8391437728666
  endloop
endfacet
facet normal 7.67331e-13 -1 0.000960191
  outer loop
    vertex 40.37024179375582 3.628411475826084 271.8391437728666
    vertex 41.16929200055507 3.63029007844247 273.7956307643336
    vertex 39.08730917886567 3.630159265936826 273.6593949471686
  endloop
endfacet
facet normal 7.67471e-13 -1 0.000960191
  outer loop
    vertex 47.84048401159849 3.62377233191446 267.0076670945932
    vertex 46.42301060580266 3.621724947350399 264.8754006799956
    vertex 48.71736642977347 3.621722425373529 264.8727741434723
  endloop
endfacet
facet normal 7.67277e-13 -1 0.000960191
  outer loop
    vertex 45.07961950382604 3.636928358522907 280.7091251394464
    vertex 44.50039973506241 3.63470841100119 278.3971415349087
    vertex 46.60222252114468 3.635130260065147 278.8364799005161
  endloop
endfacet
facet normal 7.67371e-13 -1 0.000960191
  outer loop
    vertex 46.59564645107828 3.631584092801134 275.1432932396722
    vertex 44.26587129936505 3.632267790630962 275.8553362776306
    vertex 45.24557939570414 3.629842376802841 273.329368004579
  endloop
endfacet
facet normal 7.68725e-13 -1 0.000960191
  outer loop
    vertex 48.87867965645219 3.616214213851866 259.1361994692184
    vertex 46.55980060942233 3.615898778790674 258.8076868901312
    vertex 48.00000000001184 3.614177340553997 257.014880103553
  endloop
endfacet
facet normal 7.67334e-13 -1 0.000960191
  outer loop
    vertex 36.80421787017799 3.617676497674272 260.6591076513341
    vertex 35.92935118577127 3.619705916597141 262.7726635948877
    vertex 34.58529021679922 3.617923348463156 260.9161925486723
  endloop
endfacet
facet normal 7.67491e-13 -1 0.000960191
  outer loop
    vertex 45.24557939570414 3.629842376802841 273.329368004579
    vertex 46.08312469871782 3.627846078507502 271.2503058259239
    vertex 47.41470978322448 3.629635149392964 273.1135492190879
  endloop
endfacet
facet normal 7.66201e-13 -1 0.000960191
  outer loop
    vertex 35.40435354894542 3.615974405054986 258.8864485280881
    vertex 34.58529021679922 3.617923348463156 260.9161925486723
    vertex 33.1213203435715 3.616214213839774 259.1361994692185
  endloop
endfacet
facet normal 7.66111e-13 -1 0.000960191
  outer loop
    vertex 33.12132034357148 3.631344284004259 274.8935422985418
    vertex 35.44059205254591 3.631659435324172 275.2217593728178
    vertex 34.00000000001183 3.633381157302129 277.0148616642072
  endloop
endfacet
facet normal 7.66775e-13 -1 0.000960191
  outer loop
    vertex 31.00000000001188 3.630500583458097 274.0148630471585
    vertex 32.73000358983482 3.629276349580363 272.7398740533274
    vertex 33.12132034357148 3.631344284004259 274.8935422985418
  endloop
endfacet
facet normal 7.67597e-13 -1 0.000960191
  outer loop
    vertex 43.88056272305518 3.628167050259295 271.5845846430862
    vertex 44.60504706049483 3.626144350897351 269.4780268446713
    vertex 46.08312469871782 3.627846078507502 271.2503058259239
  endloop
endfacet
facet normal 7.67339e-13 -1 0.000960191
  outer loop
    vertex 35.40435354894542 3.615974405054986 258.8864485280881
    vertex 37.7857312199219 3.615320501551705 258.2054350499425
    vertex 36.80421787017799 3.617676497674272 260.6591076513341
  endloop
endfacet
facet normal 7.68643e-13 -1 0.000960191
  outer loop
    vertex 46.59564645107828 3.631584092801134 275.1432932396722
    vertex 47.41470978322448 3.629635149392964 273.1135492190879
    vertex 48.87867965645218 3.631344284016351 274.8935422985418
  endloop
endfacet
facet normal 7.67318e-13 -1 0.000960191
  outer loop
    vertex 35.40435354894542 3.615974405054986 258.8864485280881
    vertex 36.80421787017799 3.617676497674272 260.6591076513341
    vertex 34.58529021679922 3.617923348463156 260.9161925486723
  endloop
endfacet
facet normal 7.67491e-13 -1 0.000960191
  outer loop
    vertex 46.59564645107828 3.631584092801134 275.1432932396722
    vertex 45.24557939570414 3.629842376802841 273.329368004579
    vertex 47.41470978322448 3.629635149392964 273.1135492190879
  endloop
endfacet
facet normal 7.66211e-13 -1 0.000960191
  outer loop
    vertex 34.00000000001184 3.614177340543253 257.0148801035531
    vertex 35.40435354894542 3.615974405054986 258.8864485280881
    vertex 33.1213203435715 3.616214213839774 259.1361994692185
  endloop
endfacet
facet normal 7.67433e-13 -1 0.000960191
  outer loop
    vertex 36.80421787017799 3.617676497674272 260.6591076513341
    vertex 38.19685556942959 3.619423723618303 262.4787712671823
    vertex 35.92935118577127 3.619705916597141 262.7726635948877
  endloop
endfacet
facet normal 7.67525e-13 -1 0.000960191
  outer loop
    vertex 38.19685556942959 3.619423723618303 262.4787712671823
    vertex 39.49769211728555 3.621136203759311 264.262248565118
    vertex 37.31731928305334 3.621460284113092 264.5997648627708
  endloop
endfacet
facet normal 7.67273e-13 -1 0.000960191
  outer loop
    vertex 44.60504706049483 3.626144350897351 269.4780268446713
    vertex 43.17051778916185 3.624394803028865 267.6559450404889
    vertex 45.54841295641624 3.624069314290166 267.3169619679883
  endloop
endfacet
facet normal 7.67582e-13 -1 0.000960191
  outer loop
    vertex 45.24557939570414 3.629842376802841 273.329368004579
    vertex 43.88056272305518 3.628167050259295 271.5845846430862
    vertex 46.08312469871782 3.627846078507502 271.2503058259239
  endloop
endfacet
facet normal 7.68656e-13 -1 0.000960191
  outer loop
    vertex 48.00000000001183 3.633381157312872 277.0148616642072
    vertex 46.59564645107828 3.631584092801134 275.1432932396722
    vertex 48.87867965645218 3.631344284016351 274.8935422985418
  endloop
endfacet
facet normal 7.67515e-13 -1 0.000960191
  outer loop
    vertex 44.60504706049483 3.626144350897351 269.4780268446713
    vertex 46.94842099526552 3.62581710106836 269.1372096694346
    vertex 46.08312469871782 3.627846078507502 271.2503058259239
  endloop
endfacet
facet normal 7.67385e-13 -1 0.000960191
  outer loop
    vertex 45.54841295641624 3.624069314290166 267.3169619679883
    vertex 47.84048401159849 3.62377233191446 267.0076670945932
    vertex 46.94842099526552 3.62581710106836 269.1372096694346
  endloop
endfacet
facet normal 7.6743e-13 -1 0.000960191
  outer loop
    vertex 37.31731928305334 3.621460284113092 264.5997648627708
    vertex 35.04071937608983 3.621748002521568 264.8994116971145
    vertex 35.92935118577127 3.619705916597141 262.7726635948877
  endloop
endfacet
facet normal 7.6734e-13 -1 0.000960191
  outer loop
    vertex 36.41969819145066 3.62349115706505 266.7148351175522
    vertex 34.1553656685068 3.623786113804305 267.0220203742695
    vertex 35.04071937608983 3.621748002521568 264.8994116971145
  endloop
endfacet
facet normal 7.67429e-13 -1 0.000960191
  outer loop
    vertex 38.19685556942959 3.619423723618303 262.4787712671823
    vertex 37.31731928305334 3.621460284113092 264.5997648627708
    vertex 35.92935118577127 3.619705916597141 262.7726635948877
  endloop
endfacet
facet normal 7.675e-13 -1 0.000960191
  outer loop
    vertex 44.60504706049483 3.626144350897351 269.4780268446713
    vertex 45.54841295641624 3.624069314290166 267.3169619679883
    vertex 46.94842099526552 3.62581710106836 269.1372096694346
  endloop
endfacet
facet normal 7.67442e-13 -1 0.000960191
  outer loop
    vertex 37.31731928305334 3.621460284113092 264.5997648627708
    vertex 36.41969819145066 3.62349115706505 266.7148351175522
    vertex 35.04071937608983 3.621748002521568 264.8994116971145
  endloop
endfacet
facet normal 7.67501e-13 -1 0.000960191
  outer loop
    vertex 37.31731928305334 3.621460284113092 264.5997648627708
    vertex 38.63597570484186 3.623182680084386 266.3935690881661
    vertex 36.41969819145066 3.62349115706505 266.7148351175522
  endloop
endfacet
facet normal 7.67533e-13 -1 0.000960191
  outer loop
    vertex 39.49769211728555 3.621136203759311 264.262248565118
    vertex 38.63597570484186 3.623182680084386 266.3935690881661
    vertex 37.31731928305334 3.621460284113092 264.5997648627708
  endloop
endfacet
facet normal 7.67509e-13 -1 0.000960191
  outer loop
    vertex 43.17051778916185 3.624394803028865 267.6559450404889
    vertex 42.19930632949635 3.622650304658755 265.8391220798264
    vertex 44.16542101557899 3.622485312620766 265.6672896889509
  endloop
endfacet
facet normal 7.67512e-13 -1 0.000960191
  outer loop
    vertex 37.7857312199219 3.615320501551705 258.2054350499425
    vertex 39.03822187491702 3.617363456335251 260.3330880313256
    vertex 36.80421787017799 3.617676497674272 260.6591076513341
  endloop
endfacet
facet normal 7.67521e-13 -1 0.000960191
  outer loop
    vertex 36.80421787017799 3.617676497674272 260.6591076513341
    vertex 39.03822187491702 3.617363456335251 260.3330880313256
    vertex 38.19685556942959 3.619423723618303 262.4787712671823
  endloop
endfacet
facet normal 7.67287e-13 -1 0.000960191
  outer loop
    vertex 43.17051778916185 3.624394803028865 267.6559450404889
    vertex 44.16542101557899 3.622485312620766 265.6672896889509
    vertex 45.54841295641624 3.624069314290166 267.3169619679883
  endloop
endfacet
facet normal 7.67326e-13 -1 0.000960191
  outer loop
    vertex 36.41969819145066 3.62349115706505 266.7148351175522
    vertex 35.54331087008434 3.625837987763126 269.1589623080102
    vertex 34.1553656685068 3.623786113804305 267.0220203742695
  endloop
endfacet
facet normal 7.67503e-13 -1 0.000960191
  outer loop
    vertex 38.19685556942959 3.619423723618303 262.4787712671823
    vertex 40.24230582751392 3.619095680253633 262.1371276575668
    vertex 39.49769211728555 3.621136203759311 264.262248565118
  endloop
endfacet
facet normal 7.67486e-13 -1 0.000960191
  outer loop
    vertex 38.19685556942959 3.619423723618303 262.4787712671823
    vertex 39.03822187491702 3.617363456335251 260.3330880313256
    vertex 40.24230582751392 3.619095680253633 262.1371276575668
  endloop
endfacet
facet normal 7.67488e-13 -1 0.000960191
  outer loop
    vertex 45.15529221888556 3.61764671772232 260.6280930553518
    vertex 45.98009706296097 3.619578763261541 262.6402386424129
    vertex 44.06194710874212 3.619242193519834 262.2897151666324
  endloop
endfacet
facet normal 7.67753e-13 -1 0.000960191
  outer loop
    vertex 51.0000000000118 3.617057914398027 260.0148787206017
    vertex 49.28356389637001 3.618290686292771 261.2987597063105
    vertex 48.87867965645219 3.616214213851866 259.1361994692184
  endloop
endfacet
facet normal 7.67376e-13 -1 0.000960191
  outer loop
    vertex 45.54841295641624 3.624069314290166 267.3169619679883
    vertex 46.42301060580266 3.621724947350399 264.8754006799956
    vertex 47.84048401159849 3.62377233191446 267.0076670945932
  endloop
endfacet
facet normal 7.67292e-13 -1 0.000960191
  outer loop
    vertex 44.16542101557899 3.622485312620766 265.6672896889509
    vertex 46.42301060580266 3.621724947350399 264.8754006799956
    vertex 45.54841295641624 3.624069314290166 267.3169619679883
  endloop
endfacet
facet normal 7.67348e-13 -1 0.000960191
  outer loop
    vertex 47.84048401159849 3.62377233191446 267.0076670945932
    vertex 48.71736642977347 3.621722425373529 264.8727741434723
    vertex 50.1256483285372 3.623460143841776 266.6825361161727
  endloop
endfacet
facet normal 7.6741e-13 -1 0.000960191
  outer loop
    vertex 38.09367580956266 3.64228187632299 286.2845927008119
    vertex 39.33124844483379 3.640125884636495 284.0392164542438
    vertex 40.99999999999806 3.642491004918983 286.5023914890201
  endloop
endfacet
facet normal 7.67338e-13 -1 0.000960191
  outer loop
    vertex 46.08312469871782 3.627846078507502 271.2503058259239
    vertex 48.62121879629782 3.627623092629888 271.0180752472057
    vertex 47.41470978322448 3.629635149392964 273.1135492190879
  endloop
endfacet
facet normal 7.67339e-13 -1 0.000960191
  outer loop
    vertex 46.94842099526552 3.62581710106836 269.1372096694346
    vertex 48.62121879629782 3.627623092629888 271.0180752472057
    vertex 46.08312469871782 3.627846078507502 271.2503058259239
  endloop
endfacet
facet normal 7.67374e-13 -1 0.000960191
  outer loop
    vertex 43.38471766459136 3.613583350358729 256.3962638653937
    vertex 40.99750094708327 3.613347573038231 256.1507115314512
    vertex 42.32854907574023 3.611420489126882 254.1437332730573
  endloop
endfacet
facet normal 7.67421e-13 -1 0.000960191
  outer loop
    vertex 39.50030217121694 3.626363371130938 269.7061273710663
    vertex 41.07363686686551 3.62456647442733 267.8347337093821
    vertex 42.02498061612022 3.62666497564007 270.0202360015656
  endloop
endfacet
facet normal 7.67332e-13 -1 0.000960191
  outer loop
    vertex 46.55980060942233 3.615898778790674 258.8076868901312
    vertex 44.30240838736541 3.615638766834421 258.5368951844372
    vertex 45.66601482779938 3.613891481172947 256.7171693731366
  endloop
endfacet
facet normal 7.67555e-13 -1 0.000960191
  outer loop
    vertex 35.44059205254591 3.631659435324172 275.2217593728178
    vertex 37.69866189753733 3.631918877346484 275.4919575158636
    vertex 36.33479604250392 3.633667547217802 277.3131249245143
  endloop
endfacet
facet normal 7.6743e-13 -1 0.000960191
  outer loop
    vertex 52.43254774365975 3.623164564445451 266.3747023878134
    vertex 53.12177864240642 3.620761353587771 263.8718575911756
    vertex 54.74414795642728 3.622913113170895 266.1128262746873
  endloop
endfacet
facet normal 7.67312e-13 -1 0.000960191
  outer loop
    vertex 47.84048401159849 3.62377233191446 267.0076670945932
    vertex 49.22576367837593 3.625415850036809 268.7193232998692
    vertex 46.94842099526552 3.62581710106836 269.1372096694346
  endloop
endfacet
facet normal 7.67361e-13 -1 0.000960191
  outer loop
    vertex 35.92935118577127 3.619705916597141 262.7726635948877
    vertex 33.36788363546447 3.619941021193561 263.0175153184587
    vertex 34.58529021679922 3.617923348463156 260.9161925486723
  endloop
endfacet
facet normal 7.67361e-13 -1 0.000960191
  outer loop
    vertex 35.04071937608983 3.621748002521568 264.8994116971145
    vertex 33.36788363546447 3.619941021193561 263.0175153184587
    vertex 35.92935118577127 3.619705916597141 262.7726635948877
  endloop
endfacet
facet normal 7.67363e-13 -1 0.000960191
  outer loop
    vertex 31.17132154982831 3.619156543523061 262.2005142447632
    vertex 31.4478084431679 3.620944790359377 264.0628994256393
    vertex 29.11309665335678 3.620462381044005 263.5604900610087
  endloop
endfacet
facet normal 7.67312e-13 -1 0.000960191
  outer loop
    vertex 49.22576367837593 3.625415850036809 268.7193232998692
    vertex 48.62121879629782 3.627623092629888 271.0180752472057
    vertex 46.94842099526552 3.62581710106836 269.1372096694346
  endloop
endfacet
facet normal 7.67221e-13 -1 0.000960191
  outer loop
    vertex 38.61752871651748 3.633977079957207 277.6354904794042
    vertex 39.94846711892631 3.632158373718393 275.7413830882711
    vertex 40.94660881751805 3.634202222443681 277.8699670732398
  endloop
endfacet
facet normal 7.67415e-13 -1 0.000960191
  outer loop
    vertex 31.86311211207619 3.624112853109387 267.3623058599114
    vertex 30.99391306551699 3.626210922483021 269.5473584109669
    vertex 29.51314747094273 3.624441488324104 267.7045658571357
  endloop
endfacet
facet normal 7.67366e-13 -1 0.000960191
  outer loop
    vertex 44.26587129936505 3.632267790630962 275.8553362776306
    vertex 42.78131334622208 3.633935981057518 277.5926876704542
    vertex 42.10790809854736 3.632267347848412 275.8548751396271
  endloop
endfacet
facet normal 7.66873e-13 -1 0.000960191
  outer loop
    vertex 51.00000000001179 3.630500583473445 274.0148630471584
    vertex 50.75908138957782 3.628426794013561 271.8550970238004
    vertex 52.81769616682298 3.629167014513262 272.626006083136
  endloop
endfacet
facet normal 7.67363e-13 -1 0.000960191
  outer loop
    vertex 47.84048401159849 3.62377233191446 267.0076670945932
    vertex 50.1256483285372 3.623460143841776 266.6825361161727
    vertex 49.22576367837593 3.625415850036809 268.7193232998692
  endloop
endfacet
facet normal 7.67245e-13 -1 0.000960191
  outer loop
    vertex 34.1553656685068 3.623786113804305 267.0220203742695
    vertex 32.76747569336686 3.622145230297881 265.3131080126069
    vertex 35.04071937608983 3.621748002521568 264.8994116971145
  endloop
endfacet
facet normal 7.68646e-13 -1 0.000960191
  outer loop
    vertex 46.55980060942233 3.615898778790674 258.8076868901312
    vertex 45.66601482779938 3.613891481172947 256.7171693731366
    vertex 48.00000000001184 3.614177340553997 257.014880103553
  endloop
endfacet
facet normal 7.67504e-13 -1 0.000960191
  outer loop
    vertex 35.54331087008434 3.625837987763126 269.1589623080102
    vertex 33.2058430790689 3.625866085520553 269.1882249631044
    vertex 34.1553656685068 3.623786113804305 267.0220203742695
  endloop
endfacet
facet normal 7.66109e-13 -1 0.000960191
  outer loop
    vertex 35.44059205254591 3.631659435324172 275.2217593728178
    vertex 36.33479604250392 3.633667547217802 277.3131249245143
    vertex 34.00000000001183 3.633381157302129 277.0148616642072
  endloop
endfacet
facet normal 7.67446e-13 -1 0.000960191
  outer loop
    vertex 52.43254774365975 3.623164564445451 266.3747023878134
    vertex 51.00520789191258 3.621433810748641 264.5721939367616
    vertex 53.12177864240642 3.620761353587771 263.8718575911756
  endloop
endfacet
facet normal 7.6707e-13 -1 0.000960191
  outer loop
    vertex 51.00000000001179 3.636261731156903 280.0148602812558
    vertex 52.0457441352995 3.637609896069624 281.4189183243878
    vertex 49.52185027940754 3.638183962822549 282.0167851263876
  endloop
endfacet
facet normal 7.67368e-13 -1 0.000960191
  outer loop
    vertex 43.38471766459136 3.613583350358729 256.3962638653937
    vertex 42.08904208640507 3.615390826750751 258.2786758351354
    vertex 40.99750094708327 3.613347573038231 256.1507115314512
  endloop
endfacet
facet normal 7.67374e-13 -1 0.000960191
  outer loop
    vertex 35.25227409898544 3.641659162126732 285.6360616012141
    vertex 36.64588368318103 3.639743369381678 283.6408426258619
    vertex 38.09367580956266 3.64228187632299 286.2845927008119
  endloop
endfacet
facet normal 7.67237e-13 -1 0.000960191
  outer loop
    vertex 32.76747569336686 3.622145230297881 265.3131080126069
    vertex 33.36788363546447 3.619941021193561 263.0175153184587
    vertex 35.04071937608983 3.621748002521568 264.8994116971145
  endloop
endfacet
facet normal 7.67342e-13 -1 0.000960191
  outer loop
    vertex 41.16929200055507 3.63029007844247 273.7956307643336
    vertex 39.94846711892631 3.632158373718393 275.7413830882711
    vertex 39.08730917886567 3.630159265936826 273.6593949471686
  endloop
endfacet
facet normal 7.67282e-13 -1 0.000960191
  outer loop
    vertex 39.08730917886567 3.630159265936826 273.6593949471686
    vertex 39.94846711892631 3.632158373718393 275.7413830882711
    vertex 37.69866189753733 3.631918877346484 275.4919575158636
  endloop
endfacet
facet normal 7.67316e-13 -1 0.000960191
  outer loop
    vertex 48.71736642977347 3.621722425373529 264.8727741434723
    vertex 51.00520789191258 3.621433810748641 264.5721939367616
    vertex 50.1256483285372 3.623460143841776 266.6825361161727
  endloop
endfacet
facet normal 7.67304e-13 -1 0.000960191
  outer loop
    vertex 31.86311211207619 3.624112853109387 267.3623058599114
    vertex 33.2058430790689 3.625866085520553 269.1882249631044
    vertex 30.99391306551699 3.626210922483021 269.5473584109669
  endloop
endfacet
facet normal 7.67488e-13 -1 0.000960191
  outer loop
    vertex 49.66631052989304 3.620153148238539 263.2384368566716
    vertex 51.17771299959444 3.619343778131703 262.3955113362437
    vertex 51.00520789191258 3.621433810748641 264.5721939367616
  endloop
endfacet
facet normal 7.67311e-13 -1 0.000960191
  outer loop
    vertex 43.00298559951415 3.617365411204099 260.3351239432777
    vertex 42.08904208640507 3.615390826750751 258.2786758351354
    vertex 44.30240838736541 3.615638766834421 258.5368951844372
  endloop
endfacet
facet normal 7.67435e-13 -1 0.000960191
  outer loop
    vertex 50.1256483285372 3.623460143841776 266.6825361161727
    vertex 51.48763034254772 3.625182335892234 268.4761279664102
    vertex 49.22576367837593 3.625415850036809 268.7193232998692
  endloop
endfacet
facet normal 7.66819e-13 -1 0.000960191
  outer loop
    vertex 51.00000000001179 3.630500583473445 274.0148630471584
    vertex 52.81769616682298 3.629167014513262 272.626006083136
    vertex 53.1213203435714 3.631344284019607 274.8935422985418
  endloop
endfacet
facet normal 7.6749e-13 -1 0.000960191
  outer loop
    vertex 34.1553656685068 3.623786113804305 267.0220203742695
    vertex 31.86311211207619 3.624112853109387 267.3623058599114
    vertex 32.76747569336686 3.622145230297881 265.3131080126069
  endloop
endfacet
facet normal 7.67967e-13 -1 0.000960191
  outer loop
    vertex 31.00000000001189 3.61705791438268 260.0148787206018
    vertex 31.17132154982831 3.619156543523061 262.2005142447632
    vertex 29.2761606266613 3.618383383565549 261.3953001012031
  endloop
endfacet
facet normal 7.68657e-13 -1 0.000960191
  outer loop
    vertex 48.87867965645218 3.635418030610742 279.1361810298725
    vertex 46.60222252114468 3.635130260065147 278.8364799005161
    vertex 48.00000000001183 3.633381157312872 277.0148616642072
  endloop
endfacet
facet normal 7.6617e-13 -1 0.000960191
  outer loop
    vertex 33.1213203435715 3.612140467245384 254.8935607378877
    vertex 35.39777747887903 3.612428237790973 255.1932618672441
    vertex 34.00000000001184 3.614177340543253 257.0148801035531
  endloop
endfacet
facet normal 7.67043e-13 -1 0.000960191
  outer loop
    vertex 53.12132034357141 3.616214213855122 259.1361994692184
    vertex 52.98941703697278 3.618365755524469 261.3769412059414
    vertex 51.0000000000118 3.617057914398027 260.0148787206017
  endloop
endfacet
facet normal 7.67512e-13 -1 0.000960191
  outer loop
    vertex 50.1256483285372 3.623460143841776 266.6825361161727
    vertex 52.43254774365975 3.623164564445451 266.3747023878134
    vertex 51.48763034254772 3.625182335892234 268.4761279664102
  endloop
endfacet
facet normal 7.6738e-13 -1 0.000960191
  outer loop
    vertex 58.89999999999806 3.626243170376396 269.5809432369773
    vertex 56.91377924727256 3.627280752100543 270.6615417264161
    vertex 56.5703278889825 3.624892710481528 268.1744950658072
  endloop
endfacet
facet normal 7.67306e-13 -1 0.000960191
  outer loop
    vertex 40.8736958007524 3.638159572085371 281.9913831884717
    vertex 39.33124844483379 3.640125884636495 284.0392164542438
    vertex 38.14914900289673 3.637917925680204 281.7397184456541
  endloop
endfacet
facet normal 7.67397e-13 -1 0.000960191
  outer loop
    vertex 35.25227409898541 3.605875387759935 248.3687393551926
    vertex 34.11781220927269 3.608296183859995 250.8898984554198
    vertex 32.53926708720565 3.606897777146154 249.4335156530804
  endloop
endfacet
facet normal 7.67369e-13 -1 0.000960191
  outer loop
    vertex 42.15240832333181 3.640300807864397 284.2213917651837
    vertex 39.33124844483379 3.640125884636495 284.0392164542438
    vertex 40.8736958007524 3.638159572085371 281.9913831884717
  endloop
endfacet
facet normal 7.67492e-13 -1 0.000960191
  outer loop
    vertex 34.1553656685068 3.623786113804305 267.0220203742695
    vertex 33.2058430790689 3.625866085520553 269.1882249631044
    vertex 31.86311211207619 3.624112853109387 267.3623058599114
  endloop
endfacet
facet normal 7.67434e-13 -1 0.000960191
  outer loop
    vertex 36.91344215546528 3.610685082383165 253.3778375443344
    vertex 39.55779790166814 3.611506601802948 254.2334160688065
    vertex 37.50442728666692 3.612899943972596 255.6845243605618
  endloop
endfacet
facet normal 7.67423e-13 -1 0.000960191
  outer loop
    vertex 45.07961950382604 3.636928358522907 280.7091251394464
    vertex 42.45726012332112 3.636067853198798 279.8129444066849
    vertex 44.50039973506241 3.63470841100119 278.3971415349087
  endloop
endfacet
facet normal 7.67366e-13 -1 0.000960191
  outer loop
    vertex 43.94931207151456 3.609583975374578 252.2310800922844
    vertex 46.71213528857186 3.610271838643054 252.9474612583887
    vertex 44.79557155779875 3.611779102316942 254.5172140889182
  endloop
endfacet
facet normal 7.67562e-13 -1 0.000960191
  outer loop
    vertex 37.69866189753733 3.631918877346484 275.4919575158636
    vertex 38.61752871651748 3.633977079957207 277.6354904794042
    vertex 36.33479604250392 3.633667547217802 277.3131249245143
  endloop
endfacet
facet normal 7.67565e-13 -1 0.000960191
  outer loop
    vertex 42.08904208640507 3.615390826750751 258.2786758351354
    vertex 39.97697770057037 3.615384041134794 258.2716088982186
    vertex 40.99750094708327 3.613347573038231 256.1507115314512
  endloop
endfacet
facet normal 7.67486e-13 -1 0.000960191
  outer loop
    vertex 38.63597570484186 3.623182680084386 266.3935690881661
    vertex 37.74979709160063 3.625130589379235 268.4222361225143
    vertex 36.41969819145066 3.62349115706505 266.7148351175522
  endloop
endfacet
facet normal 7.67406e-13 -1 0.000960191
  outer loop
    vertex 44.30240838736541 3.615638766834421 258.5368951844372
    vertex 43.38471766459136 3.613583350358729 256.3962638653937
    vertex 45.66601482779938 3.613891481172947 256.7171693731366
  endloop
endfacet
facet normal 7.67516e-13 -1 0.000960191
  outer loop
    vertex 50.1256483285372 3.623460143841776 266.6825361161727
    vertex 51.00520789191258 3.621433810748641 264.5721939367616
    vertex 52.43254774365975 3.623164564445451 266.3747023878134
  endloop
endfacet
facet normal 7.67612e-13 -1 0.000960191
  outer loop
    vertex 27.08458909804975 3.61835823528687 261.369109209958
    vertex 24.8943595611644 3.617012304873936 259.9673783069312
    vertex 26.60222252114476 3.615926443290924 258.836498339862
  endloop
endfacet
facet normal 7.67683e-13 -1 0.000960191
  outer loop
    vertex 58.89999999999806 3.621291379546563 264.4238577194274
    vertex 56.94204987058421 3.622442614473007 265.6228213223408
    vertex 56.8438858470211 3.620170486768175 263.2564942130391
  endloop
endfacet
facet normal 7.67401e-13 -1 0.000960191
  outer loop
    vertex 52.43254774365975 3.623164564445451 266.3747023878134
    vertex 53.83237988635959 3.624883718040606 268.1651298123859
    vertex 51.48763034254772 3.625182335892234 268.4761279664102
  endloop
endfacet
facet normal 7.67268e-13 -1 0.000960191
  outer loop
    vertex 37.69866189753733 3.631918877346484 275.4919575158636
    vertex 39.94846711892631 3.632158373718393 275.7413830882711
    vertex 38.61752871651748 3.633977079957207 277.6354904794042
  endloop
endfacet
facet normal 7.6751e-13 -1 0.000960191
  outer loop
    vertex 31.86311211207619 3.624112853109387 267.3623058599114
    vertex 30.45025859592912 3.622461761273883 265.6427619453884
    vertex 32.76747569336686 3.622145230297881 265.3131080126069
  endloop
endfacet
facet normal 7.67905e-13 -1 0.000960191
  outer loop
    vertex 28.87867965645226 3.631344284001004 274.8935422985418
    vertex 29.17838092396615 3.629158449709303 272.617086212644
    vertex 31.00000000001188 3.630500583458097 274.0148630471585
  endloop
endfacet
facet normal 7.67732e-13 -1 0.000960191
  outer loop
    vertex 31.00000000001189 3.61705791438268 260.0148787206018
    vertex 29.2761606266613 3.618383383565549 261.3953001012031
    vertex 28.87867965645228 3.616214213836519 259.1361994692185
  endloop
endfacet
facet normal 7.67532e-13 -1 0.000960191
  outer loop
    vertex 56.5703278889825 3.624892710481528 268.1744950658072
    vertex 56.94204987058421 3.622442614473007 265.6228213223408
    vertex 58.89999999999806 3.62376727496148 267.0024004782023
  endloop
endfacet
facet normal 7.67414e-13 -1 0.000960191
  outer loop
    vertex 52.43254774365975 3.623164564445451 266.3747023878134
    vertex 54.74414795642728 3.622913113170895 266.1128262746873
    vertex 53.83237988635959 3.624883718040606 268.1651298123859
  endloop
endfacet
facet normal 7.67451e-13 -1 0.000960191
  outer loop
    vertex 30.99391306551699 3.626210922483021 269.5473584109669
    vertex 28.66207459798602 3.626992988727107 270.3618480873223
    vertex 29.51314747094273 3.624441488324104 267.7045658571357
  endloop
endfacet
facet normal 7.66741e-13 -1 0.000960191
  outer loop
    vertex 53.12132034357141 3.616214213855122 259.1361994692184
    vertex 54.87734615113731 3.617372388462369 260.3423904599415
    vertex 52.98941703697278 3.618365755524469 261.3769412059414
  endloop
endfacet
facet normal 7.67298e-13 -1 0.000960191
  outer loop
    vertex 44.30240838736541 3.615638766834421 258.5368951844372
    vertex 42.08904208640507 3.615390826750751 258.2786758351354
    vertex 43.38471766459136 3.613583350358729 256.3962638653937
  endloop
endfacet
facet normal 7.66769e-13 -1 0.000960191
  outer loop
    vertex 52.81769616682298 3.629167014513262 272.626006083136
    vertex 54.83876743475818 3.630195803441448 273.6974472357394
    vertex 53.1213203435714 3.631344284019607 274.8935422985418
  endloop
endfacet
facet normal 7.67438e-13 -1 0.000960191
  outer loop
    vertex 38.14914900289673 3.637917925680204 281.7397184456541
    vertex 35.29637861313292 3.637285968541634 281.0815612036102
    vertex 37.20100964071047 3.635785499394383 279.5188845917997
  endloop
endfacet
facet normal 7.674e-13 -1 0.000960191
  outer loop
    vertex 31.86311211207619 3.624112853109387 267.3623058599114
    vertex 29.51314747094273 3.624441488324104 267.7045658571357
    vertex 30.45025859592912 3.622461761273883 265.6427619453884
  endloop
endfacet
facet normal 7.67451e-13 -1 0.000960191
  outer loop
    vertex 42.45726012332112 3.636067853198798 279.8129444066849
    vertex 42.78131334622208 3.633935981057518 277.5926876704542
    vertex 44.50039973506241 3.63470841100119 278.3971415349087
  endloop
endfacet
facet normal 7.67459e-13 -1 0.000960191
  outer loop
    vertex 52.81769616682298 3.629167014513262 272.626006083136
    vertex 54.88603121528204 3.628255383532906 271.6765800884024
    vertex 54.83876743475818 3.630195803441448 273.6974472357394
  endloop
endfacet
facet normal 7.67299e-13 -1 0.000960191
  outer loop
    vertex 50.75908138957782 3.628426794013561 271.8550970238004
    vertex 49.36678101679576 3.629595181263372 273.0719240622329
    vertex 48.62121879629782 3.627623092629888 271.0180752472057
  endloop
endfacet
facet normal 7.67462e-13 -1 0.000960191
  outer loop
    vertex 42.45726012332112 3.636067853198798 279.8129444066849
    vertex 43.60265333868659 3.638440260255166 282.2837083157511
    vertex 40.8736958007524 3.638159572085371 281.9913831884717
  endloop
endfacet
facet normal 7.67541e-13 -1 0.000960191
  outer loop
    vertex 26.60222252114476 3.615926443290924 258.836498339862
    vertex 24.8943595611644 3.617012304873936 259.9673783069312
    vertex 24.11250462620147 3.614405409949165 257.252404972795
  endloop
endfacet
facet normal 7.67496e-13 -1 0.000960191
  outer loop
    vertex 27.73663161346514 3.637492740240619 281.2969053893474
    vertex 29.40764253442168 3.637102512154734 280.8904989626574
    vertex 30.01525886775744 3.639237546641374 283.1140491501536
  endloop
endfacet
facet normal 7.67405e-13 -1 0.000960191
  outer loop
    vertex 24.11250462620151 3.633129139920404 276.7523959836118
    vertex 24.90037053265482 3.630527600335497 274.0430000133808
    vertex 26.60222252114476 3.631632054543098 275.1932434278983
  endloop
endfacet
facet normal 7.67309e-13 -1 0.000960191
  outer loop
    vertex 31.17132154982831 3.619156543523061 262.2005142447632
    vertex 32.63736938043408 3.617988121800916 260.9836513047609
    vertex 33.36788363546447 3.619941021193561 263.0175153184587
  endloop
endfacet
facet normal 7.67872e-13 -1 0.000960191
  outer loop
    vertex 48.87867965645219 3.612140467257476 254.8935607378876
    vertex 49.64052988296334 3.609548569661434 252.1942065006304
    vertex 51.0000000000118 3.61129676671457 254.0148814865043
  endloop
endfacet
facet normal 7.67461e-13 -1 0.000960191
  outer loop
    vertex 38.61752871651748 3.633977079957207 277.6354904794042
    vertex 39.54945557144436 3.636104700877171 279.8513197433123
    vertex 37.20100964071047 3.635785499394383 279.5188845917997
  endloop
endfacet
facet normal 7.67414e-13 -1 0.000960191
  outer loop
    vertex 43.38471766459136 3.613583350358729 256.3962638653937
    vertex 44.79557155779875 3.611779102316942 254.5172140889182
    vertex 45.66601482779938 3.613891481172947 256.7171693731366
  endloop
endfacet
facet normal 7.6747e-13 -1 0.000960191
  outer loop
    vertex 43.38471766459136 3.613583350358729 256.3962638653937
    vertex 42.32854907574023 3.611420489126882 254.1437332730573
    vertex 44.79557155779875 3.611779102316942 254.5172140889182
  endloop
endfacet
facet normal 7.67385e-13 -1 0.000960191
  outer loop
    vertex 36.41969819145066 3.62349115706505 266.7148351175522
    vertex 37.74979709160063 3.625130589379235 268.4222361225143
    vertex 35.54331087008434 3.625837987763126 269.1589623080102
  endloop
endfacet
facet normal 7.67318e-13 -1 0.000960191
  outer loop
    vertex 30.01525886775741 3.608297003237254 250.8907518062532
    vertex 29.79790876119004 3.610365686188075 253.0451996118161
    vertex 27.7366316134651 3.610041809634513 252.7078955670593
  endloop
endfacet
facet normal 7.67307e-13 -1 0.000960191
  outer loop
    vertex 48.62121879629782 3.627623092629888 271.0180752472057
    vertex 50.55065001212746 3.62662549412665 269.9791176300911
    vertex 50.75908138957782 3.628426794013561 271.8550970238004
  endloop
endfacet
facet normal 7.67329e-13 -1 0.000960191
  outer loop
    vertex 29.51314747094273 3.624441488324104 267.7045658571357
    vertex 28.09608576549107 3.622602880486726 265.7897317757236
    vertex 30.45025859592912 3.622461761273883 265.6427619453884
  endloop
endfacet
facet normal 7.67487e-13 -1 0.000960191
  outer loop
    vertex 36.14578561649554 3.608651399888965 251.2598412687426
    vertex 34.11781220927269 3.608296183859995 250.8898984554198
    vertex 35.25227409898541 3.605875387759935 248.3687393551926
  endloop
endfacet
facet normal 7.67483e-13 -1 0.000960191
  outer loop
    vertex 42.32854907574023 3.611420489126882 254.1437332730573
    vertex 43.94931207151456 3.609583975374578 252.2310800922844
    vertex 44.79557155779875 3.611779102316942 254.5172140889182
  endloop
endfacet
facet normal 7.67558e-13 -1 0.000960191
  outer loop
    vertex 38.61752871651748 3.633977079957207 277.6354904794042
    vertex 37.20100964071047 3.635785499394383 279.5188845917997
    vertex 36.33479604250392 3.633667547217802 277.3131249245143
  endloop
endfacet
facet normal 7.6738e-13 -1 0.000960191
  outer loop
    vertex 26.54317009720352 3.620721548238796 263.830401986408
    vertex 24.08407500597664 3.621355390920063 264.4905229474966
    vertex 24.53304196148373 3.61902685399792 262.0654479690272
  endloop
endfacet
facet normal 7.66144e-13 -1 0.000960191
  outer loop
    vertex 33.12132034357148 3.631344284004259 274.8935422985418
    vertex 34.74171175351606 3.629736317991635 273.2189121439606
    vertex 35.44059205254591 3.631659435324172 275.2217593728178
  endloop
endfacet
facet normal 7.67158e-13 -1 0.000960191
  outer loop
    vertex 32.73000358983482 3.629276349580363 272.7398740533274
    vertex 34.74171175351606 3.629736317991635 273.2189121439606
    vertex 33.12132034357148 3.631344284004259 274.8935422985418
  endloop
endfacet
facet normal 7.68707e-13 -1 0.000960191
  outer loop
    vertex 48.87867965645219 3.616214213851866 259.1361994692184
    vertex 47.26871523279735 3.617835444915677 260.8246446264316
    vertex 46.55980060942233 3.615898778790674 258.8076868901312
  endloop
endfacet
facet normal 7.67383e-13 -1 0.000960191
  outer loop
    vertex 29.51314747094273 3.624441488324104 267.7045658571357
    vertex 26.6181323470182 3.624727375574674 268.0023056166869
    vertex 28.09608576549107 3.622602880486726 265.7897317757236
  endloop
endfacet
facet normal 7.67254e-13 -1 0.000960191
  outer loop
    vertex 47.22209240731422 3.63700876470713 280.7928648558342
    vertex 45.07961950382604 3.636928358522907 280.7091251394464
    vertex 46.60222252114468 3.635130260065147 278.8364799005161
  endloop
endfacet
facet normal 7.67652e-13 -1 0.000960191
  outer loop
    vertex 49.28356389637001 3.618290686292771 261.2987597063105
    vertex 47.26871523279735 3.617835444915677 260.8246446264316
    vertex 48.87867965645219 3.616214213851866 259.1361994692184
  endloop
endfacet
facet normal 7.66874e-13 -1 0.000960191
  outer loop
    vertex 33.12132034357149 3.635418030598649 279.1361810298726
    vertex 32.684394890332 3.638014190328431 281.8399741030343
    vertex 31.00000000001188 3.636261731141555 280.0148602812559
  endloop
endfacet
facet normal 7.67362e-13 -1 0.000960191
  outer loop
    vertex 36.84466812693429 3.629910767702014 273.4005943065424
    vertex 34.74171175351606 3.629736317991635 273.2189121439606
    vertex 36.10638035019478 3.628079352973534 271.4932515502506
  endloop
endfacet
facet normal 7.67303e-13 -1 0.000960191
  outer loop
    vertex 45.15529221888556 3.61764671772232 260.6280930553518
    vertex 47.26871523279735 3.617835444915677 260.8246446264316
    vertex 45.98009706296097 3.619578763261541 262.6402386424129
  endloop
endfacet
facet normal 7.67439e-13 -1 0.000960191
  outer loop
    vertex 53.12132034357141 3.612140467260732 254.8935607378876
    vertex 52.04644936735168 3.609944309208366 252.6063528829832
    vertex 53.95737677408844 3.609774932627514 252.4299541719506
  endloop
endfacet
facet normal 7.67446e-13 -1 0.000960191
  outer loop
    vertex 34.54994049827634 3.610332191021248 253.0103157759481
    vertex 36.91344215546528 3.610685082383165 253.3778375443344
    vertex 35.39777747887903 3.612428237790973 255.1932618672441
  endloop
endfacet
facet normal 7.66789e-13 -1 0.000960191
  outer loop
    vertex 51.0000000000118 3.61129676671457 254.0148814865043
    vertex 52.04644936735168 3.609944309208366 252.6063528829832
    vertex 53.12132034357141 3.612140467260732 254.8935607378876
  endloop
endfacet
facet normal 7.6744e-13 -1 0.000960191
  outer loop
    vertex 39.54945557144436 3.636104700877171 279.8513197433123
    vertex 38.14914900289673 3.637917925680204 281.7397184456541
    vertex 37.20100964071047 3.635785499394383 279.5188845917997
  endloop
endfacet
facet normal 7.67735e-13 -1 0.000960191
  outer loop
    vertex 58.89999999999806 3.618815484131647 261.8453149606524
    vertex 56.81438054785896 3.618006816773371 261.0031213266847
    vertex 58.89999999999806 3.61633958871673 259.2667722018774
  endloop
endfacet
facet normal 7.67396e-13 -1 0.000960191
  outer loop
    vertex 29.51314747094273 3.624441488324104 267.7045658571357
    vertex 28.66207459798602 3.626992988727107 270.3618480873223
    vertex 26.6181323470182 3.624727375574674 268.0023056166869
  endloop
endfacet
facet normal 7.67415e-13 -1 0.000960191
  outer loop
    vertex 42.32854907574023 3.611420489126882 254.1437332730573
    vertex 41.18921777859346 3.609401741953795 252.0412915175035
    vertex 43.94931207151456 3.609583975374578 252.2310800922844
  endloop
endfacet
facet normal 7.67431e-13 -1 0.000960191
  outer loop
    vertex 39.33124844483379 3.640125884636495 284.0392164542438
    vertex 36.64588368318103 3.639743369381678 283.6408426258619
    vertex 38.14914900289673 3.637917925680204 281.7397184456541
  endloop
endfacet
facet normal 7.68758e-13 -1 0.000960191
  outer loop
    vertex 48.00000000001183 3.633381157312872 277.0148616642072
    vertex 45.99282800133246 3.63341434236226 277.049422523387
    vertex 46.59564645107828 3.631584092801134 275.1432932396722
  endloop
endfacet
facet normal 7.65958e-13 -1 0.000960191
  outer loop
    vertex 34.00000000001184 3.614177340543253 257.0148801035531
    vertex 36.01845790688503 3.614160085782702 256.9969099818779
    vertex 35.40435354894542 3.615974405054986 258.8864485280881
  endloop
endfacet
facet normal 7.68647e-13 -1 0.000960191
  outer loop
    vertex 48.87867965645218 3.635418030610742 279.1361810298725
    vertex 47.22209240731422 3.63700876470713 280.7928648558342
    vertex 46.60222252114468 3.635130260065147 278.8364799005161
  endloop
endfacet
facet normal 7.67256e-13 -1 0.000960191
  outer loop
    vertex 21.9889057124525 3.627933696813501 271.3415566900701
    vertex 24.16015014470583 3.626156726325265 269.4909153577713
    vertex 24.49223392012454 3.62850604100558 271.9376295121153
  endloop
endfacet
facet normal 7.67295e-13 -1 0.000960191
  outer loop
    vertex 24.53304196148373 3.61902685399792 262.0654479690272
    vertex 24.08407500597664 3.621355390920063 264.4905229474966
    vertex 21.98890571245247 3.619600853052809 262.6632442663367
  endloop
endfacet
facet normal 7.67496e-13 -1 0.000960191
  outer loop
    vertex 53.9573767740893 3.63775961728786 281.5748467844554
    vertex 52.0457441352995 3.637609896069624 281.4189183243878
    vertex 53.1213203435714 3.635418030613997 279.1361810298725
  endloop
endfacet
facet normal 7.67257e-13 -1 0.000960191
  outer loop
    vertex 37.7857312199219 3.615320501551705 258.2054350499425
    vertex 39.97697770057037 3.615384041134794 258.2716088982186
    vertex 39.03822187491702 3.617363456335251 260.3330880313256
  endloop
endfacet
facet normal 7.66785e-13 -1 0.000960191
  outer loop
    vertex 53.1213203435714 3.635418030613997 279.1361810298725
    vertex 52.0457441352995 3.637609896069624 281.4189183243878
    vertex 51.00000000001179 3.636261731156903 280.0148602812558
  endloop
endfacet
facet normal 7.67451e-13 -1 0.000960191
  outer loop
    vertex 41.16929200055507 3.63029007844247 273.7956307643336
    vertex 42.10790809854736 3.632267347848412 275.8548751396271
    vertex 39.94846711892631 3.632158373718393 275.7413830882711
  endloop
endfacet
facet normal 7.67362e-13 -1 0.000960191
  outer loop
    vertex 58.89999999999806 3.631194961206229 274.7380287545272
    vertex 56.83127247240013 3.629540201575363 273.014664983229
    vertex 58.89999999999806 3.628719065791313 272.1594859957523
  endloop
endfacet
facet normal 7.67258e-13 -1 0.000960191
  outer loop
    vertex 47.22209240731422 3.63700876470713 280.7928648558342
    vertex 46.51251315701656 3.639084186606143 282.9543309978463
    vertex 45.07961950382604 3.636928358522907 280.7091251394464
  endloop
endfacet
facet normal 7.67435e-13 -1 0.000960191
  outer loop
    vertex 44.26587129936505 3.632267790630962 275.8553362776306
    vertex 43.13963034676085 3.630246742093318 273.7504977459829
    vertex 45.24557939570414 3.629842376802841 273.329368004579
  endloop
endfacet
facet normal 7.67382e-13 -1 0.000960191
  outer loop
    vertex 49.23658526981511 3.606795811548142 249.3273226831139
    vertex 47.60515179143385 3.608137404001571 250.7245357836353
    vertex 46.58951262339311 3.605829232660381 248.3206707172967
  endloop
endfacet
facet normal 7.673e-13 -1 0.000960191
  outer loop
    vertex 33.36788363546447 3.619941021193561 263.0175153184587
    vertex 31.4478084431679 3.620944790359377 264.0628994256393
    vertex 31.17132154982831 3.619156543523061 262.2005142447632
  endloop
endfacet
facet normal 7.66171e-13 -1 0.000960191
  outer loop
    vertex 33.1213203435715 3.612140467245384 254.8935607378877
    vertex 34.54994049827634 3.610332191021248 253.0103157759481
    vertex 35.39777747887903 3.612428237790973 255.1932618672441
  endloop
endfacet
facet normal 7.68657e-13 -1 0.000960191
  outer loop
    vertex 28.87867965645228 3.616214213836519 259.1361994692185
    vertex 26.60222252114476 3.615926443290924 258.836498339862
    vertex 28.00000000001194 3.614177340538649 257.0148801035531
  endloop
endfacet
facet normal 7.68724e-13 -1 0.000960191
  outer loop
    vertex 28.00000000001192 3.633381157297524 277.0148616642072
    vertex 26.60222252114476 3.631632054543098 275.1932434278983
    vertex 28.87867965645226 3.631344284001004 274.8935422985418
  endloop
endfacet
facet normal 7.68898e-13 -1 0.000960191
  outer loop
    vertex 48.00000000001184 3.614177340553997 257.014880103553
    vertex 46.8104802661268 3.612452045988882 255.2180571123768
    vertex 48.87867965645219 3.612140467257476 254.8935607378876
  endloop
endfacet
facet normal 7.67441e-13 -1 0.000960191
  outer loop
    vertex 34.54994049827634 3.610332191021248 253.0103157759481
    vertex 36.14578561649554 3.608651399888965 251.2598412687426
    vertex 36.91344215546528 3.610685082383165 253.3778375443344
  endloop
endfacet
facet normal 7.67435e-13 -1 0.000960191
  outer loop
    vertex 52.81769616682298 3.629167014513262 272.626006083136
    vertex 52.79769039347313 3.626948043904247 270.3150398923594
    vertex 54.88603121528204 3.628255383532906 271.6765800884024
  endloop
endfacet
facet normal 7.67337e-13 -1 0.000960191
  outer loop
    vertex 46.71213528857186 3.610271838643054 252.9474612583887
    vertex 46.8104802661268 3.612452045988882 255.2180571123768
    vertex 44.79557155779875 3.611779102316942 254.5172140889182
  endloop
endfacet
facet normal 7.67434e-13 -1 0.000960191
  outer loop
    vertex 39.03822187491702 3.617363456335251 260.3330880313256
    vertex 41.06270911137081 3.617173639717661 260.1354018666194
    vertex 40.24230582751392 3.619095680253633 262.1371276575668
  endloop
endfacet
facet normal 7.65993e-13 -1 0.000960191
  outer loop
    vertex 34.00000000001183 3.633381157302129 277.0148616642072
    vertex 35.19070092798612 3.635107640610918 278.8129226828008
    vertex 33.12132034357149 3.635418030598649 279.1361810298726
  endloop
endfacet
facet normal 7.67454e-13 -1 0.000960191
  outer loop
    vertex 39.94846711892631 3.632158373718393 275.7413830882711
    vertex 42.10790809854736 3.632267347848412 275.8548751396271
    vertex 40.94660881751805 3.634202222443681 277.8699670732398
  endloop
endfacet
facet normal 7.68744e-13 -1 0.000960191
  outer loop
    vertex 46.60222252114468 3.635130260065147 278.8364799005161
    vertex 45.99282800133246 3.63341434236226 277.049422523387
    vertex 48.00000000001183 3.633381157312872 277.0148616642072
  endloop
endfacet
facet normal 7.67272e-13 -1 0.000960191
  outer loop
    vertex 48.62121879629782 3.627623092629888 271.0180752472057
    vertex 49.36678101679576 3.629595181263372 273.0719240622329
    vertex 47.41470978322448 3.629635149392964 273.1135492190879
  endloop
endfacet
facet normal 7.65964e-13 -1 0.000960191
  outer loop
    vertex 35.39777747887903 3.612428237790973 255.1932618672441
    vertex 36.01845790688503 3.614160085782702 256.9969099818779
    vertex 34.00000000001184 3.614177340543253 257.0148801035531
  endloop
endfacet
facet normal 7.67367e-13 -1 0.000960191
  outer loop
    vertex 23.97937741560074 3.623748734395886 266.9830912732307
    vertex 24.16015014470583 3.626156726325265 269.4909153577713
    vertex 21.55452595496503 3.62516650102586 268.4596366313762
  endloop
endfacet
facet normal 7.67513e-13 -1 0.000960191
  outer loop
    vertex 21.55452595496503 3.622368048839784 265.5451643250307
    vertex 24.08407500597664 3.621355390920063 264.4905229474966
    vertex 23.97937741560074 3.623748734395886 266.9830912732307
  endloop
endfacet
facet normal 7.672e-13 -1 0.000960191
  outer loop
    vertex 43.88056272305518 3.628167050259295 271.5845846430862
    vertex 42.16856856333826 3.628645808575929 272.0831916466411
    vertex 42.02498061612022 3.62666497564007 270.0202360015656
  endloop
endfacet
facet normal 7.67283e-13 -1 0.000960191
  outer loop
    vertex 33.36788363546447 3.619941021193561 263.0175153184587
    vertex 32.63736938043408 3.617988121800916 260.9836513047609
    vertex 34.58529021679922 3.617923348463156 260.9161925486723
  endloop
endfacet
facet normal 7.68457e-13 -1 0.000960191
  outer loop
    vertex 45.66601482779938 3.613891481172947 256.7171693731366
    vertex 46.8104802661268 3.612452045988882 255.2180571123768
    vertex 48.00000000001184 3.614177340553997 257.014880103553
  endloop
endfacet
facet normal 7.67396e-13 -1 0.000960191
  outer loop
    vertex 35.29637861313292 3.637285968541634 281.0815612036102
    vertex 35.19070092798612 3.635107640610918 278.8129226828008
    vertex 37.20100964071047 3.635785499394383 279.5188845917997
  endloop
endfacet
facet normal 7.67457e-13 -1 0.000960191
  outer loop
    vertex 40.8736958007524 3.638159572085371 281.9913831884717
    vertex 43.60265333868659 3.638440260255166 282.2837083157511
    vertex 42.15240832333181 3.640300807864397 284.2213917651837
  endloop
endfacet
facet normal 7.67284e-13 -1 0.000960191
  outer loop
    vertex 38.18031350419218 3.628239866155373 271.6604193943047
    vertex 37.35555266766631 3.626741958787806 270.1004107723523
    vertex 39.50030217121694 3.626363371130938 269.7061273710663
  endloop
endfacet
facet normal 7.67368e-13 -1 0.000960191
  outer loop
    vertex 24.11250462620147 3.614405409949165 257.252404972795
    vertex 26.04579246804594 3.614126997276216 256.9624496777183
    vertex 26.60222252114476 3.615926443290924 258.836498339862
  endloop
endfacet
facet normal 7.67269e-13 -1 0.000960191
  outer loop
    vertex 30.99391306551699 3.626210922483021 269.5473584109669
    vertex 32.39309393864347 3.627407226814896 270.7932599344702
    vertex 30.82624435265989 3.628257753462131 271.6790482909815
  endloop
endfacet
facet normal 7.66282e-13 -1 0.000960191
  outer loop
    vertex 36.33479604250392 3.633667547217802 277.3131249245143
    vertex 35.19070092798612 3.635107640610918 278.8129226828008
    vertex 34.00000000001183 3.633381157302129 277.0148616642072
  endloop
endfacet
facet normal 7.67604e-13 -1 0.000960191
  outer loop
    vertex 58.89999999999806 3.61633958871673 259.2667722018774
    vertex 56.6011910425578 3.615957069488188 258.8683942347149
    vertex 57.59072989863714 3.613928350813974 256.7555675711059
  endloop
endfacet
facet normal 7.67441e-13 -1 0.000960191
  outer loop
    vertex 57.59072989863799 3.633606199106977 277.2492333852994
    vertex 56.54905693709149 3.631595243379736 275.1549060985363
    vertex 58.89999999999806 3.631194961206229 274.7380287545272
  endloop
endfacet
facet normal 7.67649e-13 -1 0.000960191
  outer loop
    vertex 58.89999999999806 3.61633958871673 259.2667722018774
    vertex 56.81438054785896 3.618006816773371 261.0031213266847
    vertex 56.6011910425578 3.615957069488188 258.8683942347149
  endloop
endfacet
facet normal 7.67502e-13 -1 0.000960191
  outer loop
    vertex 46.58951262339311 3.605829232660381 248.3206707172967
    vertex 47.60515179143385 3.608137404001571 250.7245357836353
    vertex 45.3704868733079 3.607812277243768 250.3859297029654
  endloop
endfacet
facet normal 7.67261e-13 -1 0.000960191
  outer loop
    vertex 37.7857312199219 3.615320501551705 258.2054350499425
    vertex 39.192629199726 3.613721528273214 256.5401704565072
    vertex 39.97697770057037 3.615384041134794 258.2716088982186
  endloop
endfacet
facet normal 7.67377e-13 -1 0.000960191
  outer loop
    vertex 49.22576367837593 3.625415850036809 268.7193232998692
    vertex 50.55065001212746 3.62662549412665 269.9791176300911
    vertex 48.62121879629782 3.627623092629888 271.0180752472057
  endloop
endfacet
facet normal 7.67405e-13 -1 0.000960191
  outer loop
    vertex 26.60222252114476 3.631632054543098 275.1932434278983
    vertex 26.04374619886634 3.633433008208555 277.0688622468844
    vertex 24.11250462620151 3.633129139920404 276.7523959836118
  endloop
endfacet
facet normal 7.67405e-13 -1 0.000960191
  outer loop
    vertex 50.75908138957782 3.628426794013561 271.8550970238004
    vertex 52.79769039347313 3.626948043904247 270.3150398923594
    vertex 52.81769616682298 3.629167014513262 272.626006083136
  endloop
endfacet
facet normal 7.67339e-13 -1 0.000960191
  outer loop
    vertex 58.89999999999806 3.628719065791313 272.1594859957523
    vertex 56.91377924727256 3.627280752100543 270.6615417264161
    vertex 58.89999999999806 3.626243170376396 269.5809432369773
  endloop
endfacet
facet normal 7.6744e-13 -1 0.000960191
  outer loop
    vertex 28.09608576549107 3.622602880486726 265.7897317757236
    vertex 26.54317009720352 3.620721548238796 263.830401986408
    vertex 29.11309665335678 3.620462381044005 263.5604900610087
  endloop
endfacet
facet normal 7.67325e-13 -1 0.000960191
  outer loop
    vertex 28.09608576549107 3.622602880486726 265.7897317757236
    vertex 29.11309665335678 3.620462381044005 263.5604900610087
    vertex 30.45025859592912 3.622461761273883 265.6427619453884
  endloop
endfacet
facet normal 7.67474e-13 -1 0.000960191
  outer loop
    vertex 32.53926708720565 3.606897777146154 249.4335156530804
    vertex 32.10179374540047 3.609724163483677 252.3770802241353
    vertex 30.01525886775741 3.608297003237254 250.8907518062532
  endloop
endfacet
facet normal 7.67327e-13 -1 0.000960191
  outer loop
    vertex 21.55452595496503 3.62516650102586 268.4596366313762
    vertex 24.16015014470583 3.626156726325265 269.4909153577713
    vertex 21.9889057124525 3.627933696813501 271.3415566900701
  endloop
endfacet
facet normal 7.6744e-13 -1 0.000960191
  outer loop
    vertex 21.98890571245247 3.619600853052809 262.6632442663367
    vertex 24.08407500597664 3.621355390920063 264.4905229474966
    vertex 21.55452595496503 3.622368048839784 265.5451643250307
  endloop
endfacet
facet normal 7.67397e-13 -1 0.000960191
  outer loop
    vertex 56.54905693709149 3.631595243379736 275.1549060985363
    vertex 56.83127247240013 3.629540201575363 273.014664983229
    vertex 58.89999999999806 3.631194961206229 274.7380287545272
  endloop
endfacet
facet normal 7.67152e-13 -1 0.000960191
  outer loop
    vertex 56.94204987058421 3.622442614473007 265.6228213223408
    vertex 55.28314451257617 3.621134690214593 264.2606722582251
    vertex 56.8438858470211 3.620170486768175 263.2564942130391
  endloop
endfacet
facet normal 7.67399e-13 -1 0.000960191
  outer loop
    vertex 32.76747569336686 3.622145230297881 265.3131080126069
    vertex 31.4478084431679 3.620944790359377 264.0628994256393
    vertex 33.36788363546447 3.619941021193561 263.0175153184587
  endloop
endfacet
facet normal 7.67265e-13 -1 0.000960191
  outer loop
    vertex 39.50030217121694 3.626363371130938 269.7061273710663
    vertex 37.35555266766631 3.626741958787806 270.1004107723523
    vertex 37.74979709160063 3.625130589379235 268.4222361225143
  endloop
endfacet
facet normal 7.67383e-13 -1 0.000960191
  outer loop
    vertex 38.09367580956264 3.605252673568037 247.7202082555948
    vertex 37.68232972810359 3.60729352106899 249.8456665905692
    vertex 35.25227409898541 3.605875387759935 248.3687393551926
  endloop
endfacet
facet normal 7.67426e-13 -1 0.000960191
  outer loop
    vertex 51.7099294833016 3.639414192473378 283.2980184669952
    vertex 52.0457441352995 3.637609896069624 281.4189183243878
    vertex 53.9573767740893 3.63775961728786 281.5748467844554
  endloop
endfacet
facet normal 7.67316e-13 -1 0.000960191
  outer loop
    vertex 41.06270911137081 3.617173639717661 260.1354018666194
    vertex 42.14277439371062 3.619070045284018 262.1104298945538
    vertex 40.24230582751392 3.619095680253633 262.1371276575668
  endloop
endfacet
facet normal 7.67378e-13 -1 0.000960191
  outer loop
    vertex 46.51251315701656 3.639084186606143 282.9543309978463
    vertex 43.60265333868659 3.638440260255166 282.2837083157511
    vertex 45.07961950382604 3.636928358522907 280.7091251394464
  endloop
endfacet
facet normal 7.67356e-13 -1 0.000960191
  outer loop
    vertex 53.95737677408844 3.609774932627514 252.4299541719506
    vertex 52.04644936735168 3.609944309208366 252.6063528829832
    vertex 51.70992948330083 3.608120357438546 250.7067824894109
  endloop
endfacet
facet normal 7.67349e-13 -1 0.000960191
  outer loop
    vertex 35.54331087008434 3.625837987763126 269.1589623080102
    vertex 37.35555266766631 3.626741958787806 270.1004107723523
    vertex 36.10638035019478 3.628079352973534 271.4932515502506
  endloop
endfacet
facet normal 7.67216e-13 -1 0.000960191
  outer loop
    vertex 24.11250462620147 3.614405409949165 257.252404972795
    vertex 24.8943595611644 3.617012304873936 259.9673783069312
    vertex 22.84796190143605 3.616926728246162 259.8782537871761
  endloop
endfacet
facet normal 7.67463e-13 -1 0.000960191
  outer loop
    vertex 22.84796190143608 3.630607821621466 274.1265471692307
    vertex 24.90037053265482 3.630527600335497 274.0430000133808
    vertex 24.11250462620151 3.633129139920404 276.7523959836118
  endloop
endfacet
facet normal 7.67534e-13 -1 0.000960191
  outer loop
    vertex 46.42301060580266 3.621724947350399 264.8754006799956
    vertex 44.75561532764769 3.620814763959833 263.9274822931926
    vertex 45.98009706296097 3.619578763261541 262.6402386424129
  endloop
endfacet
facet normal 7.67682e-13 -1 0.000960191
  outer loop
    vertex 58.89999999999806 3.62376727496148 267.0024004782023
    vertex 56.94204987058421 3.622442614473007 265.6228213223408
    vertex 58.89999999999806 3.621291379546563 264.4238577194274
  endloop
endfacet
facet normal 7.67333e-13 -1 0.000960191
  outer loop
    vertex 35.25227409898541 3.605875387759935 248.3687393551926
    vertex 37.68232972810359 3.60729352106899 249.8456665905692
    vertex 36.14578561649554 3.608651399888965 251.2598412687426
  endloop
endfacet
facet normal 7.67319e-13 -1 0.000960191
  outer loop
    vertex 46.71213528857186 3.610271838643054 252.9474612583887
    vertex 47.60515179143385 3.608137404001571 250.7245357836353
    vertex 49.64052988296334 3.609548569661434 252.1942065006304
  endloop
endfacet
facet normal 7.67271e-13 -1 0.000960191
  outer loop
    vertex 36.14578561649554 3.608651399888965 251.2598412687426
    vertex 38.56220141397287 3.609143142637278 251.7719710180132
    vertex 36.91344215546528 3.610685082383165 253.3778375443344
  endloop
endfacet
facet normal 7.67361e-13 -1 0.000960191
  outer loop
    vertex 35.44059205254591 3.631659435324172 275.2217593728178
    vertex 34.74171175351606 3.629736317991635 273.2189121439606
    vertex 36.84466812693429 3.629910767702014 273.4005943065424
  endloop
endfacet
facet normal 7.67301e-13 -1 0.000960191
  outer loop
    vertex 46.55980060942233 3.615898778790674 258.8076868901312
    vertex 47.26871523279735 3.617835444915677 260.8246446264316
    vertex 45.15529221888556 3.61764671772232 260.6280930553518
  endloop
endfacet
facet normal 7.67303e-13 -1 0.000960191
  outer loop
    vertex 37.50442728666692 3.612899943972596 255.6845243605618
    vertex 36.01845790688503 3.614160085782702 256.9969099818779
    vertex 35.39777747887903 3.612428237790973 255.1932618672441
  endloop
endfacet
facet normal 7.6725e-13 -1 0.000960191
  outer loop
    vertex 46.58951262339355 3.641705317243686 285.6841302391099
    vertex 44.53632636129143 3.640364822746635 284.2880606177271
    vertex 46.51251315701656 3.639084186606143 282.9543309978463
  endloop
endfacet
facet normal 7.67269e-13 -1 0.000960191
  outer loop
    vertex 44.50039973506241 3.63470841100119 278.3971415349087
    vertex 45.99282800133246 3.63341434236226 277.049422523387
    vertex 46.60222252114468 3.635130260065147 278.8364799005161
  endloop
endfacet
facet normal 7.67347e-13 -1 0.000960191
  outer loop
    vertex 26.54317009720352 3.620721548238796 263.830401986408
    vertex 25.90542889415432 3.622666306995184 265.8557878649461
    vertex 24.08407500597664 3.621355390920063 264.4905229474966
  endloop
endfacet
facet normal 7.67538e-13 -1 0.000960191
  outer loop
    vertex 32.53926708720568 3.640636772736349 284.5712853033264
    vertex 34.38378389049462 3.639404235390984 283.2876485910029
    vertex 35.25227409898544 3.641659162126732 285.6360616012141
  endloop
endfacet
facet normal 7.67355e-13 -1 0.000960191
  outer loop
    vertex 49.23658526981574 3.640738738359987 284.6774782732925
    vertex 49.52185027940754 3.638183962822549 282.0167851263876
    vertex 51.7099294833016 3.639414192473378 283.2980184669952
  endloop
endfacet
facet normal 7.67373e-13 -1 0.000960191
  outer loop
    vertex 42.14277439371062 3.619070045284018 262.1104298945538
    vertex 43.11081015967865 3.620913497268039 264.0303089548698
    vertex 41.25149913775603 3.620908509696415 264.0251146066196
  endloop
endfacet
facet normal 7.67364e-13 -1 0.000960191
  outer loop
    vertex 46.59564645107828 3.631584092801134 275.1432932396722
    vertex 45.99282800133246 3.63341434236226 277.049422523387
    vertex 44.26587129936505 3.632267790630962 275.8553362776306
  endloop
endfacet
facet normal 7.67431e-13 -1 0.000960191
  outer loop
    vertex 35.40435354894542 3.615974405054986 258.8864485280881
    vertex 36.01845790688503 3.614160085782702 256.9969099818779
    vertex 37.7857312199219 3.615320501551705 258.2054350499425
  endloop
endfacet
facet normal 7.67341e-13 -1 0.000960191
  outer loop
    vertex 43.94931207151456 3.609583975374578 252.2310800922844
    vertex 45.3704868733079 3.607812277243768 250.3859297029654
    vertex 46.71213528857186 3.610271838643054 252.9474612583887
  endloop
endfacet
facet normal 7.67404e-13 -1 0.000960191
  outer loop
    vertex 41.18921777859346 3.609401741953795 252.0412915175035
    vertex 42.55795336904498 3.607405994500728 249.9628030178864
    vertex 43.94931207151456 3.609583975374578 252.2310800922844
  endloop
endfacet
facet normal 7.67346e-13 -1 0.000960191
  outer loop
    vertex 43.82454436402863 3.642293541763782 286.2967417707446
    vertex 44.53632636129143 3.640364822746635 284.2880606177271
    vertex 46.58951262339355 3.641705317243686 285.6841302391099
  endloop
endfacet
facet normal 7.67406e-13 -1 0.000960191
  outer loop
    vertex 39.30389845357714 3.624699268539977 267.973033291429
    vertex 40.27349572257897 3.622710349742122 265.9016565543413
    vertex 41.07363686686551 3.62456647442733 267.8347337093821
  endloop
endfacet
facet normal 7.67619e-13 -1 0.000960191
  outer loop
    vertex 56.91377924727256 3.627280752100543 270.6615417264161
    vertex 55.00004172627397 3.626452121611966 269.7985573170742
    vertex 56.5703278889825 3.624892710481528 268.1744950658072
  endloop
endfacet
facet normal 7.6737e-13 -1 0.000960191
  outer loop
    vertex 29.11309665335678 3.620462381044005 263.5604900610087
    vertex 31.4478084431679 3.620944790359377 264.0628994256393
    vertex 30.45025859592912 3.622461761273883 265.6427619453884
  endloop
endfacet
facet normal 7.67454e-13 -1 0.000960191
  outer loop
    vertex 44.06194710874212 3.619242193519834 262.2897151666324
    vertex 43.11081015967865 3.620913497268039 264.0303089548698
    vertex 42.14277439371062 3.619070045284018 262.1104298945538
  endloop
endfacet
facet normal 7.67561e-13 -1 0.000960191
  outer loop
    vertex 57.59072989863714 3.613928350813974 256.7555675711059
    vertex 55.80932427046986 3.614238447017883 257.0785199542408
    vertex 55.93152333548559 3.61172463833778 254.460492096434
  endloop
endfacet
facet normal 7.67434e-13 -1 0.000960191
  outer loop
    vertex 24.16015014470583 3.626156726325265 269.4909153577713
    vertex 26.22732355805068 3.626994863818129 270.3638009190799
    vertex 24.49223392012454 3.62850604100558 271.9376295121153
  endloop
endfacet
facet normal 7.67463e-13 -1 0.000960191
  outer loop
    vertex 55.93152333548647 3.635809911580623 279.5443088599716
    vertex 55.80715961934536 3.633320169661824 276.9513455397056
    vertex 57.59072989863799 3.633606199106977 277.2492333852994
  endloop
endfacet
facet normal 7.67344e-13 -1 0.000960191
  outer loop
    vertex 42.55795336904498 3.607405994500728 249.9628030178864
    vertex 45.3704868733079 3.607812277243768 250.3859297029654
    vertex 43.94931207151456 3.609583975374578 252.2310800922844
  endloop
endfacet
facet normal 7.67332e-13 -1 0.000960191
  outer loop
    vertex 40.24230582751392 3.619095680253633 262.1371276575668
    vertex 41.25149913775603 3.620908509696415 264.0251146066196
    vertex 39.49769211728555 3.621136203759311 264.262248565118
  endloop
endfacet
facet normal 7.67465e-13 -1 0.000960191
  outer loop
    vertex 38.14914900289673 3.637917925680204 281.7397184456541
    vertex 36.64588368318103 3.639743369381678 283.6408426258619
    vertex 35.29637861313292 3.637285968541634 281.0815612036102
  endloop
endfacet
facet normal 7.67446e-13 -1 0.000960191
  outer loop
    vertex 26.6181323470182 3.624727375574674 268.0023056166869
    vertex 25.90542889415432 3.622666306995184 265.8557878649461
    vertex 28.09608576549107 3.622602880486726 265.7897317757236
  endloop
endfacet
facet normal 7.67432e-13 -1 0.000960191
  outer loop
    vertex 28.66207459798602 3.626992988727107 270.3618480873223
    vertex 26.22732355805068 3.626994863818129 270.3638009190799
    vertex 26.6181323470182 3.624727375574674 268.0023056166869
  endloop
endfacet
facet normal 7.67188e-13 -1 0.000960191
  outer loop
    vertex 47.26871523279735 3.617835444915677 260.8246446264316
    vertex 47.88984395959958 3.619884235905409 262.9583757758824
    vertex 45.98009706296097 3.619578763261541 262.6402386424129
  endloop
endfacet
facet normal 7.67488e-13 -1 0.000960191
  outer loop
    vertex 35.29637861313292 3.637285968541634 281.0815612036102
    vertex 34.38378389049462 3.639404235390984 283.2876485910029
    vertex 32.684394890332 3.638014190328431 281.8399741030343
  endloop
endfacet
facet normal 7.67441e-13 -1 0.000960191
  outer loop
    vertex 45.24557939570414 3.629842376802841 273.329368004579
    vertex 43.13963034676085 3.630246742093318 273.7504977459829
    vertex 43.88056272305518 3.628167050259295 271.5845846430862
  endloop
endfacet
facet normal 7.67275e-13 -1 0.000960191
  outer loop
    vertex 41.07363686686551 3.62456647442733 267.8347337093821
    vertex 40.27349572257897 3.622710349742122 265.9016565543413
    vertex 42.19930632949635 3.622650304658755 265.8391220798264
  endloop
endfacet
facet normal 7.67716e-13 -1 0.000960191
  outer loop
    vertex 56.8438858470211 3.620170486768175 263.2564942130391
    vertex 56.81438054785896 3.618006816773371 261.0031213266847
    vertex 58.89999999999806 3.618815484131647 261.8453149606524
  endloop
endfacet
facet normal 7.67527e-13 -1 0.000960191
  outer loop
    vertex 42.02498061612022 3.62666497564007 270.0202360015656
    vertex 42.16856856333826 3.628645808575929 272.0831916466411
    vertex 40.37024179375582 3.628411475826084 271.8391437728666
  endloop
endfacet
facet normal 7.67466e-13 -1 0.000960191
  outer loop
    vertex 24.49223392012454 3.62850604100558 271.9376295121153
    vertex 24.90037053265482 3.630527600335497 274.0430000133808
    vertex 22.84796190143608 3.630607821621466 274.1265471692307
  endloop
endfacet
facet normal 7.67213e-13 -1 0.000960191
  outer loop
    vertex 22.84796190143605 3.616926728246162 259.8782537871761
    vertex 24.8943595611644 3.617012304873936 259.9673783069312
    vertex 24.53304196148373 3.61902685399792 262.0654479690272
  endloop
endfacet
facet normal 7.67341e-13 -1 0.000960191
  outer loop
    vertex 43.00298559951415 3.617365411204099 260.3351239432777
    vertex 41.06270911137081 3.617173639717661 260.1354018666194
    vertex 42.08904208640507 3.615390826750751 258.2786758351354
  endloop
endfacet
facet normal 7.67446e-13 -1 0.000960191
  outer loop
    vertex 34.74171175351606 3.629736317991635 273.2189121439606
    vertex 34.12005726355706 3.627700553440684 271.0987474921872
    vertex 36.10638035019478 3.628079352973534 271.4932515502506
  endloop
endfacet
facet normal 7.67343e-13 -1 0.000960191
  outer loop
    vertex 44.16542101557899 3.622485312620766 265.6672896889509
    vertex 44.75561532764769 3.620814763959833 263.9274822931926
    vertex 46.42301060580266 3.621724947350399 264.8754006799956
  endloop
endfacet
facet normal 7.67312e-13 -1 0.000960191
  outer loop
    vertex 44.79557155779875 3.611779102316942 254.5172140889182
    vertex 46.8104802661268 3.612452045988882 255.2180571123768
    vertex 45.66601482779938 3.613891481172947 256.7171693731366
  endloop
endfacet
facet normal 7.66575e-13 -1 0.000960191
  outer loop
    vertex 31.00000000001189 3.61705791438268 260.0148787206018
    vertex 32.63736938043408 3.617988121800916 260.9836513047609
    vertex 31.17132154982831 3.619156543523061 262.2005142447632
  endloop
endfacet
facet normal 7.67217e-13 -1 0.000960191
  outer loop
    vertex 35.25227409898544 3.641659162126732 285.6360616012141
    vertex 34.38378389049462 3.639404235390984 283.2876485910029
    vertex 36.64588368318103 3.639743369381678 283.6408426258619
  endloop
endfacet
facet normal 7.68354e-13 -1 0.000960191
  outer loop
    vertex 51.00000000001179 3.630500583473445 274.0148630471584
    vertex 49.36678101679576 3.629595181263372 273.0719240622329
    vertex 50.75908138957782 3.628426794013561 271.8550970238004
  endloop
endfacet
facet normal 7.67471e-13 -1 0.000960191
  outer loop
    vertex 26.99161224433989 3.629308040305673 272.7728786387118
    vertex 24.90037053265482 3.630527600335497 274.0430000133808
    vertex 24.49223392012454 3.62850604100558 271.9376295121153
  endloop
endfacet
facet normal 7.67381e-13 -1 0.000960191
  outer loop
    vertex 37.20100964071047 3.635785499394383 279.5188845917997
    vertex 35.19070092798612 3.635107640610918 278.8129226828008
    vertex 36.33479604250392 3.633667547217802 277.3131249245143
  endloop
endfacet
facet normal 7.6745e-13 -1 0.000960191
  outer loop
    vertex 45.07961950382604 3.636928358522907 280.7091251394464
    vertex 43.60265333868659 3.638440260255166 282.2837083157511
    vertex 42.45726012332112 3.636067853198798 279.8129444066849
  endloop
endfacet
facet normal 7.67412e-13 -1 0.000960191
  outer loop
    vertex 54.87734615113731 3.617372388462369 260.3423904599415
    vertex 54.76386024644184 3.619385883073117 262.4393618898829
    vertex 52.98941703697278 3.618365755524469 261.3769412059414
  endloop
endfacet
facet normal 7.67549e-13 -1 0.000960191
  outer loop
    vertex 40.37024179375582 3.628411475826084 271.8391437728666
    vertex 42.16856856333826 3.628645808575929 272.0831916466411
    vertex 41.16929200055507 3.63029007844247 273.7956307643336
  endloop
endfacet
facet normal 7.68064e-13 -1 0.000960191
  outer loop
    vertex 48.87867965645218 3.631344284016351 274.8935422985418
    vertex 49.36678101679576 3.629595181263372 273.0719240622329
    vertex 51.00000000001179 3.630500583473445 274.0148630471584
  endloop
endfacet
facet normal 7.67304e-13 -1 0.000960191
  outer loop
    vertex 47.41470978322448 3.629635149392964 273.1135492190879
    vertex 49.36678101679576 3.629595181263372 273.0719240622329
    vertex 48.87867965645218 3.631344284016351 274.8935422985418
  endloop
endfacet
facet normal 7.67527e-13 -1 0.000960191
  outer loop
    vertex 42.15240832333181 3.640300807864397 284.2213917651837
    vertex 44.53632636129143 3.640364822746635 284.2880606177271
    vertex 43.82454436402863 3.642293541763782 286.2967417707446
  endloop
endfacet
facet normal 7.67311e-13 -1 0.000960191
  outer loop
    vertex 39.97697770057037 3.615384041134794 258.2716088982186
    vertex 39.192629199726 3.613721528273214 256.5401704565072
    vertex 40.99750094708327 3.613347573038231 256.1507115314512
  endloop
endfacet
facet normal 7.67341e-13 -1 0.000960191
  outer loop
    vertex 25.75428609187145 3.612093220246221 254.8443549466221
    vertex 26.04579246804594 3.614126997276216 256.9624496777183
    vertex 24.11250462620147 3.614405409949165 257.252404972795
  endloop
endfacet
facet normal 7.67371e-13 -1 0.000960191
  outer loop
    vertex 24.11250462620151 3.633129139920404 276.7523959836118
    vertex 26.04374619886634 3.633433008208555 277.0688622468844
    vertex 25.75428609187148 3.635441329625869 279.1604460097847
  endloop
endfacet
facet normal 7.67235e-13 -1 0.000960191
  outer loop
    vertex 34.58529021679922 3.617923348463156 260.9161925486723
    vertex 32.63736938043408 3.617988121800916 260.9836513047609
    vertex 33.1213203435715 3.616214213839774 259.1361994692185
  endloop
endfacet
facet normal 7.66911e-13 -1 0.000960191
  outer loop
    vertex 33.1213203435715 3.616214213839774 259.1361994692185
    vertex 32.63736938043408 3.617988121800916 260.9836513047609
    vertex 31.00000000001189 3.61705791438268 260.0148787206018
  endloop
endfacet
facet normal 7.67344e-13 -1 0.000960191
  outer loop
    vertex 43.00298559951415 3.617365411204099 260.3351239432777
    vertex 42.14277439371062 3.619070045284018 262.1104298945538
    vertex 41.06270911137081 3.617173639717661 260.1354018666194
  endloop
endfacet
facet normal 7.675e-13 -1 0.000960191
  outer loop
    vertex 42.19930632949635 3.622650304658755 265.8391220798264
    vertex 43.11081015967865 3.620913497268039 264.0303089548698
    vertex 44.16542101557899 3.622485312620766 265.6672896889509
  endloop
endfacet
facet normal 7.67536e-13 -1 0.000960191
  outer loop
    vertex 39.88463530351125 3.607320508725806 249.8737731181229
    vertex 37.68232972810359 3.60729352106899 249.8456665905692
    vertex 38.09367580956264 3.605252673568037 247.7202082555948
  endloop
endfacet
facet normal 7.67337e-13 -1 0.000960191
  outer loop
    vertex 41.25149913775603 3.620908509696415 264.0251146066196
    vertex 40.27349572257897 3.622710349742122 265.9016565543413
    vertex 39.49769211728555 3.621136203759311 264.262248565118
  endloop
endfacet
facet normal 7.67273e-13 -1 0.000960191
  outer loop
    vertex 42.19930632949635 3.622650304658755 265.8391220798264
    vertex 40.27349572257897 3.622710349742122 265.9016565543413
    vertex 41.25149913775603 3.620908509696415 264.0251146066196
  endloop
endfacet
facet normal 7.67401e-13 -1 0.000960191
  outer loop
    vertex 49.52185027940754 3.638183962822549 282.0167851263876
    vertex 52.0457441352995 3.637609896069624 281.4189183243878
    vertex 51.7099294833016 3.639414192473378 283.2980184669952
  endloop
endfacet
facet normal 7.6707e-13 -1 0.000960191
  outer loop
    vertex 27.7366316134651 3.610041809634513 252.7078955670593
    vertex 29.79790876119004 3.610365686188075 253.0451996118161
    vertex 28.87867965645228 3.612140467242128 254.8935607378877
  endloop
endfacet
facet normal 7.67517e-13 -1 0.000960191
  outer loop
    vertex 33.2058430790689 3.625866085520553 269.1882249631044
    vertex 34.12005726355706 3.627700553440684 271.0987474921872
    vertex 32.39309393864347 3.627407226814896 270.7932599344702
  endloop
endfacet
facet normal 7.67394e-13 -1 0.000960191
  outer loop
    vertex 56.6011910425578 3.615957069488188 258.8683942347149
    vertex 56.81438054785896 3.618006816773371 261.0031213266847
    vertex 54.87734615113731 3.617372388462369 260.3423904599415
  endloop
endfacet
facet normal 7.68086e-13 -1 0.000960191
  outer loop
    vertex 51.0000000000118 3.617057914398027 260.0148787206017
    vertex 51.17771299959444 3.619343778131703 262.3955113362437
    vertex 49.28356389637001 3.618290686292771 261.2987597063105
  endloop
endfacet
facet normal 7.67534e-13 -1 0.000960191
  outer loop
    vertex 24.53304196148373 3.61902685399792 262.0654479690272
    vertex 24.8943595611644 3.617012304873936 259.9673783069312
    vertex 27.08458909804975 3.61835823528687 261.369109209958
  endloop
endfacet
facet normal 7.67334e-13 -1 0.000960191
  outer loop
    vertex 36.91344215546528 3.610685082383165 253.3778375443344
    vertex 38.56220141397287 3.609143142637278 251.7719710180132
    vertex 39.55779790166814 3.611506601802948 254.2334160688065
  endloop
endfacet
facet normal 7.67333e-13 -1 0.000960191
  outer loop
    vertex 48.71736642977347 3.621722425373529 264.8727741434723
    vertex 49.66631052989304 3.620153148238539 263.2384368566716
    vertex 51.00520789191258 3.621433810748641 264.5721939367616
  endloop
endfacet
facet normal 7.67449e-13 -1 0.000960191
  outer loop
    vertex 39.97697770057037 3.615384041134794 258.2716088982186
    vertex 41.06270911137081 3.617173639717661 260.1354018666194
    vertex 39.03822187491702 3.617363456335251 260.3330880313256
  endloop
endfacet
facet normal 7.67137e-13 -1 0.000960191
  outer loop
    vertex 28.87867965645227 3.635418030595394 279.1361810298726
    vertex 29.40764253442168 3.637102512154734 280.8904989626574
    vertex 27.73663161346514 3.637492740240619 281.2969053893474
  endloop
endfacet
facet normal 7.66657e-13 -1 0.000960191
  outer loop
    vertex 31.00000000001188 3.630500583458097 274.0148630471585
    vertex 30.82624435265989 3.628257753462131 271.6790482909815
    vertex 32.73000358983482 3.629276349580363 272.7398740533274
  endloop
endfacet
facet normal 7.67215e-13 -1 0.000960191
  outer loop
    vertex 54.74414795642728 3.622913113170895 266.1128262746873
    vertex 55.28314451257617 3.621134690214593 264.2606722582251
    vertex 56.94204987058421 3.622442614473007 265.6228213223408
  endloop
endfacet
facet normal 7.67344e-13 -1 0.000960191
  outer loop
    vertex 38.63597570484186 3.623182680084386 266.3935690881661
    vertex 40.27349572257897 3.622710349742122 265.9016565543413
    vertex 39.30389845357714 3.624699268539977 267.973033291429
  endloop
endfacet
facet normal 7.67433e-13 -1 0.000960191
  outer loop
    vertex 54.83876743475818 3.630195803441448 273.6974472357394
    vertex 56.83127247240013 3.629540201575363 273.014664983229
    vertex 56.54905693709149 3.631595243379736 275.1549060985363
  endloop
endfacet
facet normal 7.67398e-13 -1 0.000960191
  outer loop
    vertex 48.71736642977347 3.621722425373529 264.8727741434723
    vertex 47.88984395959958 3.619884235905409 262.9583757758824
    vertex 49.66631052989304 3.620153148238539 263.2384368566716
  endloop
endfacet
facet normal 7.67358e-13 -1 0.000960191
  outer loop
    vertex 37.74979709160063 3.625130589379235 268.4222361225143
    vertex 37.35555266766631 3.626741958787806 270.1004107723523
    vertex 35.54331087008434 3.625837987763126 269.1589623080102
  endloop
endfacet
facet normal 7.66811e-13 -1 0.000960191
  outer loop
    vertex 52.98941703697278 3.618365755524469 261.3769412059414
    vertex 51.17771299959444 3.619343778131703 262.3955113362437
    vertex 51.0000000000118 3.617057914398027 260.0148787206017
  endloop
endfacet
facet normal 7.67565e-13 -1 0.000960191
  outer loop
    vertex 42.08904208640507 3.615390826750751 258.2786758351354
    vertex 41.06270911137081 3.617173639717661 260.1354018666194
    vertex 39.97697770057037 3.615384041134794 258.2716088982186
  endloop
endfacet
facet normal 7.67278e-13 -1 0.000960191
  outer loop
    vertex 33.2058430790689 3.625866085520553 269.1882249631044
    vertex 32.39309393864347 3.627407226814896 270.7932599344702
    vertex 30.99391306551699 3.626210922483021 269.5473584109669
  endloop
endfacet
facet normal 7.67492e-13 -1 0.000960191
  outer loop
    vertex 24.53304196148373 3.61902685399792 262.0654479690272
    vertex 27.08458909804975 3.61835823528687 261.369109209958
    vertex 26.54317009720352 3.620721548238796 263.830401986408
  endloop
endfacet
facet normal 7.67267e-13 -1 0.000960191
  outer loop
    vertex 24.08407500597664 3.621355390920063 264.4905229474966
    vertex 25.90542889415432 3.622666306995184 265.8557878649461
    vertex 23.97937741560074 3.623748734395886 266.9830912732307
  endloop
endfacet
facet normal 7.6757e-13 -1 0.000960191
  outer loop
    vertex 54.88603121528204 3.628255383532906 271.6765800884024
    vertex 55.00004172627397 3.626452121611966 269.7985573170742
    vertex 56.91377924727256 3.627280752100543 270.6615417264161
  endloop
endfacet
facet normal 7.68047e-13 -1 0.000960191
  outer loop
    vertex 29.17838092396615 3.629158449709303 272.617086212644
    vertex 30.82624435265989 3.628257753462131 271.6790482909815
    vertex 31.00000000001188 3.630500583458097 274.0148630471585
  endloop
endfacet
facet normal 7.67503e-13 -1 0.000960191
  outer loop
    vertex 45.3704868733079 3.607812277243768 250.3859297029654
    vertex 47.60515179143385 3.608137404001571 250.7245357836353
    vertex 46.71213528857186 3.610271838643054 252.9474612583887
  endloop
endfacet
facet normal 7.67455e-13 -1 0.000960191
  outer loop
    vertex 44.06194710874212 3.619242193519834 262.2897151666324
    vertex 42.14277439371062 3.619070045284018 262.1104298945538
    vertex 43.00298559951415 3.617365411204099 260.3351239432777
  endloop
endfacet
facet normal 7.6737e-13 -1 0.000960191
  outer loop
    vertex 36.10638035019478 3.628079352973534 271.4932515502506
    vertex 37.35555266766631 3.626741958787806 270.1004107723523
    vertex 38.18031350419218 3.628239866155373 271.6604193943047
  endloop
endfacet
facet normal 7.67524e-13 -1 0.000960191
  outer loop
    vertex 45.98009706296097 3.619578763261541 262.6402386424129
    vertex 44.75561532764769 3.620814763959833 263.9274822931926
    vertex 44.06194710874212 3.619242193519834 262.2897151666324
  endloop
endfacet
facet normal 7.65875e-13 -1 0.000960191
  outer loop
    vertex 53.12132034357141 3.616214213855122 259.1361994692184
    vertex 54.84379670091402 3.615672441079765 258.5719655109568
    vertex 54.87734615113731 3.617372388462369 260.3423904599415
  endloop
endfacet
facet normal 7.65892e-13 -1 0.000960191
  outer loop
    vertex 54.83876743475818 3.630195803441448 273.6974472357394
    vertex 54.83623224947644 3.631855394720468 275.425842970578
    vertex 53.1213203435714 3.631344284019607 274.8935422985418
  endloop
endfacet
facet normal 7.67395e-13 -1 0.000960191
  outer loop
    vertex 39.50030217121694 3.626363371130938 269.7061273710663
    vertex 39.30389845357714 3.624699268539977 267.973033291429
    vertex 41.07363686686551 3.62456647442733 267.8347337093821
  endloop
endfacet
facet normal 7.67446e-13 -1 0.000960191
  outer loop
    vertex 28.09608576549107 3.622602880486726 265.7897317757236
    vertex 25.90542889415432 3.622666306995184 265.8557878649461
    vertex 26.54317009720352 3.620721548238796 263.830401986408
  endloop
endfacet
facet normal 7.67372e-13 -1 0.000960191
  outer loop
    vertex 38.63597570484186 3.623182680084386 266.3935690881661
    vertex 39.30389845357714 3.624699268539977 267.973033291429
    vertex 37.74979709160063 3.625130589379235 268.4222361225143
  endloop
endfacet
facet normal 7.67432e-13 -1 0.000960191
  outer loop
    vertex 51.48763034254772 3.625182335892234 268.4761279664102
    vertex 50.55065001212746 3.62662549412665 269.9791176300911
    vertex 49.22576367837593 3.625415850036809 268.7193232998692
  endloop
endfacet
facet normal 7.6754e-13 -1 0.000960191
  outer loop
    vertex 53.12177864240642 3.620761353587771 263.8718575911756
    vertex 55.28314451257617 3.621134690214593 264.2606722582251
    vertex 54.74414795642728 3.622913113170895 266.1128262746873
  endloop
endfacet
facet normal 7.67359e-13 -1 0.000960191
  outer loop
    vertex 39.49769211728555 3.621136203759311 264.262248565118
    vertex 40.27349572257897 3.622710349742122 265.9016565543413
    vertex 38.63597570484186 3.623182680084386 266.3935690881661
  endloop
endfacet
facet normal 7.65668e-13 -1 0.000960191
  outer loop
    vertex 53.1213203435714 3.631344284019607 274.8935422985418
    vertex 54.83623224947644 3.631855394720468 275.425842970578
    vertex 54.00000000001175 3.633381157317476 277.0148616642072
  endloop
endfacet
facet normal 7.65618e-13 -1 0.000960191
  outer loop
    vertex 54.00000000001176 3.614177340558601 257.014880103553
    vertex 54.84379670091402 3.615672441079765 258.5719655109568
    vertex 53.12132034357141 3.616214213855122 259.1361994692184
  endloop
endfacet
facet normal 7.67335e-13 -1 0.000960191
  outer loop
    vertex 49.28356389637001 3.618290686292771 261.2987597063105
    vertex 47.88984395959958 3.619884235905409 262.9583757758824
    vertex 47.26871523279735 3.617835444915677 260.8246446264316
  endloop
endfacet
facet normal 7.68123e-13 -1 0.000960191
  outer loop
    vertex 31.00000000001188 3.636261731141555 280.0148602812559
    vertex 29.40764253442168 3.637102512154734 280.8904989626574
    vertex 28.87867965645227 3.635418030595394 279.1361810298726
  endloop
endfacet
facet normal 7.6796e-13 -1 0.000960191
  outer loop
    vertex 28.87867965645228 3.612140467242128 254.8935607378877
    vertex 29.79790876119004 3.610365686188075 253.0451996118161
    vertex 31.00000000001189 3.611296766699222 254.0148814865044
  endloop
endfacet
facet normal 7.67319e-13 -1 0.000960191
  outer loop
    vertex 46.51251315701656 3.639084186606143 282.9543309978463
    vertex 44.53632636129143 3.640364822746635 284.2880606177271
    vertex 43.60265333868659 3.638440260255166 282.2837083157511
  endloop
endfacet
facet normal 7.67519e-13 -1 0.000960191
  outer loop
    vertex 30.45025859592912 3.622461761273883 265.6427619453884
    vertex 31.4478084431679 3.620944790359377 264.0628994256393
    vertex 32.76747569336686 3.622145230297881 265.3131080126069
  endloop
endfacet
facet normal 7.67354e-13 -1 0.000960191
  outer loop
    vertex 58.89999999999806 3.628719065791313 272.1594859957523
    vertex 56.83127247240013 3.629540201575363 273.014664983229
    vertex 56.91377924727256 3.627280752100543 270.6615417264161
  endloop
endfacet
facet normal 7.67215e-13 -1 0.000960191
  outer loop
    vertex 36.64588368318103 3.639743369381678 283.6408426258619
    vertex 34.38378389049462 3.639404235390984 283.2876485910029
    vertex 35.29637861313292 3.637285968541634 281.0815612036102
  endloop
endfacet
facet normal 7.67481e-13 -1 0.000960191
  outer loop
    vertex 32.73000358983482 3.629276349580363 272.7398740533274
    vertex 34.12005726355706 3.627700553440684 271.0987474921872
    vertex 34.74171175351606 3.629736317991635 273.2189121439606
  endloop
endfacet
facet normal 7.67416e-13 -1 0.000960191
  outer loop
    vertex 50.75908138957782 3.628426794013561 271.8550970238004
    vertex 50.55065001212746 3.62662549412665 269.9791176300911
    vertex 52.79769039347313 3.626948043904247 270.3150398923594
  endloop
endfacet
facet normal 7.67497e-13 -1 0.000960191
  outer loop
    vertex 26.22732355805068 3.626994863818129 270.3638009190799
    vertex 26.99161224433989 3.629308040305673 272.7728786387118
    vertex 24.49223392012454 3.62850604100558 271.9376295121153
  endloop
endfacet
facet normal 7.67292e-13 -1 0.000960191
  outer loop
    vertex 36.14578561649554 3.608651399888965 251.2598412687426
    vertex 37.68232972810359 3.60729352106899 249.8456665905692
    vertex 38.56220141397287 3.609143142637278 251.7719710180132
  endloop
endfacet
facet normal 7.67406e-13 -1 0.000960191
  outer loop
    vertex 52.79769039347313 3.626948043904247 270.3150398923594
    vertex 50.55065001212746 3.62662549412665 269.9791176300911
    vertex 51.48763034254772 3.625182335892234 268.4761279664102
  endloop
endfacet
facet normal 7.67312e-13 -1 0.000960191
  outer loop
    vertex 32.10179374540047 3.609724163483677 252.3770802241353
    vertex 34.11781220927269 3.608296183859995 250.8898984554198
    vertex 34.54994049827634 3.610332191021248 253.0103157759481
  endloop
endfacet
facet normal 7.67347e-13 -1 0.000960191
  outer loop
    vertex 37.74979709160063 3.625130589379235 268.4222361225143
    vertex 39.30389845357714 3.624699268539977 267.973033291429
    vertex 39.50030217121694 3.626363371130938 269.7061273710663
  endloop
endfacet
facet normal 7.67497e-13 -1 0.000960191
  outer loop
    vertex 54.87734615113731 3.617372388462369 260.3423904599415
    vertex 54.84379670091402 3.615672441079765 258.5719655109568
    vertex 56.6011910425578 3.615957069488188 258.8683942347149
  endloop
endfacet
facet normal 7.68886e-13 -1 0.000960191
  outer loop
    vertex 28.00000000001192 3.633381157297524 277.0148616642072
    vertex 26.04374619886634 3.633433008208555 277.0688622468844
    vertex 26.60222252114476 3.631632054543098 275.1932434278983
  endloop
endfacet
facet normal 7.67316e-13 -1 0.000960191
  outer loop
    vertex 40.24230582751392 3.619095680253633 262.1371276575668
    vertex 42.14277439371062 3.619070045284018 262.1104298945538
    vertex 41.25149913775603 3.620908509696415 264.0251146066196
  endloop
endfacet
facet normal 7.68889e-13 -1 0.000960191
  outer loop
    vertex 26.60222252114476 3.615926443290924 258.836498339862
    vertex 26.04579246804594 3.614126997276216 256.9624496777183
    vertex 28.00000000001194 3.614177340538649 257.0148801035531
  endloop
endfacet
facet normal 7.67338e-13 -1 0.000960191
  outer loop
    vertex 56.54905693709149 3.631595243379736 275.1549060985363
    vertex 54.83623224947644 3.631855394720468 275.425842970578
    vertex 54.83876743475818 3.630195803441448 273.6974472357394
  endloop
endfacet
facet normal 7.67374e-13 -1 0.000960191
  outer loop
    vertex 41.25149913775603 3.620908509696415 264.0251146066196
    vertex 43.11081015967865 3.620913497268039 264.0303089548698
    vertex 42.19930632949635 3.622650304658755 265.8391220798264
  endloop
endfacet
facet normal 7.67316e-13 -1 0.000960191
  outer loop
    vertex 41.16929200055507 3.63029007844247 273.7956307643336
    vertex 42.16856856333826 3.628645808575929 272.0831916466411
    vertex 43.13963034676085 3.630246742093318 273.7504977459829
  endloop
endfacet
facet normal 7.6729e-13 -1 0.000960191
  outer loop
    vertex 32.53926708720565 3.606897777146154 249.4335156530804
    vertex 34.11781220927269 3.608296183859995 250.8898984554198
    vertex 32.10179374540047 3.609724163483677 252.3770802241353
  endloop
endfacet
facet normal 7.67473e-13 -1 0.000960191
  outer loop
    vertex 34.54994049827634 3.610332191021248 253.0103157759481
    vertex 34.11781220927269 3.608296183859995 250.8898984554198
    vertex 36.14578561649554 3.608651399888965 251.2598412687426
  endloop
endfacet
facet normal 7.67293e-13 -1 0.000960191
  outer loop
    vertex 56.8438858470211 3.620170486768175 263.2564942130391
    vertex 55.28314451257617 3.621134690214593 264.2606722582251
    vertex 54.76386024644184 3.619385883073117 262.4393618898829
  endloop
endfacet
facet normal 7.67517e-13 -1 0.000960191
  outer loop
    vertex 42.10790809854736 3.632267347848412 275.8548751396271
    vertex 42.78131334622208 3.633935981057518 277.5926876704542
    vertex 40.94660881751805 3.634202222443681 277.8699670732398
  endloop
endfacet
facet normal 7.67529e-13 -1 0.000960191
  outer loop
    vertex 49.28356389637001 3.618290686292771 261.2987597063105
    vertex 51.17771299959444 3.619343778131703 262.3955113362437
    vertex 49.66631052989304 3.620153148238539 263.2384368566716
  endloop
endfacet
facet normal 7.67324e-13 -1 0.000960191
  outer loop
    vertex 30.82624435265989 3.628257753462131 271.6790482909815
    vertex 32.39309393864347 3.627407226814896 270.7932599344702
    vertex 32.73000358983482 3.629276349580363 272.7398740533274
  endloop
endfacet
facet normal 7.67413e-13 -1 0.000960191
  outer loop
    vertex 49.66631052989304 3.620153148238539 263.2384368566716
    vertex 47.88984395959958 3.619884235905409 262.9583757758824
    vertex 49.28356389637001 3.618290686292771 261.2987597063105
  endloop
endfacet
facet normal 7.67525e-13 -1 0.000960191
  outer loop
    vertex 43.60265333868659 3.638440260255166 282.2837083157511
    vertex 44.53632636129143 3.640364822746635 284.2880606177271
    vertex 42.15240832333181 3.640300807864397 284.2213917651837
  endloop
endfacet
facet normal 7.67515e-13 -1 0.000960191
  outer loop
    vertex 54.76386024644184 3.619385883073117 262.4393618898829
    vertex 55.28314451257617 3.621134690214593 264.2606722582251
    vertex 53.12177864240642 3.620761353587771 263.8718575911756
  endloop
endfacet
facet normal 7.67526e-13 -1 0.000960191
  outer loop
    vertex 32.39309393864347 3.627407226814896 270.7932599344702
    vertex 34.12005726355706 3.627700553440684 271.0987474921872
    vertex 32.73000358983482 3.629276349580363 272.7398740533274
  endloop
endfacet
facet normal 7.67138e-13 -1 0.000960191
  outer loop
    vertex 43.13963034676085 3.630246742093318 273.7504977459829
    vertex 42.16856856333826 3.628645808575929 272.0831916466411
    vertex 43.88056272305518 3.628167050259295 271.5845846430862
  endloop
endfacet
facet normal 7.67422e-13 -1 0.000960191
  outer loop
    vertex 57.59072989863799 3.633606199106977 277.2492333852994
    vertex 55.80715961934536 3.633320169661824 276.9513455397056
    vertex 56.54905693709149 3.631595243379736 275.1549060985363
  endloop
endfacet
facet normal 7.67573e-13 -1 0.000960191
  outer loop
    vertex 56.6011910425578 3.615957069488188 258.8683942347149
    vertex 55.80932427046986 3.614238447017883 257.0785199542408
    vertex 57.59072989863714 3.613928350813974 256.7555675711059
  endloop
endfacet
facet normal 7.67538e-13 -1 0.000960191
  outer loop
    vertex 38.56220141397287 3.609143142637278 251.7719710180132
    vertex 37.68232972810359 3.60729352106899 249.8456665905692
    vertex 39.88463530351125 3.607320508725806 249.8737731181229
  endloop
endfacet
facet normal 7.6729e-13 -1 0.000960191
  outer loop
    vertex 44.75561532764769 3.620814763959833 263.9274822931926
    vertex 43.11081015967865 3.620913497268039 264.0303089548698
    vertex 44.06194710874212 3.619242193519834 262.2897151666324
  endloop
endfacet
facet normal 7.66073e-13 -1 0.000960191
  outer loop
    vertex 54.83623224947644 3.631855394720468 275.425842970578
    vertex 55.80715961934536 3.633320169661824 276.9513455397056
    vertex 54.00000000001175 3.633381157317476 277.0148616642072
  endloop
endfacet
facet normal 7.65873e-13 -1 0.000960191
  outer loop
    vertex 54.00000000001176 3.614177340558601 257.014880103553
    vertex 55.80932427046986 3.614238447017883 257.0785199542408
    vertex 54.84379670091402 3.615672441079765 258.5719655109568
  endloop
endfacet
facet normal 7.67356e-13 -1 0.000960191
  outer loop
    vertex 56.54905693709149 3.631595243379736 275.1549060985363
    vertex 55.80715961934536 3.633320169661824 276.9513455397056
    vertex 54.83623224947644 3.631855394720468 275.425842970578
  endloop
endfacet
facet normal 7.67472e-13 -1 0.000960191
  outer loop
    vertex 54.84379670091402 3.615672441079765 258.5719655109568
    vertex 55.80932427046986 3.614238447017883 257.0785199542408
    vertex 56.6011910425578 3.615957069488188 258.8683942347149
  endloop
endfacet
facet normal 7.67305e-13 -1 0.000960191
  outer loop
    vertex 44.16542101557899 3.622485312620766 265.6672896889509
    vertex 43.11081015967865 3.620913497268039 264.0303089548698
    vertex 44.75561532764769 3.620814763959833 263.9274822931926
  endloop
endfacet
facet normal 0.755972 -0.00788933 -0.654556
  outer loop
    vertex 55.55627000458633 10.61130917730049 254.0244459249868
    vertex 55.73626723046251 10.8681902586931 254.2292354139466
    vertex 55.92434730264797 10.61171735632858 254.4495475145332
  endloop
endfacet
facet normal 0.594002 3.93711e-05 -0.804463
  outer loop
    vertex 52.20845148703617 13.23413431594997 251.0431639959438
    vertex 52.94872260322914 11.39760439315299 251.5896778699768
    vertex 52.21204176259455 10.60844899714487 251.0456864919284
  endloop
endfacet
facet normal 0.671864 -0.00864254 -0.740624
  outer loop
    vertex 54.76364603546406 13.10248829513753 253.1865265841478
    vertex 53.33634992086048 12.54946863337739 251.8981964444611
    vertex 53.80953804416312 15.12278925442033 252.2974242020271
  endloop
endfacet
facet normal 0.703356 0.00666526 -0.710807
  outer loop
    vertex 54.78593040841617 10.61052596862119 253.2087664520424
    vertex 54.49019311682493 10.95404600418069 252.9193505238299
    vertex 54.88471036103851 10.79287274301381 253.3082207806995
  endloop
endfacet
facet normal 0.608396 0.0112394 -0.793554
  outer loop
    vertex 53.80953804416312 15.12278925442033 252.2974242020271
    vertex 53.33634992086048 12.54946863337739 251.8981964444611
    vertex 52.20845148703617 13.23413431594997 251.0431639959438
  endloop
endfacet
facet normal 0.771846 -4.51046e-05 -0.635809
  outer loop
    vertex 55.98277563504058 10.75848413058206 254.5193576178934
    vertex 55.98460803115664 11.10198000919395 254.521557703279
    vertex 56.11884254654828 10.7451039303156 254.6845381713603
  endloop
endfacet
facet normal 0.717851 0.00172799 -0.696194
  outer loop
    vertex 54.88471036103851 10.79287274301381 253.3082207806995
    vertex 55.12897597649896 10.93192640621726 253.5604301461871
    vertex 55.08036514010577 10.61081474019085 253.5095101081799
  endloop
endfacet
facet normal 0.607323 0.0084 -0.794411
  outer loop
    vertex 53.33634992086048 12.54946863337739 251.8981964444611
    vertex 52.94872260322914 11.39760439315299 251.5896778699768
    vertex 52.20845148703617 13.23413431594997 251.0431639959438
  endloop
endfacet
facet normal 0.729776 0.00794814 -0.68364
  outer loop
    vertex 55.63781609400306 12.82878712452502 254.116509013542
    vertex 55.02528053477366 11.93556200883212 253.452250890982
    vertex 54.76364603546406 13.10248829513753 253.1865265841478
  endloop
endfacet
facet normal 0.625219 0.000105868 -0.78045
  outer loop
    vertex 52.20126963341551 18.48550495437625 251.0381217082934
    vertex 54.13168290200948 17.34334116901954 252.5844214767123
    vertex 52.20486079389767 15.8598196350611 251.040642413056
  endloop
endfacet
facet normal 0.728262 -4.31449e-06 -0.685299
  outer loop
    vertex 55.12897597649896 10.93192640621726 253.5604301461871
    vertex 55.27289285146792 10.7931674724535 253.7133702674261
    vertex 55.12879880081662 10.61086345434292 253.5602438844282
  endloop
endfacet
facet normal 0.616621 8.71989e-05 -0.78726
  outer loop
    vertex 52.20486079389767 15.8598196350611 251.040642413056
    vertex 53.80953804416312 15.12278925442033 252.2974242020271
    vertex 52.20845148703617 13.23413431594997 251.0431639959438
  endloop
endfacet
facet normal 0.762786 0.00390846 -0.646639
  outer loop
    vertex 55.92434730264797 10.61171735632858 254.4495475145332
    vertex 55.73626723046251 10.8681902586931 254.2292354139466
    vertex 55.98277563504058 10.75848413058206 254.5193576178934
  endloop
endfacet
facet normal 0.666582 0.00516516 -0.745414
  outer loop
    vertex 54.2059247767843 10.99303659662598 252.6524026126353
    vertex 53.77068613956646 11.06108583664174 252.2636647864985
    vertex 53.65570311347254 11.63219903260672 252.164799337264
  endloop
endfacet
facet normal 0.67579 -0.00516947 -0.737076
  outer loop
    vertex 53.96995472021147 10.60978659619578 252.4387406260425
    vertex 54.2059247767843 10.99303659662598 252.6524026126353
    vertex 54.38339722813982 10.61015056987109 252.817804167414
  endloop
endfacet
facet normal 0.762078 8.17845e-05 -0.647485
  outer loop
    vertex 55.98277563504058 10.75848413058206 254.5193576178934
    vertex 55.73626723046251 10.8681902586931 254.2292354139466
    vertex 55.98460803115664 11.10198000919395 254.521557703279
  endloop
endfacet
facet normal 0.619822 0.0114936 -0.784658
  outer loop
    vertex 52.20486079389767 15.8598196350611 251.040642413056
    vertex 54.13168290200948 17.34334116901954 252.5844214767123
    vertex 53.80953804416312 15.12278925442033 252.2974242020271
  endloop
endfacet
facet normal 0.785471 5.97547e-13 -0.618899
  outer loop
    vertex 56.94999999999069 13.23754501546204 255.781822786207
    vertex 55.63807235706337 14.6185490172181 254.1168001773869
    vertex 56.9499999999887 15.86209343490584 255.781822786207
  endloop
endfacet
facet normal 0.782738 0.0212985 -0.621986
  outer loop
    vertex 56.94999999999069 13.23754501546204 255.781822786207
    vertex 56.09421139891304 11.76293733531393 254.6543618129753
    vertex 55.63781609400306 12.82878712452502 254.116509013542
  endloop
endfacet
facet normal 0.784537 5.96837e-13 -0.620082
  outer loop
    vertex 56.9499999999887 15.86209343490584 255.781822786207
    vertex 55.59917503564948 17.01074088997187 254.0727385623068
    vertex 56.9499999999867 18.48664185434964 255.781822786207
  endloop
endfacet
facet normal 0.785466 -1.17799e-05 -0.618905
  outer loop
    vertex 56.94999999999069 13.23754501546204 255.781822786207
    vertex 55.63781609400306 12.82878712452502 254.116509013542
    vertex 55.63807235706337 14.6185490172181 254.1168001773869
  endloop
endfacet
facet normal 0.778343 0.000452114 -0.627839
  outer loop
    vertex 56.11884254654828 10.7451039303156 254.6845381713603
    vertex 56.25258224230832 11.06263950784243 254.8505664765134
    vertex 56.23582808202239 10.73870796320551 254.8295627582631
  endloop
endfacet
facet normal 0.618174 -0.0190572 -0.78581
  outer loop
    vertex 52.20126963341551 18.48550495437625 251.0381217082934
    vertex 53.58661315140577 19.38420383017342 252.1061365194635
    vertex 54.13168290200948 17.34334116901954 252.5844214767123
  endloop
endfacet
facet normal 0.784978 0.00135292 -0.619522
  outer loop
    vertex 55.63807235706337 14.6185490172181 254.1168001773869
    vertex 55.59917503564948 17.01074088997187 254.0727385623068
    vertex 56.9499999999887 15.86209343490584 255.781822786207
  endloop
endfacet
facet normal 0.728634 7.0943e-06 -0.684903
  outer loop
    vertex 55.63781609400306 12.82878712452502 254.116509013542
    vertex 54.76364603546406 13.10248829513753 253.1865265841478
    vertex 55.63807235706337 14.6185490172181 254.1168001773869
  endloop
endfacet
facet normal 0.705107 -0.00159572 -0.709099
  outer loop
    vertex 53.80953804416312 15.12278925442033 252.2974242020271
    vertex 55.59917503564948 17.01074088997187 254.0727385623068
    vertex 55.63807235706337 14.6185490172181 254.1168001773869
  endloop
endfacet
facet normal 0.750187 -0.0013268 -0.661225
  outer loop
    vertex 55.67677371124174 11.28220867333033 254.1609068299586
    vertex 55.73626723046251 10.8681902586931 254.2292354139466
    vertex 55.51924940900887 10.86099509102524 253.9830342783352
  endloop
endfacet
facet normal 0.706554 0.0166593 -0.707463
  outer loop
    vertex 55.55237648974293 21.11119027379341 254.0200794108447
    vertex 54.7797227076537 19.16394458592725 253.2025639302016
    vertex 53.96121531995313 21.1111902737934 252.4309609984113
  endloop
endfacet
facet normal 0.718728 -0.00145344 -0.695289
  outer loop
    vertex 55.03621032431382 11.39221974617732 253.4635750756846
    vertex 55.12897597649896 10.93192640621726 253.5604301461871
    vertex 54.88471036103851 10.79287274301381 253.3082207806995
  endloop
endfacet
facet normal 0.666969 0.00576624 -0.745063
  outer loop
    vertex 53.65570311347254 11.63219903260672 252.164799337264
    vertex 54.38996437525306 11.87842871141548 252.8240043020092
    vertex 54.2059247767843 10.99303659662598 252.6524026126353
  endloop
endfacet
facet normal 0.794146 -1.58081e-12 -0.607727
  outer loop
    vertex 56.9499999999867 18.48664185434964 255.781822786207
    vertex 55.99664139375174 19.41446065179962 254.5360220271691
    vertex 56.9499999999847 21.11119027379343 255.7818227861976
  endloop
endfacet
facet normal 0.61053 7.50706e-05 -0.791993
  outer loop
    vertex 52.19767795582612 21.1111902737934 251.0356018466838
    vertex 53.58661315140577 19.38420383017342 252.1061365194635
    vertex 52.20126963341551 18.48550495437625 251.0381217082934
  endloop
endfacet
facet normal 0.701191 -0.00383464 -0.712963
  outer loop
    vertex 54.88471036103851 10.79287274301381 253.3082207806995
    vertex 54.49019311682493 10.95404600418069 252.9193505238299
    vertex 54.59099833172812 11.3009710612656 253.0166254306422
  endloop
endfacet
facet normal 0.691542 -0.00146399 -0.722334
  outer loop
    vertex 54.38339722813982 10.61015056987109 252.817804167414
    vertex 54.49019311682493 10.95404600418069 252.9193505238299
    vertex 54.58605979828004 10.61033686915122 253.0118271687271
  endloop
endfacet
facet normal 0.665255 0.0146516 -0.746473
  outer loop
    vertex 53.33634992086048 12.54946863337739 251.8981964444611
    vertex 54.38996437525306 11.87842871141548 252.8240043020092
    vertex 53.65570311347254 11.63219903260672 252.164799337264
  endloop
endfacet
facet normal 0.731946 -0.002769 -0.681357
  outer loop
    vertex 55.17704747983738 10.61091233324115 253.6111492369791
    vertex 55.27289285146792 10.7931674724535 253.7133702674261
    vertex 55.36817430119184 10.61110947675163 253.8164660560766
  endloop
endfacet
facet normal 0.750145 0.00154772 -0.661272
  outer loop
    vertex 55.51924940900887 10.86099509102524 253.9830342783352
    vertex 55.73626723046251 10.8681902586931 254.2292354139466
    vertex 55.55627000458633 10.61130917730049 254.0244459249868
  endloop
endfacet
facet normal 0.789632 -0.0123339 -0.613457
  outer loop
    vertex 55.59917503564948 17.01074088997187 254.0727385623068
    vertex 55.99664139375174 19.41446065179962 254.5360220271691
    vertex 56.9499999999867 18.48664185434964 255.781822786207
  endloop
endfacet
facet normal 0.783314 0.0161388 -0.621417
  outer loop
    vertex 56.9499999999847 21.11119027379343 255.7818227861976
    vertex 55.99664139375174 19.41446065179962 254.5360220271691
    vertex 55.55237648974293 21.11119027379341 254.0200794108447
  endloop
endfacet
facet normal 0.620439 0.0129083 -0.784148
  outer loop
    vertex 53.96121531995313 21.1111902737934 252.4309609984113
    vertex 53.58661315140577 19.38420383017342 252.1061365194635
    vertex 52.19767795582612 21.1111902737934 251.0356018466838
  endloop
endfacet
facet normal 0.775554 0.00342191 -0.631272
  outer loop
    vertex 56.11884254654828 10.7451039303156 254.6845381713603
    vertex 55.98460803115664 11.10198000919395 254.521557703279
    vertex 56.25258224230832 11.06263950784243 254.8505664765134
  endloop
endfacet
facet normal 0.708465 0.0241749 -0.705331
  outer loop
    vertex 54.76364603546406 13.10248829513753 253.1865265841478
    vertex 53.80953804416312 15.12278925442033 252.2974242020271
    vertex 55.63807235706337 14.6185490172181 254.1168001773869
  endloop
endfacet
facet normal 0.708063 0.00405449 -0.706138
  outer loop
    vertex 54.59099833172812 11.3009710612656 253.0166254306422
    vertex 55.03621032431382 11.39221974617732 253.4635750756846
    vertex 54.88471036103851 10.79287274301381 253.3082207806995
  endloop
endfacet
facet normal 0.684925 0.00527482 -0.728595
  outer loop
    vertex 54.59099833172812 11.3009710612656 253.0166254306422
    vertex 54.49019311682493 10.95404600418069 252.9193505238299
    vertex 54.2059247767843 10.99303659662598 252.6524026126353
  endloop
endfacet
facet normal 0.788013 -0.00356531 -0.615648
  outer loop
    vertex 56.27957960171253 10.61213502949416 254.884536855945
    vertex 56.36696163610499 10.75367549716828 254.9955637335826
    vertex 56.45225683574279 10.61234725183686 255.1055576556835
  endloop
endfacet
facet normal 0.710656 -0.0121818 -0.703434
  outer loop
    vertex 53.80953804416312 15.12278925442033 252.2974242020271
    vertex 54.13168290200948 17.34334116901954 252.5844214767123
    vertex 55.59917503564948 17.01074088997187 254.0727385623068
  endloop
endfacet
facet normal 0.737868 0.00806696 -0.674897
  outer loop
    vertex 54.7797227076537 19.16394458592725 253.2025639302016
    vertex 55.99664139375174 19.41446065179962 254.5360220271691
    vertex 55.59917503564948 17.01074088997187 254.0727385623068
  endloop
endfacet
facet normal 0.632221 -0.00515402 -0.774771
  outer loop
    vertex 53.10958557280101 10.60909239791342 251.7157618032494
    vertex 53.36758618854368 10.9888559094367 251.9237666551309
    vertex 53.54471155300292 10.60943332839717 252.0708268128488
  endloop
endfacet
facet normal 0.688187 -0.00243013 -0.725529
  outer loop
    vertex 54.38996437525306 11.87842871141548 252.8240043020092
    vertex 54.59099833172812 11.3009710612656 253.0166254306422
    vertex 54.2059247767843 10.99303659662598 252.6524026126353
  endloop
endfacet
facet normal 0.684734 0.00255609 -0.728788
  outer loop
    vertex 54.2059247767843 10.99303659662598 252.6524026126353
    vertex 54.49019311682493 10.95404600418069 252.9193505238299
    vertex 54.38339722813982 10.61015056987109 252.817804167414
  endloop
endfacet
facet normal 0.708529 -0.000454952 -0.705682
  outer loop
    vertex 55.02528053477366 11.93556200883212 253.452250890982
    vertex 55.03621032431382 11.39221974617732 253.4635750756846
    vertex 54.59099833172812 11.3009710612656 253.0166254306422
  endloop
endfacet
facet normal 0.71204 -0.00276929 -0.702134
  outer loop
    vertex 54.78593040841617 10.61052596862119 253.2087664520424
    vertex 54.88471036103851 10.79287274301381 253.3082207806995
    vertex 54.98294654812923 10.61071780998435 253.4085613038146
  endloop
endfacet
facet normal 0.666215 0.0174242 -0.745556
  outer loop
    vertex 54.76364603546406 13.10248829513753 253.1865265841478
    vertex 54.38996437525306 11.87842871141548 252.8240043020092
    vertex 53.33634992086048 12.54946863337739 251.8981964444611
  endloop
endfacet
facet normal 0.738452 -0.00127729 -0.674305
  outer loop
    vertex 55.27289285146792 10.7931674724535 253.7133702674261
    vertex 55.33744003819389 11.32613781510724 253.7830482655343
    vertex 55.51924940900887 10.86099509102524 253.9830342783352
  endloop
endfacet
facet normal 0.728827 0.00124682 -0.684696
  outer loop
    vertex 55.12897597649896 10.93192640621726 253.5604301461871
    vertex 55.33744003819389 11.32613781510724 253.7830482655343
    vertex 55.27289285146792 10.7931674724535 253.7133702674261
  endloop
endfacet
facet normal 0.632076 -0.0051589 -0.774889
  outer loop
    vertex 53.33634992086048 12.54946863337739 251.8981964444611
    vertex 53.65570311347254 11.63219903260672 252.164799337264
    vertex 52.94872260322914 11.39760439315299 251.5896778699768
  endloop
endfacet
facet normal 0.654286 -0.00447535 -0.756234
  outer loop
    vertex 53.54471155300292 10.60943332839717 252.0708268128488
    vertex 53.77068613956646 11.06108583664174 252.2636647864985
    vertex 53.96995472021147 10.60978659619578 252.4387406260425
  endloop
endfacet
facet normal 0.710438 -0.0139809 -0.703621
  outer loop
    vertex 55.59917503564948 17.01074088997187 254.0727385623068
    vertex 54.13168290200948 17.34334116901954 252.5844214767123
    vertex 54.7797227076537 19.16394458592725 253.2025639302016
  endloop
endfacet
facet normal 0.775261 -0.0016446 -0.631639
  outer loop
    vertex 56.25258224230832 11.06263950784243 254.8505664765134
    vertex 55.98460803115664 11.10198000919395 254.521557703279
    vertex 56.09421139891304 11.76293733531393 254.6543618129753
  endloop
endfacet
facet normal 0.727611 0.000339288 -0.68599
  outer loop
    vertex 55.02528053477366 11.93556200883212 253.452250890982
    vertex 55.33744003819389 11.32613781510724 253.7830482655343
    vertex 55.03621032431382 11.39221974617732 253.4635750756846
  endloop
endfacet
facet normal 0.776815 -0.000540085 -0.629728
  outer loop
    vertex 56.10359402651566 10.61192504074036 254.6658422467434
    vertex 56.11884254654828 10.7451039303156 254.6845381713603
    vertex 56.19199745867314 10.61202975146858 254.7748941429658
  endloop
endfacet
facet normal 0.734577 0.000852301 -0.678525
  outer loop
    vertex 55.63781609400306 12.82878712452502 254.116509013542
    vertex 55.61228772608433 11.7862892997376 254.0875622979189
    vertex 55.02528053477366 11.93556200883212 253.452250890982
  endloop
endfacet
facet normal 0.744227 0.00372727 -0.667916
  outer loop
    vertex 55.51924940900887 10.86099509102524 253.9830342783352
    vertex 55.33744003819389 11.32613781510724 253.7830482655343
    vertex 55.67677371124174 11.28220867333033 254.1609068299586
  endloop
endfacet
facet normal 0.739628 -0.010963 -0.672927
  outer loop
    vertex 55.55237648974293 21.11119027379341 254.0200794108447
    vertex 55.99664139375174 19.41446065179962 254.5360220271691
    vertex 54.7797227076537 19.16394458592725 253.2025639302016
  endloop
endfacet
facet normal 0.675825 -0.00796963 -0.737019
  outer loop
    vertex 54.7797227076537 19.16394458592725 253.2025639302016
    vertex 53.58661315140577 19.38420383017342 252.1061365194635
    vertex 53.96121531995313 21.1111902737934 252.4309609984113
  endloop
endfacet
facet normal 0.677477 0.00857305 -0.735494
  outer loop
    vertex 54.13168290200948 17.34334116901954 252.5844214767123
    vertex 53.58661315140577 19.38420383017342 252.1061365194635
    vertex 54.7797227076537 19.16394458592725 253.2025639302016
  endloop
endfacet
facet normal 0.761567 0.00392851 -0.648074
  outer loop
    vertex 56.09421139891304 11.76293733531393 254.6543618129753
    vertex 55.98460803115664 11.10198000919395 254.521557703279
    vertex 55.67677371124174 11.28220867333033 254.1609068299586
  endloop
endfacet
facet normal 0.703323 -0.00418062 -0.710858
  outer loop
    vertex 55.02528053477366 11.93556200883212 253.452250890982
    vertex 54.38996437525306 11.87842871141548 252.8240043020092
    vertex 54.76364603546406 13.10248829513753 253.1865265841478
  endloop
endfacet
facet normal 0.702785 0.00737694 -0.711364
  outer loop
    vertex 55.02528053477366 11.93556200883212 253.452250890982
    vertex 54.59099833172812 11.3009710612656 253.0166254306422
    vertex 54.38996437525306 11.87842871141548 252.8240043020092
  endloop
endfacet
facet normal 0.66658 0.00515034 -0.745415
  outer loop
    vertex 53.96995472021147 10.60978659619578 252.4387406260425
    vertex 53.77068613956646 11.06108583664174 252.2636647864985
    vertex 54.2059247767843 10.99303659662598 252.6524026126353
  endloop
endfacet
facet normal 0.735502 0.00901004 -0.677463
  outer loop
    vertex 55.61228772608433 11.7862892997376 254.0875622979189
    vertex 55.33744003819389 11.32613781510724 253.7830482655343
    vertex 55.02528053477366 11.93556200883212 253.452250890982
  endloop
endfacet
facet normal 0.741672 -0.00128254 -0.670762
  outer loop
    vertex 55.36817430119184 10.61110947675163 253.8164660560766
    vertex 55.51924940900887 10.86099509102524 253.9830342783352
    vertex 55.55627000458633 10.61130917730049 254.0244459249868
  endloop
endfacet
facet normal 0.767665 -0.000786783 -0.640851
  outer loop
    vertex 55.92434730264797 10.61171735632858 254.4495475145332
    vertex 55.98277563504058 10.75848413058206 254.5193576178934
    vertex 56.01437527321548 10.61182090611692 254.5573903398413
  endloop
endfacet
facet normal 0.615351 -0.00207585 -0.78825
  outer loop
    vertex 52.88849835272521 10.60892667628015 251.5431695707933
    vertex 52.99923913323363 10.8519382530751 251.6289798574241
    vertex 53.10958557280101 10.60909239791342 251.7157618032494
  endloop
endfacet
facet normal 0.761181 0.00234745 -0.648535
  outer loop
    vertex 55.98460803115664 11.10198000919395 254.521557703279
    vertex 55.73626723046251 10.8681902586931 254.2292354139466
    vertex 55.67677371124174 11.28220867333033 254.1609068299586
  endloop
endfacet
facet normal 0.623877 0.00420653 -0.781511
  outer loop
    vertex 53.10958557280101 10.60909239791342 251.7157618032494
    vertex 52.99923913323363 10.8519382530751 251.6289798574241
    vertex 53.36758618854368 10.9888559094367 251.9237666551309
  endloop
endfacet
facet normal 0.781328 -0.00099689 -0.62412
  outer loop
    vertex 56.19199745867314 10.61202975146858 254.7748941429658
    vertex 56.23582808202239 10.73870796320551 254.8295627582631
    vertex 56.27957960171253 10.61213502949416 254.884536855945
  endloop
endfacet
facet normal 0.761905 0.00323048 -0.64768
  outer loop
    vertex 55.61228772608433 11.7862892997376 254.0875622979189
    vertex 56.09421139891304 11.76293733531393 254.6543618129753
    vertex 55.67677371124174 11.28220867333033 254.1609068299586
  endloop
endfacet
facet normal 0.784612 0.00193497 -0.619984
  outer loop
    vertex 56.27957960171253 10.61213502949416 254.884536855945
    vertex 56.23582808202239 10.73870796320551 254.8295627582631
    vertex 56.36696163610499 10.75367549716828 254.9955637335826
  endloop
endfacet
facet normal 0.62914 0.00943981 -0.777235
  outer loop
    vertex 52.94872260322914 11.39760439315299 251.5896778699768
    vertex 53.65570311347254 11.63219903260672 252.164799337264
    vertex 53.36758618854368 10.9888559094367 251.9237666551309
  endloop
endfacet
facet normal 0.644177 0.00426709 -0.764864
  outer loop
    vertex 53.36758618854368 10.9888559094367 251.9237666551309
    vertex 53.77068613956646 11.06108583664174 252.2636647864985
    vertex 53.54471155300292 10.60943332839717 252.0708268128488
  endloop
endfacet
facet normal 0.644886 -0.00246771 -0.764274
  outer loop
    vertex 53.65570311347254 11.63219903260672 252.164799337264
    vertex 53.77068613956646 11.06108583664174 252.2636647864985
    vertex 53.36758618854368 10.9888559094367 251.9237666551309
  endloop
endfacet
facet normal 0.76183 -0.000668844 -0.647777
  outer loop
    vertex 55.63781609400306 12.82878712452502 254.116509013542
    vertex 56.09421139891304 11.76293733531393 254.6543618129753
    vertex 55.61228772608433 11.7862892997376 254.0875622979189
  endloop
endfacet
facet normal 0.784716 -0.00039508 -0.619856
  outer loop
    vertex 56.23582808202239 10.73870796320551 254.8295627582631
    vertex 56.25258224230832 11.06263950784243 254.8505664765134
    vertex 56.36696163610499 10.75367549716828 254.9955637335826
  endloop
endfacet
facet normal 0.7378 0.00388918 -0.675009
  outer loop
    vertex 55.36817430119184 10.61110947675163 253.8164660560766
    vertex 55.27289285146792 10.7931674724535 253.7133702674261
    vertex 55.51924940900887 10.86099509102524 253.9830342783352
  endloop
endfacet
facet normal 0.743896 -0.00207254 -0.668292
  outer loop
    vertex 55.67677371124174 11.28220867333033 254.1609068299586
    vertex 55.33744003819389 11.32613781510724 253.7830482655343
    vertex 55.61228772608433 11.7862892997376 254.0875622979189
  endloop
endfacet
facet normal 0.72782 0.002383 -0.685765
  outer loop
    vertex 55.03621032431382 11.39221974617732 253.4635750756846
    vertex 55.33744003819389 11.32613781510724 253.7830482655343
    vertex 55.12897597649896 10.93192640621726 253.5604301461871
  endloop
endfacet
facet normal 0.778368 0.00161814 -0.627807
  outer loop
    vertex 56.11884254654828 10.7451039303156 254.6845381713603
    vertex 56.23582808202239 10.73870796320551 254.8295627582631
    vertex 56.19199745867314 10.61202975146858 254.7748941429658
  endloop
endfacet
facet normal 0.624482 0.00155837 -0.781037
  outer loop
    vertex 53.36758618854368 10.9888559094367 251.9237666551309
    vertex 52.99923913323363 10.8519382530751 251.6289798574241
    vertex 52.94872260322914 11.39760439315299 251.5896778699768
  endloop
endfacet
facet normal 0.816917 2.69286e-12 -0.576756
  outer loop
    vertex 56.94999999999069 13.23754501546204 255.781822786207
    vertex 56.94999999999268 10.61299659601826 255.7818227861976
    vertex 56.90970145056767 10.61294178935974 255.7247439162631
  endloop
endfacet
facet normal 0.586617 0.0106081 -0.809795
  outer loop
    vertex 52.21204176259455 10.60844899714487 251.0456864919284
    vertex 52.94872260322914 11.39760439315299 251.5896778699768
    vertex 52.66516112102921 10.60876417530808 251.3739315238788
  endloop
endfacet
facet normal 0.814845 9.5405e-05 -0.57968
  outer loop
    vertex 56.94999999999069 13.23754501546204 255.781822786207
    vertex 56.90970145056767 10.61294178935974 255.7247439162631
    vertex 56.86918630831004 10.61288710511978 255.6677925401895
  endloop
endfacet
facet normal 0.795366 0.00184418 -0.606127
  outer loop
    vertex 56.86918630831004 10.61288710511978 255.6677925401895
    vertex 56.09421139891304 11.76293733531393 254.6543618129753
    vertex 56.94999999999069 13.23754501546204 255.781822786207
  endloop
endfacet
facet normal 0.603941 0.00621495 -0.797005
  outer loop
    vertex 52.66516112102921 10.60876417530808 251.3739315238788
    vertex 52.99923913323363 10.8519382530751 251.6289798574241
    vertex 52.88849835272521 10.60892667628015 251.5431695707933
  endloop
endfacet
facet normal 0.607276 -0.00100352 -0.79449
  outer loop
    vertex 52.94872260322914 11.39760439315299 251.5896778699768
    vertex 52.99923913323363 10.8519382530751 251.6289798574241
    vertex 52.66516112102921 10.60876417530808 251.3739315238788
  endloop
endfacet
facet normal 0.701856 0.00411067 -0.712307
  outer loop
    vertex 54.58605979828004 10.61033686915122 253.0118271687271
    vertex 54.49019311682493 10.95404600418069 252.9193505238299
    vertex 54.78593040841617 10.61052596862119 253.2087664520424
  endloop
endfacet
facet normal 0.725784 0.00414734 -0.68791
  outer loop
    vertex 55.12879880081662 10.61086345434292 253.5602438844282
    vertex 55.27289285146792 10.7931674724535 253.7133702674261
    vertex 55.17704747983738 10.61091233324115 253.6111492369791
  endloop
endfacet
facet normal 0.719563 0.00554565 -0.694405
  outer loop
    vertex 54.98294654812923 10.61071780998435 253.4085613038146
    vertex 54.88471036103851 10.79287274301381 253.3082207806995
    vertex 55.08036514010577 10.61081474019085 253.5095101081799
  endloop
endfacet
facet normal 0.723313 1.44529e-06 -0.69052
  outer loop
    vertex 55.08036514010577 10.61081474019085 253.5095101081799
    vertex 55.12897597649896 10.93192640621726 253.5604301461871
    vertex 55.12879880081662 10.61086345434292 253.5602438844282
  endloop
endfacet
facet normal 0.773403 0.00043825 -0.633914
  outer loop
    vertex 56.05908618668579 10.61187290086806 254.6115407244488
    vertex 56.11884254654828 10.7451039303156 254.6845381713603
    vertex 56.10359402651566 10.61192504074036 254.6658422467434
  endloop
endfacet
facet normal 0.804996 0.0303742 -0.592502
  outer loop
    vertex 56.62158075055756 10.61256163586017 255.3288297564536
    vertex 56.25258224230832 11.06263950784243 254.8505664765134
    vertex 56.78750861940686 10.61277810858021 255.5542771485506
  endloop
endfacet
facet normal 0.796736 0.0105826 -0.604235
  outer loop
    vertex 56.45225683574279 10.61234725183686 255.1055576556835
    vertex 56.36696163610499 10.75367549716828 254.9955637335826
    vertex 56.62158075055756 10.61256163586017 255.3288297564536
  endloop
endfacet
facet normal 0.796932 0.0115879 -0.603958
  outer loop
    vertex 56.36696163610499 10.75367549716828 254.9955637335826
    vertex 56.25258224230832 11.06263950784243 254.8505664765134
    vertex 56.62158075055756 10.61256163586017 255.3288297564536
  endloop
endfacet
facet normal 0.771115 0.00103427 -0.636695
  outer loop
    vertex 56.01437527321548 10.61182090611692 254.5573903398413
    vertex 55.98277563504058 10.75848413058206 254.5193576178934
    vertex 56.05908618668579 10.61187290086806 254.6115407244488
  endloop
endfacet
facet normal 0.771929 0.00208058 -0.635705
  outer loop
    vertex 55.98277563504058 10.75848413058206 254.5193576178934
    vertex 56.11884254654828 10.7451039303156 254.6845381713603
    vertex 56.05908618668579 10.61187290086806 254.6115407244488
  endloop
endfacet
facet normal 0.811278 0.0322682 -0.58377
  outer loop
    vertex 56.78750861940686 10.61277810858021 255.5542771485506
    vertex 56.09421139891304 11.76293733531393 254.6543618129753
    vertex 56.86918630831004 10.61288710511978 255.6677925401895
  endloop
endfacet
facet normal 0.799976 0.0128382 -0.599895
  outer loop
    vertex 56.25258224230832 11.06263950784243 254.8505664765134
    vertex 56.09421139891304 11.76293733531393 254.6543618129753
    vertex 56.78750861940686 10.61277810858021 255.5542771485506
  endloop
endfacet
facet normal -1 1.16117e-14 0
  outer loop
    vertex 48.20000000001157 16.1303945521613 273.05
    vertex 48.20000000001157 16.1303945521613 275.1833333333333
    vertex 48.20000000001159 17.96615135085213 275.525
  endloop
endfacet
facet normal -1 1.14838e-14 9.49063e-17
  outer loop
    vertex 48.20000000001159 17.98679616579909 273.0269552742464
    vertex 48.20000000001157 16.1303945521613 273.05
    vertex 48.20000000001159 17.96615135085213 275.525
  endloop
endfacet
facet normal -1 -3.52521e-14 -2.1419e-14
  outer loop
    vertex 48.20000000001153 21.11119027379341 282.935616552072
    vertex 48.2000000000116 21.1111902737934 279.95
    vertex 48.20000000001162 19.64547626568294 281.3671187927019
  endloop
endfacet
facet normal -1 1.71882e-14 -6.03453e-16
  outer loop
    vertex 48.20000000001153 14.60625559576551 271.1121020589307
    vertex 48.20000000001156 15.77953763717114 269.2069813936414
    vertex 48.20000000001151 12.88985671161843 269.3221756481663
  endloop
endfacet
facet normal -1 1.88165e-14 1.55507e-16
  outer loop
    vertex 48.20000000001161 19.1111902737935 274.05
    vertex 48.20000000001159 17.98679616579909 273.0269552742464
    vertex 48.20000000001159 17.96615135085213 275.525
  endloop
endfacet
facet normal -1 1.85795e-14 -1.19912e-15
  outer loop
    vertex 48.20000000001158 17.0923795785241 271.0196624313944
    vertex 48.20000000001159 17.98679616579909 273.0269552742464
    vertex 48.20000000001162 19.46602618858434 272.244452732064
  endloop
endfacet
facet normal -1 1.49753e-14 -1.32032e-15
  outer loop
    vertex 48.20000000001159 17.85373991385953 261.084669484496
    vertex 48.20000000001158 17.07331117881356 262.9960823910864
    vertex 48.20000000001161 19.34198463190583 261.8198471610692
  endloop
endfacet
facet normal -1 1.7287e-14 1.87477e-15
  outer loop
    vertex 48.20000000001151 12.88985671161843 269.3221756481663
    vertex 48.20000000001156 15.77953763717114 269.2069813936414
    vertex 48.20000000001153 14.76459520774281 267.1955605887995
  endloop
endfacet
facet normal -1 1.21904e-14 -1.17052e-17
  outer loop
    vertex 48.20000000001147 10.60844899714179 251.0456864919283
    vertex 48.20000000001147 10.61013140355478 252.7978432459641
    vertex 48.20000000001149 12.35875420864267 252.8151443249155
  endloop
endfacet
facet normal -1 1.2056e-14 -2.03379e-14
  outer loop
    vertex 48.20000000001147 10.63740084143393 281.1978358932732
    vertex 48.20000000001144 10.63907909899218 282.9456717865464
    vertex 48.20000000001149 12.37807890379628 281.1815739188666
  endloop
endfacet
facet normal -1 1.58283e-14 9.55438e-16
  outer loop
    vertex 48.20000000001156 15.77953763717114 269.2069813936414
    vertex 48.20000000001161 18.91009629322781 269.4024066065736
    vertex 48.20000000001158 17.25317969964892 267.1043874138936
  endloop
endfacet
facet normal -1 1.65385e-14 1.18615e-15
  outer loop
    vertex 48.20000000001158 17.46151407282479 253.0901951172962
    vertex 48.20000000001161 19.1111902737935 254.05
    vertex 48.20000000001162 19.64328148520321 252.6213602598085
  endloop
endfacet
facet normal -1 1.64295e-14 -5.038e-16
  outer loop
    vertex 48.20000000001161 18.90601720308737 264.5905282020545
    vertex 48.20000000001156 15.89534064762016 265.1347995258783
    vertex 48.20000000001158 17.25317969964892 267.1043874138936
  endloop
endfacet
facet normal -1 1.65848e-14 -1.23887e-15
  outer loop
    vertex 48.20000000001161 19.1111902737935 279.95
    vertex 48.20000000001158 17.46922001072028 280.910468084079
    vertex 48.20000000001162 19.64547626568294 281.3671187927019
  endloop
endfacet
facet normal -1 1.71074e-14 1.65386e-15
  outer loop
    vertex 48.20000000001161 18.91009629322781 269.4024066065736
    vertex 48.20000000001158 17.0923795785241 271.0196624313944
    vertex 48.20000000001162 19.46602618858434 272.244452732064
  endloop
endfacet
facet normal -1 1.56032e-14 -1.09341e-16
  outer loop
    vertex 48.20000000001158 17.07331117881356 262.9960823910864
    vertex 48.20000000001161 18.90601720308737 264.5905282020545
    vertex 48.20000000001161 19.34198463190583 261.8198471610692
  endloop
endfacet
facet normal -1 1.16688e-14 5.2707e-14
  outer loop
    vertex 48.20000000001147 10.61013140355478 252.7978432459641
    vertex 48.20000000001156 10.61181380996777 254.55
    vertex 48.20000000001149 12.35875420864267 252.8151443249155
  endloop
endfacet
facet normal -1 1.21319e-14 -1.22075e-14
  outer loop
    vertex 48.20000000001149 10.63572258387568 279.45
    vertex 48.20000000001147 10.63740084143393 281.1978358932732
    vertex 48.20000000001149 12.37807890379628 281.1815739188666
  endloop
endfacet
facet normal -1 1.39824e-14 7.39457e-16
  outer loop
    vertex 48.20000000001158 17.6925559817906 255.6081581488845
    vertex 48.20000000001156 16.11119027379255 256.6833333333333
    vertex 48.20000000001158 17.56657972338872 257.9902485803696
  endloop
endfacet
facet normal -1 1.0099e-14 -1.54993e-15
  outer loop
    vertex 48.20000000001157 16.1303945521613 277.3166666666667
    vertex 48.20000000001158 17.70257139430215 278.3919208036602
    vertex 48.20000000001159 17.96615135085213 275.525
  endloop
endfacet
facet normal -1 1.82003e-14 -1.67001e-15
  outer loop
    vertex 48.20000000001161 19.1111902737935 254.05
    vertex 48.20000000001158 17.46151407282479 253.0901951172962
    vertex 48.20000000001158 17.6925559817906 255.6081581488845
  endloop
endfacet
facet normal -1 1.83014e-14 1.69568e-15
  outer loop
    vertex 48.20000000001158 17.46922001072028 280.910468084079
    vertex 48.20000000001161 19.1111902737935 279.95
    vertex 48.20000000001158 17.70257139430215 278.3919208036602
  endloop
endfacet
facet normal -1 2.06673e-14 2.07821e-15
  outer loop
    vertex 48.20000000001151 13.37998595450422 273.05
    vertex 48.20000000001157 16.1303945521613 273.05
    vertex 48.20000000001153 14.60625559576551 271.1121020589307
  endloop
endfacet
facet normal -1 1.81088e-14 6.89314e-17
  outer loop
    vertex 48.20000000001156 16.11119027379255 260.95
    vertex 48.20000000001151 13.36457465539444 260.95
    vertex 48.20000000001153 14.53285230931724 263.2732117627138
  endloop
endfacet
facet normal -1 1.7035e-14 8.53805e-17
  outer loop
    vertex 48.20000000001161 18.91009629322781 269.4024066065736
    vertex 48.20000000001161 19.33925716114354 266.997763917598
    vertex 48.20000000001158 17.25317969964892 267.1043874138936
  endloop
endfacet
facet normal -1 1.70249e-14 -1.12336e-16
  outer loop
    vertex 48.20000000001161 19.33925716114354 266.997763917598
    vertex 48.20000000001161 18.90601720308737 264.5905282020545
    vertex 48.20000000001158 17.25317969964892 267.1043874138936
  endloop
endfacet
facet normal -1 1.86162e-14 0
  outer loop
    vertex 48.20000000001161 19.1111902737935 277
    vertex 48.20000000001161 19.1111902737935 274.05
    vertex 48.20000000001159 17.96615135085213 275.525
  endloop
endfacet
facet normal -1 1.62329e-14 -4.01039e-15
  outer loop
    vertex 48.20000000001151 13.2341343163047 251.0431653306172
    vertex 48.20000000001147 10.60844899714179 251.0456864919283
    vertex 48.20000000001149 12.35875420864267 252.8151443249155
  endloop
endfacet
facet normal -1 1.84006e-14 0
  outer loop
    vertex 48.20000000001161 19.1111902737935 259.95
    vertex 48.20000000001161 19.1111902737935 257
    vertex 48.20000000001158 17.56657972338872 257.9902485803696
  endloop
endfacet
facet normal -1 -1.3614e-14 -4.56427e-14
  outer loop
    vertex 48.20000000001144 10.63907909899218 282.9456717865464
    vertex 48.2000000000114 13.25710689269248 282.9431579779277
    vertex 48.20000000001149 12.37807890379628 281.1815739188666
  endloop
endfacet
facet normal -1 7.75889e-15 -7.80721e-15
  outer loop
    vertex 48.20000000001151 13.38305856801849 279.45
    vertex 48.20000000001149 10.63572258387568 279.45
    vertex 48.20000000001149 12.37807890379628 281.1815739188666
  endloop
endfacet
facet normal -1 0 4.09569e-14
  outer loop
    vertex 48.20000000001156 10.61181380996777 254.55
    vertex 48.20000000001156 13.36150204188017 254.55
    vertex 48.20000000001149 12.35875420864267 252.8151443249155
  endloop
endfacet
facet normal -1 1.43614e-14 -1.31777e-15
  outer loop
    vertex 48.20000000001158 17.46151407282479 253.0901951172962
    vertex 48.20000000001156 16.11119027379255 254.55
    vertex 48.20000000001158 17.6925559817906 255.6081581488845
  endloop
endfacet
facet normal -1 2.41002e-14 2.23296e-15
  outer loop
    vertex 48.20000000001155 16.1303945521613 279.45
    vertex 48.20000000001158 17.46922001072028 280.910468084079
    vertex 48.20000000001158 17.70257139430215 278.3919208036602
  endloop
endfacet
facet normal -1 1.58714e-14 2.6462e-16
  outer loop
    vertex 48.20000000001156 15.77953763717114 269.2069813936414
    vertex 48.20000000001158 17.0923795785241 271.0196624313944
    vertex 48.20000000001161 18.91009629322781 269.4024066065736
  endloop
endfacet
facet normal -1 1.63463e-14 -9.63554e-16
  outer loop
    vertex 48.20000000001158 17.07331117881356 262.9960823910864
    vertex 48.20000000001156 15.89534064762016 265.1347995258783
    vertex 48.20000000001161 18.90601720308737 264.5905282020545
  endloop
endfacet
facet normal -1 1.57392e-14 -2.53379e-15
  outer loop
    vertex 48.20000000001161 18.4855049546305 251.0381230079951
    vertex 48.20000000001158 17.46151407282479 253.0901951172962
    vertex 48.20000000001162 19.64328148520321 252.6213602598085
  endloop
endfacet
facet normal -1 3.96436e-14 -1.1113e-13
  outer loop
    vertex 48.20000000001158 17.46922001072028 280.910468084079
    vertex 48.2000000000114 18.49316248009309 282.9381303606905
    vertex 48.20000000001162 19.64547626568294 281.3671187927019
  endloop
endfacet
facet normal -1 2.0177e-14 0
  outer loop
    vertex 48.20000000001161 19.1111902737935 279.95
    vertex 48.20000000001161 19.1111902737935 277
    vertex 48.20000000001158 17.70257139430215 278.3919208036602
  endloop
endfacet
facet normal -1 2.00346e-14 0
  outer loop
    vertex 48.20000000001161 19.1111902737935 257
    vertex 48.20000000001161 19.1111902737935 254.05
    vertex 48.20000000001158 17.6925559817906 255.6081581488845
  endloop
endfacet
facet normal -1 1.73233e-14 4.70823e-15
  outer loop
    vertex 48.20000000001153 14.60625559576551 271.1121020589307
    vertex 48.20000000001157 16.1303945521613 273.05
    vertex 48.20000000001158 17.0923795785241 271.0196624313944
  endloop
endfacet
facet normal -1 1.66833e-14 -8.9953e-16
  outer loop
    vertex 48.20000000001156 16.11119027379255 260.95
    vertex 48.20000000001153 14.53285230931724 263.2732117627138
    vertex 48.20000000001158 17.07331117881356 262.9960823910864
  endloop
endfacet
facet normal -1 -8.81091e-15 6.72371e-15
  outer loop
    vertex 48.2000000000116 21.1111902737934 271.23
    vertex 48.20000000001161 18.91009629322781 269.4024066065736
    vertex 48.20000000001162 19.46602618858434 272.244452732064
  endloop
endfacet
facet normal -1 1.61935e-14 9.10734e-16
  outer loop
    vertex 48.2000000000115 12.59216022114933 266.8135485263967
    vertex 48.20000000001151 12.88985671161843 269.3221756481663
    vertex 48.20000000001153 14.76459520774281 267.1955605887995
  endloop
endfacet
facet normal -1 -6.1365e-15 -3.53009e-15
  outer loop
    vertex 48.20000000001161 18.90601720308737 264.5905282020545
    vertex 48.2000000000116 21.1111902737934 262.77
    vertex 48.20000000001161 19.34198463190583 261.8198471610692
  endloop
endfacet
facet normal -1 1.16556e-14 3.33067e-15
  outer loop
    vertex 48.20000000001156 16.11119027379255 256.6833333333333
    vertex 48.20000000001157 16.11119027379255 258.8166666666667
    vertex 48.20000000001158 17.56657972338872 257.9902485803696
  endloop
endfacet
facet normal -1 1.16117e-14 0
  outer loop
    vertex 48.20000000001157 16.1303945521613 275.1833333333333
    vertex 48.20000000001157 16.1303945521613 277.3166666666667
    vertex 48.20000000001159 17.96615135085213 275.525
  endloop
endfacet
facet normal -1 -8.01997e-15 -0
  outer loop
    vertex 48.2000000000116 21.1111902737934 268.41
    vertex 48.2000000000116 21.1111902737934 265.59
    vertex 48.20000000001161 19.33925716114354 266.997763917598
  endloop
endfacet
facet normal -1 -9.84956e-15 5.03931e-15
  outer loop
    vertex 48.20000000001161 21.1111902737934 274.05
    vertex 48.2000000000116 21.1111902737934 271.23
    vertex 48.20000000001162 19.46602618858434 272.244452732064
  endloop
endfacet
facet normal -1 -8.03234e-15 -0
  outer loop
    vertex 48.2000000000116 21.1111902737934 262.77
    vertex 48.2000000000116 21.1111902737934 259.95
    vertex 48.20000000001161 19.34198463190583 261.8198471610692
  endloop
endfacet
facet normal -1 1.94995e-14 -6.85669e-16
  outer loop
    vertex 48.20000000001158 17.70257139430215 278.3919208036602
    vertex 48.20000000001161 19.1111902737935 277
    vertex 48.20000000001159 17.96615135085213 275.525
  endloop
endfacet
facet normal -1 1.56932e-14 -1.50685e-17
  outer loop
    vertex 48.20000000001147 10.62493002890681 268.21
    vertex 48.20000000001147 10.62725369287697 270.63
    vertex 48.20000000001151 12.88985671161843 269.3221756481663
  endloop
endfacet
facet normal -1 1.51644e-14 -1.45607e-17
  outer loop
    vertex 48.20000000001147 10.62028270096648 263.37
    vertex 48.20000000001147 10.62260636493664 265.79
    vertex 48.2000000000115 12.49568716232952 264.5821655921583
  endloop
endfacet
facet normal -1 1.90463e-14 1.00726e-15
  outer loop
    vertex 48.20000000001161 19.1111902737935 257
    vertex 48.20000000001158 17.6925559817906 255.6081581488845
    vertex 48.20000000001158 17.56657972338872 257.9902485803696
  endloop
endfacet
facet normal -1 1.51795e-14 1.03106e-15
  outer loop
    vertex 48.2000000000115 12.59216022114933 266.8135485263967
    vertex 48.20000000001147 10.62493002890681 268.21
    vertex 48.20000000001151 12.88985671161843 269.3221756481663
  endloop
endfacet
facet normal -1 1.47622e-14 -6.38239e-16
  outer loop
    vertex 48.20000000001147 10.62260636493664 265.79
    vertex 48.2000000000115 12.59216022114933 266.8135485263967
    vertex 48.2000000000115 12.49568716232952 264.5821655921583
  endloop
endfacet
facet normal -1 1.44377e-14 -1.3863e-17
  outer loop
    vertex 48.20000000001147 10.62260636493664 265.79
    vertex 48.20000000001147 10.62493002890681 268.21
    vertex 48.2000000000115 12.59216022114933 266.8135485263967
  endloop
endfacet
facet normal -1 1.7496e-14 8.79489e-17
  outer loop
    vertex 48.20000000001153 14.53285230931724 263.2732117627138
    vertex 48.2000000000115 12.49568716232952 264.5821655921583
    vertex 48.20000000001153 14.11557325801569 265.4937088688862
  endloop
endfacet
facet normal -1 -3.22216e-15 -0
  outer loop
    vertex 48.2000000000116 21.1111902737934 265.59
    vertex 48.2000000000116 21.1111902737934 262.77
    vertex 48.20000000001161 18.90601720308737 264.5905282020545
  endloop
endfacet
facet normal -1 -3.22813e-15 -0
  outer loop
    vertex 48.2000000000116 21.1111902737934 271.23
    vertex 48.2000000000116 21.1111902737934 268.41
    vertex 48.20000000001161 18.91009629322781 269.4024066065736
  endloop
endfacet
facet normal -1 1.71243e-14 -6.42817e-16
  outer loop
    vertex 48.20000000001153 14.60625559576551 271.1121020589307
    vertex 48.20000000001158 17.0923795785241 271.0196624313944
    vertex 48.20000000001156 15.77953763717114 269.2069813936414
  endloop
endfacet
facet normal -1 1.66974e-14 -7.70184e-16
  outer loop
    vertex 48.20000000001158 17.07331117881356 262.9960823910864
    vertex 48.20000000001153 14.53285230931724 263.2732117627138
    vertex 48.20000000001156 15.89534064762016 265.1347995258783
  endloop
endfacet
facet normal -1 0 1.67163e-14
  outer loop
    vertex 48.20000000001156 13.36150204188017 254.55
    vertex 48.20000000001156 16.11119027379255 254.55
    vertex 48.20000000001153 14.75914292701751 252.8497657139393
  endloop
endfacet
facet normal -1 1.29315e-14 2.20381e-15
  outer loop
    vertex 48.20000000001155 16.1303945521613 279.45
    vertex 48.20000000001151 13.38305856801849 279.45
    vertex 48.20000000001153 14.73719335103452 281.1766937825172
  endloop
endfacet
facet normal -1 1.59276e-14 -2.06781e-16
  outer loop
    vertex 48.20000000001156 15.89534064762016 265.1347995258783
    vertex 48.20000000001153 14.53285230931724 263.2732117627138
    vertex 48.20000000001153 14.11557325801569 265.4937088688862
  endloop
endfacet
facet normal -1 1.64074e-14 1.45317e-16
  outer loop
    vertex 48.20000000001153 14.60625559576551 271.1121020589307
    vertex 48.20000000001151 12.88985671161843 269.3221756481663
    vertex 48.2000000000115 12.43887882019411 271.3448960818848
  endloop
endfacet
facet normal -1 1.55004e-14 -2.20941e-16
  outer loop
    vertex 48.20000000001147 10.62957735684714 273.05
    vertex 48.20000000001151 13.37998595450422 273.05
    vertex 48.2000000000115 12.43887882019411 271.3448960818848
  endloop
endfacet
facet normal -1 1.55219e-14 -3.10427e-15
  outer loop
    vertex 48.20000000001151 13.36457465539444 260.95
    vertex 48.20000000001147 10.61795903699631 260.95
    vertex 48.20000000001149 12.3262711730008 262.6250754709744
  endloop
endfacet
facet normal -1 1.87305e-14 2.0092e-15
  outer loop
    vertex 48.2000000000115 12.49568716232952 264.5821655921583
    vertex 48.20000000001153 14.53285230931724 263.2732117627138
    vertex 48.20000000001149 12.3262711730008 262.6250754709744
  endloop
endfacet
facet normal -1 1.82061e-14 2.2386e-15
  outer loop
    vertex 48.20000000001156 16.11119027379255 254.55
    vertex 48.20000000001158 17.46151407282479 253.0901951172962
    vertex 48.20000000001153 14.75914292701751 252.8497657139393
  endloop
endfacet
facet normal -1 -4.96499e-15 3.84526e-15
  outer loop
    vertex 48.20000000001161 19.33925716114354 266.997763917598
    vertex 48.2000000000116 21.1111902737934 265.59
    vertex 48.20000000001161 18.90601720308737 264.5905282020545
  endloop
endfacet
facet normal -1 -4.95948e-15 -3.84001e-15
  outer loop
    vertex 48.2000000000116 21.1111902737934 268.41
    vertex 48.20000000001161 19.33925716114354 266.997763917598
    vertex 48.20000000001161 18.91009629322781 269.4024066065736
  endloop
endfacet
facet normal -1 1.88887e-14 7.01043e-15
  outer loop
    vertex 48.20000000001155 16.1303945521613 279.45
    vertex 48.20000000001153 14.73719335103452 281.1766937825172
    vertex 48.20000000001158 17.46922001072028 280.910468084079
  endloop
endfacet
facet normal -1 -7.10543e-15 8.7702e-16
  outer loop
    vertex 48.2000000000116 21.1111902737934 259.95
    vertex 48.20000000001161 19.1111902737935 259.95
    vertex 48.20000000001161 19.34198463190583 261.8198471610692
  endloop
endfacet
facet normal -1 1.24897e-14 -1.19925e-17
  outer loop
    vertex 48.20000000001147 10.61795903699631 260.95
    vertex 48.20000000001147 10.62028270096648 263.37
    vertex 48.20000000001149 12.3262711730008 262.6250754709744
  endloop
endfacet
facet normal -1 1.56945e-14 -1.50697e-17
  outer loop
    vertex 48.20000000001147 10.62725369287697 270.63
    vertex 48.20000000001147 10.62957735684714 273.05
    vertex 48.2000000000115 12.43887882019411 271.3448960818848
  endloop
endfacet
facet normal -1 0 -3.93533e-15
  outer loop
    vertex 48.20000000001161 19.1111902737935 274.05
    vertex 48.20000000001161 21.1111902737934 274.05
    vertex 48.20000000001162 19.46602618858434 272.244452732064
  endloop
endfacet
facet normal -1 1.8942e-14 -9.35584e-16
  outer loop
    vertex 48.20000000001161 18.4855049546305 251.0381230079951
    vertex 48.20000000001156 15.8598196354676 251.0406441693061
    vertex 48.20000000001158 17.46151407282479 253.0901951172962
  endloop
endfacet
facet normal -1 -8.7441e-17 -9.10662e-14
  outer loop
    vertex 48.2000000000114 15.87513468639278 282.9406441693091
    vertex 48.2000000000114 18.49316248009309 282.9381303606905
    vertex 48.20000000001158 17.46922001072028 280.910468084079
  endloop
endfacet
facet normal -1 1.34797e-14 0
  outer loop
    vertex 48.20000000001156 16.11119027379255 254.55
    vertex 48.20000000001156 16.11119027379255 256.6833333333333
    vertex 48.20000000001158 17.6925559817906 255.6081581488845
  endloop
endfacet
facet normal -1 1.62349e-14 -1.90529e-15
  outer loop
    vertex 48.20000000001156 15.8598196354676 251.0406441693061
    vertex 48.20000000001151 13.2341343163047 251.0431653306172
    vertex 48.20000000001153 14.75914292701751 252.8497657139393
  endloop
endfacet
facet normal -1 -7.34423e-17 -7.64872e-14
  outer loop
    vertex 48.2000000000114 13.25710689269248 282.9431579779277
    vertex 48.2000000000114 15.87513468639278 282.9406441693091
    vertex 48.20000000001153 14.73719335103452 281.1766937825172
  endloop
endfacet
facet normal -1 1.58728e-14 -9.99201e-15
  outer loop
    vertex 48.20000000001157 16.1303945521613 277.3166666666667
    vertex 48.20000000001155 16.1303945521613 279.45
    vertex 48.20000000001158 17.70257139430215 278.3919208036602
  endloop
endfacet
facet normal -1 2.71284e-15 6.992e-15
  outer loop
    vertex 48.20000000001161 21.1111902737934 251.035601846684
    vertex 48.20000000001161 18.4855049546305 251.0381230079951
    vertex 48.20000000001162 19.64328148520321 252.6213602598085
  endloop
endfacet
facet normal -1 5.14683e-14 -1.02457e-13
  outer loop
    vertex 48.2000000000114 18.49316248009309 282.9381303606905
    vertex 48.20000000001153 21.11119027379341 282.935616552072
    vertex 48.20000000001162 19.64547626568294 281.3671187927019
  endloop
endfacet
facet normal -1 1.63195e-14 -6.72995e-16
  outer loop
    vertex 48.20000000001151 13.37998595450422 273.05
    vertex 48.20000000001153 14.60625559576551 271.1121020589307
    vertex 48.2000000000115 12.43887882019411 271.3448960818848
  endloop
endfacet
facet normal -1 1.95069e-14 -6.3412e-16
  outer loop
    vertex 48.20000000001153 14.53285230931724 263.2732117627138
    vertex 48.20000000001151 13.36457465539444 260.95
    vertex 48.20000000001149 12.3262711730008 262.6250754709744
  endloop
endfacet
facet normal -1 1.63685e-14 -7.51492e-16
  outer loop
    vertex 48.20000000001156 16.11119027379255 260.95
    vertex 48.20000000001158 17.07331117881356 262.9960823910864
    vertex 48.20000000001159 17.85373991385953 261.084669484496
  endloop
endfacet
facet normal -1 1.15068e-14 1.95236e-15
  outer loop
    vertex 48.20000000001158 17.0923795785241 271.0196624313944
    vertex 48.20000000001157 16.1303945521613 273.05
    vertex 48.20000000001159 17.98679616579909 273.0269552742464
  endloop
endfacet
facet normal -1 0 -4.97356e-15
  outer loop
    vertex 48.20000000001161 19.1111902737935 254.05
    vertex 48.20000000001161 21.1111902737934 254.05
    vertex 48.20000000001162 19.64328148520321 252.6213602598085
  endloop
endfacet
facet normal -1 -7.10543e-15 7.6929e-15
  outer loop
    vertex 48.2000000000116 21.1111902737934 279.95
    vertex 48.20000000001161 19.1111902737935 279.95
    vertex 48.20000000001162 19.64547626568294 281.3671187927019
  endloop
endfacet
facet normal -1 1.84547e-14 -5.54774e-16
  outer loop
    vertex 48.20000000001158 17.46151407282479 253.0901951172962
    vertex 48.20000000001156 15.8598196354676 251.0406441693061
    vertex 48.20000000001153 14.75914292701751 252.8497657139393
  endloop
endfacet
facet normal -1 1.01119e-14 -8.30578e-14
  outer loop
    vertex 48.20000000001153 14.73719335103452 281.1766937825172
    vertex 48.2000000000114 15.87513468639278 282.9406441693091
    vertex 48.20000000001158 17.46922001072028 280.910468084079
  endloop
endfacet
facet normal -1 1.7096e-14 -9.63287e-16
  outer loop
    vertex 48.20000000001158 17.25317969964892 267.1043874138936
    vertex 48.20000000001156 15.89534064762016 265.1347995258783
    vertex 48.20000000001153 14.76459520774281 267.1955605887995
  endloop
endfacet
facet normal -1 1.56939e-14 -1.37474e-17
  outer loop
    vertex 48.20000000001151 12.88985671161843 269.3221756481663
    vertex 48.20000000001147 10.62725369287697 270.63
    vertex 48.2000000000115 12.43887882019411 271.3448960818848
  endloop
endfacet
facet normal -1 1.35675e-14 2.45614e-15
  outer loop
    vertex 48.20000000001147 10.62028270096648 263.37
    vertex 48.2000000000115 12.49568716232952 264.5821655921583
    vertex 48.20000000001149 12.3262711730008 262.6250754709744
  endloop
endfacet
facet normal -1 1.7983e-14 -7.77489e-16
  outer loop
    vertex 48.2000000000115 12.49568716232952 264.5821655921583
    vertex 48.2000000000115 12.59216022114933 266.8135485263967
    vertex 48.20000000001153 14.11557325801569 265.4937088688862
  endloop
endfacet
facet normal -1 1.56107e-14 -1.77823e-15
  outer loop
    vertex 48.20000000001153 14.76459520774281 267.1955605887995
    vertex 48.20000000001156 15.89534064762016 265.1347995258783
    vertex 48.20000000001153 14.11557325801569 265.4937088688862
  endloop
endfacet
facet normal -1 1.79444e-14 -6.13903e-14
  outer loop
    vertex 48.2000000000114 13.25710689269248 282.9431579779277
    vertex 48.20000000001153 14.73719335103452 281.1766937825172
    vertex 48.20000000001149 12.37807890379628 281.1815739188666
  endloop
endfacet
facet normal -1 1.78073e-14 -3.23261e-15
  outer loop
    vertex 48.20000000001153 14.75914292701751 252.8497657139393
    vertex 48.20000000001151 13.2341343163047 251.0431653306172
    vertex 48.20000000001149 12.35875420864267 252.8151443249155
  endloop
endfacet
facet normal -1 1.46726e-14 -3.33067e-15
  outer loop
    vertex 48.20000000001157 16.11119027379255 258.8166666666667
    vertex 48.20000000001156 16.11119027379255 260.95
    vertex 48.20000000001158 17.30737393089807 259.8195494624013
  endloop
endfacet
facet normal -1 1.58451e-14 -1.22662e-15
  outer loop
    vertex 48.20000000001159 17.85373991385953 261.084669484496
    vertex 48.20000000001161 19.1111902737935 259.95
    vertex 48.20000000001158 17.30737393089807 259.8195494624013
  endloop
endfacet
facet normal -1 1.52531e-14 -1.88269e-15
  outer loop
    vertex 48.20000000001161 19.1111902737935 259.95
    vertex 48.20000000001159 17.85373991385953 261.084669484496
    vertex 48.20000000001161 19.34198463190583 261.8198471610692
  endloop
endfacet
facet normal -1 1.91198e-14 -1.77806e-16
  outer loop
    vertex 48.20000000001159 17.98679616579909 273.0269552742464
    vertex 48.20000000001161 19.1111902737935 274.05
    vertex 48.20000000001162 19.46602618858434 272.244452732064
  endloop
endfacet
facet normal -1 1.73143e-14 3.09492e-14
  outer loop
    vertex 48.20000000001156 13.36150204188017 254.55
    vertex 48.20000000001153 14.75914292701751 252.8497657139393
    vertex 48.20000000001149 12.35875420864267 252.8151443249155
  endloop
endfacet
facet normal -1 1.80677e-14 -1.82415e-15
  outer loop
    vertex 48.20000000001153 14.73719335103452 281.1766937825172
    vertex 48.20000000001151 13.38305856801849 279.45
    vertex 48.20000000001149 12.37807890379628 281.1815739188666
  endloop
endfacet
facet normal -1 1.55966e-14 2.20999e-15
  outer loop
    vertex 48.20000000001161 19.1111902737935 259.95
    vertex 48.20000000001158 17.56657972338872 257.9902485803696
    vertex 48.20000000001158 17.30737393089807 259.8195494624013
  endloop
endfacet
facet normal -1 1.72015e-14 1.91791e-15
  outer loop
    vertex 48.20000000001156 15.77953763717114 269.2069813936414
    vertex 48.20000000001158 17.25317969964892 267.1043874138936
    vertex 48.20000000001153 14.76459520774281 267.1955605887995
  endloop
endfacet
facet normal -1 1.67422e-14 -2.20972e-15
  outer loop
    vertex 48.2000000000115 12.59216022114933 266.8135485263967
    vertex 48.20000000001153 14.76459520774281 267.1955605887995
    vertex 48.20000000001153 14.11557325801569 265.4937088688862
  endloop
endfacet
facet normal -1 1.64246e-14 -1.47685e-15
  outer loop
    vertex 48.20000000001156 16.11119027379255 260.95
    vertex 48.20000000001159 17.85373991385953 261.084669484496
    vertex 48.20000000001158 17.30737393089807 259.8195494624013
  endloop
endfacet
facet normal -1 1.06187e-14 1.50463e-15
  outer loop
    vertex 48.20000000001158 17.56657972338872 257.9902485803696
    vertex 48.20000000001157 16.11119027379255 258.8166666666667
    vertex 48.20000000001158 17.30737393089807 259.8195494624013
  endloop
endfacet
facet normal -1 -4.84051e-15 -0
  outer loop
    vertex 48.20000000001161 21.1111902737934 254.05
    vertex 48.20000000001161 21.1111902737934 251.035601846684
    vertex 48.20000000001162 19.64328148520321 252.6213602598085
  endloop
endfacet
facet normal -0 0 -1
  outer loop
    vertex 50.9999999999999 10.63572258387783 279.45
    vertex 48.20000000001149 10.63572258387568 279.45
    vertex 49.60000000000464 12.00939052046073 279.45
  endloop
endfacet
facet normal 0 0 -1
  outer loop
    vertex 48.20000000001155 16.1303945521613 279.45
    vertex 50.9999999999999 16.13039433020945 279.45
    vertex 49.6000000544495 14.75672639362654 279.45
  endloop
endfacet
facet normal 0 0 -1
  outer loop
    vertex 48.20000000001151 13.38305856801849 279.45
    vertex 48.20000000001155 16.1303945521613 279.45
    vertex 49.6000000544495 14.75672639362654 279.45
  endloop
endfacet
facet normal 0 0 -1
  outer loop
    vertex 48.20000000001149 10.63572258387568 279.45
    vertex 48.20000000001151 13.38305856801849 279.45
    vertex 49.60000000000464 12.00939052046073 279.45
  endloop
endfacet
facet normal 0 -0 -1
  outer loop
    vertex 50.9999999999999 13.38305845704364 279.45
    vertex 50.9999999999999 10.63572258387783 279.45
    vertex 49.60000000000464 12.00939052046073 279.45
  endloop
endfacet
facet normal 0 -0 -1
  outer loop
    vertex 50.9999999999999 16.13039433020945 279.45
    vertex 50.9999999999999 13.38305845704364 279.45
    vertex 49.6000000544495 14.75672639362654 279.45
  endloop
endfacet
facet normal -0 0 -1
  outer loop
    vertex 50.9999999999999 13.38305845704364 279.45
    vertex 49.60000000000464 12.00939052046073 279.45
    vertex 49.6000000544495 14.75672639362654 279.45
  endloop
endfacet
facet normal 0 0 -1
  outer loop
    vertex 49.60000000000464 12.00939052046073 279.45
    vertex 48.20000000001151 13.38305856801849 279.45
    vertex 49.6000000544495 14.75672639362654 279.45
  endloop
endfacet
facet normal 0.704034 0.00372586 0.710157
  outer loop
    vertex 53.81999253434066 17.18078977001566 281.6934608387354
    vertex 53.93486276246919 14.72969988512491 281.5924406908539
    vertex 55.57384845263065 16.97467860991043 279.9558072415329
  endloop
endfacet
facet normal 0.709843 -0.00475298 0.704344
  outer loop
    vertex 53.93486276246919 14.72969988512491 281.5924406908539
    vertex 55.69998583126957 14.57772982278246 279.8125101584535
    vertex 55.57384845263065 16.97467860991043 279.9558072415329
  endloop
endfacet
facet normal 0.78393 5.95474e-13 0.620849
  outer loop
    vertex 56.9499999999867 18.49202765480469 278.218177213807
    vertex 55.57384845263065 16.97467860991043 279.9558072415329
    vertex 56.94999999998869 15.872865035816 278.218177213807
  endloop
endfacet
facet normal 0.620575 -9.29636e-05 0.784147
  outer loop
    vertex 52.2278970165732 13.25710689306537 282.9431593038432
    vertex 53.93486276246919 14.72969988512491 281.5924406908539
    vertex 52.23146508190602 15.87513468681783 282.9406459127414
  endloop
endfacet
facet normal 0.710745 0.0192779 0.703186
  outer loop
    vertex 54.79217162414492 12.57484594352907 280.7849919075106
    vertex 55.69998583126957 14.57772982278246 279.8125101584535
    vertex 53.93486276246919 14.72969988512491 281.5924406908539
  endloop
endfacet
facet normal 0.702606 -0.0184116 0.711341
  outer loop
    vertex 53.81999253434066 17.18078977001566 281.6934608387354
    vertex 55.57384845263065 16.97467860991043 279.9558072415329
    vertex 54.79741091767683 19.17835711981898 280.7797478920615
  endloop
endfacet
facet normal 0.707138 -0.0165788 0.706881
  outer loop
    vertex 55.55960135019498 10.63622362721841 279.9718159300632
    vertex 54.79217162414492 12.57484594352907 280.7849919075106
    vertex 53.9774310067784 10.63774340019119 281.5545966781739
  endloop
endfacet
facet normal 0.707463 0.0165358 0.706557
  outer loop
    vertex 53.98611551717542 21.11119027379342 281.5468485856758
    vertex 54.79741091767683 19.17835711981898 280.7797478920615
    vertex 55.56347172143698 21.11119027379341 279.9674705096602
  endloop
endfacet
facet normal 0.78696 5.97776e-13 0.617005
  outer loop
    vertex 56.94999999998869 15.872865035816 278.218177213807
    vertex 55.69998583126957 14.57772982278246 279.8125101584535
    vertex 56.94999999999068 13.25370241682732 278.218177213807
  endloop
endfacet
facet normal 0.617576 -8.62385e-05 0.786511
  outer loop
    vertex 52.23146508190602 15.87513468681783 282.9406459127414
    vertex 53.81999253434066 17.18078977001566 281.6934608387354
    vertex 52.23503268842494 18.49316248035856 282.9381316499237
  endloop
endfacet
facet normal 0.608347 -6.64135e-05 0.793671
  outer loop
    vertex 52.23503268842494 18.49316248035856 282.9381316499237
    vertex 53.47037742670038 19.42420397667532 281.9913203833299
    vertex 52.238599784018 21.11119027379342 282.935616552072
  endloop
endfacet
facet normal 0.794402 3.87507e-14 0.607392
  outer loop
    vertex 56.9499999999847 21.11119027379339 278.2181772138094
    vertex 56.00713048294477 19.42954013853625 279.4513467009746
    vertex 56.9499999999867 18.49202765480469 278.218177213807
  endloop
endfacet
facet normal 0.794298 6.0335e-13 0.607528
  outer loop
    vertex 56.94999999999068 13.25370241682732 278.218177213807
    vertex 56.00287152358283 12.32482567034696 279.4564780755584
    vertex 56.94999999999267 10.63453979783863 278.218177213807
  endloop
endfacet
facet normal 0.607925 -6.66393e-05 0.793995
  outer loop
    vertex 52.22432854453839 10.63907909899527 282.9456717865464
    vertex 53.46351490996602 12.32244215393796 281.9970262415272
    vertex 52.2278970165732 13.25710689306537 282.9431593038432
  endloop
endfacet
facet normal 0.619227 -0.00334169 0.785205
  outer loop
    vertex 52.23146508190602 15.87513468681783 282.9406459127414
    vertex 53.93486276246919 14.72969988512491 281.5924406908539
    vertex 53.81999253434066 17.18078977001566 281.6934608387354
  endloop
endfacet
facet normal 0.789453 -0.0132327 0.613668
  outer loop
    vertex 56.9499999999867 18.49202765480469 278.218177213807
    vertex 56.00713048294477 19.42954013853625 279.4513467009746
    vertex 55.57384845263065 16.97467860991043 279.9558072415329
  endloop
endfacet
facet normal 0.78525 0.00430759 0.619164
  outer loop
    vertex 55.57384845263065 16.97467860991043 279.9558072415329
    vertex 55.69998583126957 14.57772982278246 279.8125101584535
    vertex 56.94999999998869 15.872865035816 278.218177213807
  endloop
endfacet
facet normal 0.613839 0.0124711 0.789333
  outer loop
    vertex 52.2278970165732 13.25710689306537 282.9431593038432
    vertex 53.46351490996602 12.32244215393796 281.9970262415272
    vertex 53.93486276246919 14.72969988512491 281.5924406908539
  endloop
endfacet
facet normal 0.78348 -0.0160847 0.621209
  outer loop
    vertex 56.94999999999267 10.63453979783863 278.218177213807
    vertex 56.00287152358283 12.32482567034696 279.4564780755584
    vertex 55.55960135019498 10.63622362721841 279.9718159300632
  endloop
endfacet
facet normal 0.622086 0.0160593 0.782784
  outer loop
    vertex 52.238599784018 21.11119027379342 282.935616552072
    vertex 53.47037742670038 19.42420397667532 281.9913203833299
    vertex 53.98611551717542 21.11119027379342 281.5468485856758
  endloop
endfacet
facet normal 0.621494 -0.0161089 0.783253
  outer loop
    vertex 53.9774310067784 10.63774340019119 281.5545966781739
    vertex 53.46351490996602 12.32244215393796 281.9970262415272
    vertex 52.22432854453839 10.63907909899527 282.9456717865464
  endloop
endfacet
facet normal 0.738569 0.00817275 0.674129
  outer loop
    vertex 55.57384845263065 16.97467860991043 279.9558072415329
    vertex 56.00713048294477 19.42954013853625 279.4513467009746
    vertex 54.79741091767683 19.17835711981898 280.7797478920615
  endloop
endfacet
facet normal 0.78358 0.0161071 0.621082
  outer loop
    vertex 55.56347172143698 21.11119027379341 279.9674705096602
    vertex 56.00713048294477 19.42954013853625 279.4513467009746
    vertex 56.9499999999847 21.11119027379339 278.2181772138094
  endloop
endfacet
facet normal 0.674755 -0.00808454 0.737997
  outer loop
    vertex 53.93486276246919 14.72969988512491 281.5924406908539
    vertex 53.46351490996602 12.32244215393796 281.9970262415272
    vertex 54.79217162414492 12.57484594352907 280.7849919075106
  endloop
endfacet
facet normal 0.738417 -0.00728759 0.674305
  outer loop
    vertex 54.79217162414492 12.57484594352907 280.7849919075106
    vertex 56.00287152358283 12.32482567034696 279.4564780755584
    vertex 55.69998583126957 14.57772982278246 279.8125101584535
  endloop
endfacet
facet normal 0.674961 0.00722585 0.737818
  outer loop
    vertex 54.79741091767683 19.17835711981898 280.7797478920615
    vertex 53.47037742670038 19.42420397667532 281.9913203833299
    vertex 53.81999253434066 17.18078977001566 281.6934608387354
  endloop
endfacet
facet normal 0.790776 0.00959314 0.61203
  outer loop
    vertex 55.69998583126957 14.57772982278246 279.8125101584535
    vertex 56.00287152358283 12.32482567034696 279.4564780755584
    vertex 56.94999999999068 13.25370241682732 278.218177213807
  endloop
endfacet
facet normal 0.612754 -0.00942569 0.790217
  outer loop
    vertex 53.81999253434066 17.18078977001566 281.6934608387354
    vertex 53.47037742670038 19.42420397667532 281.9913203833299
    vertex 52.23503268842494 18.49316248035856 282.9381316499237
  endloop
endfacet
facet normal 0.740099 0.0109287 0.672409
  outer loop
    vertex 55.55960135019498 10.63622362721841 279.9718159300632
    vertex 56.00287152358283 12.32482567034696 279.4564780755584
    vertex 54.79217162414492 12.57484594352907 280.7849919075106
  endloop
endfacet
facet normal 0.672763 0.0109484 0.739777
  outer loop
    vertex 54.79217162414492 12.57484594352907 280.7849919075106
    vertex 53.46351490996602 12.32244215393796 281.9970262415272
    vertex 53.9774310067784 10.63774340019119 281.5545966781739
  endloop
endfacet
facet normal 0.673102 -0.0109491 0.739469
  outer loop
    vertex 53.98611551717542 21.11119027379342 281.5468485856758
    vertex 53.47037742670038 19.42420397667532 281.9913203833299
    vertex 54.79741091767683 19.17835711981898 280.7797478920615
  endloop
endfacet
facet normal 0.74035 -0.0109659 0.672132
  outer loop
    vertex 54.79741091767683 19.17835711981898 280.7797478920615
    vertex 56.00713048294477 19.42954013853625 279.4513467009746
    vertex 55.56347172143698 21.11119027379341 279.9674705096602
  endloop
endfacet
facet normal -0.988546 0.150921 -0.000144913
  outer loop
    vertex 53.1217622187823 10.63219387926259 275.7749999645112
    vertex 53.12176221878231 10.63454634905261 278.2250000354888
    vertex 53.44999914721912 12.78335026308725 277.0020441685635
  endloop
endfacet
facet normal -0.39578 0 0.918345
  outer loop
    vertex 50.9999999999999 16.13039433020945 274.55
    vertex 50.9999999999999 13.38070598732178 274.55
    vertex 52.780968018276 14.33241859012467 275.3175455673696
  endloop
endfacet
facet normal -0.392038 0 -0.919949
  outer loop
    vertex 50.9999999999999 13.38305845704364 279.45
    vertex 50.9999999999999 16.13039433020945 279.45
    vertex 52.76720954418256 14.36526806612105 278.6969002407183
  endloop
endfacet
facet normal -0.496104 -0.124591 0.859278
  outer loop
    vertex 53.12176223927178 16.1303941082576 275.775
    vertex 50.9999999999999 16.13039433020945 274.55
    vertex 52.780968018276 14.33241859012467 275.3175455673696
  endloop
endfacet
facet normal -0.367982 0 -0.929833
  outer loop
    vertex 50.9999999999999 10.63572258387783 279.45
    vertex 50.9999999999999 13.38305845704364 279.45
    vertex 52.67659452521214 12.45649420841898 278.786485599726
  endloop
endfacet
facet normal -0.368771 0 0.92952
  outer loop
    vertex 50.9999999999999 13.38070598732178 274.55
    vertex 50.9999999999999 10.63101764443411 274.55
    vertex 52.67962213898128 12.45026518104699 275.2163606109295
  endloop
endfacet
facet normal -0.495758 -0.129984 -0.858678
  outer loop
    vertex 50.9999999999999 16.13039433020945 279.45
    vertex 53.12176223927178 16.1303941082576 278.225
    vertex 52.76720954418256 14.36526806612105 278.6969002407183
  endloop
endfacet
facet normal -0.494783 0.143255 -0.857127
  outer loop
    vertex 53.12176221878231 10.63454634905261 278.2250000354888
    vertex 50.9999999999999 10.63572258387783 279.45
    vertex 52.67659452521214 12.45649420841898 278.786485599726
  endloop
endfacet
facet normal -0.494921 0.142998 0.857091
  outer loop
    vertex 50.9999999999999 10.63101764443411 274.55
    vertex 53.1217622187823 10.63219387926259 275.7749999645112
    vertex 52.67962213898128 12.45026518104699 275.2163606109295
  endloop
endfacet
facet normal -0.906898 -0.0950865 -0.410481
  outer loop
    vertex 53.44999914721912 12.78335026308725 277.0020441685635
    vertex 53.12176221878231 10.63454634905261 278.2250000354888
    vertex 52.67659452521214 12.45649420841898 278.786485599726
  endloop
endfacet
facet normal -0.907483 -0.0949524 0.409217
  outer loop
    vertex 53.1217622187823 10.63219387926259 275.7749999645112
    vertex 53.44999914721912 12.78335026308725 277.0020441685635
    vertex 52.67962213898128 12.45026518104699 275.2163606109295
  endloop
endfacet
facet normal -0.974345 -0.225058 -0
  outer loop
    vertex 53.12176223927178 16.1303941082576 278.225
    vertex 53.12176223927178 16.1303941082576 275.775
    vertex 53.44999999999991 14.70935259339503 277
  endloop
endfacet
facet normal -0.927687 -0.000395854 -0.373358
  outer loop
    vertex 53.44999999999991 14.70935259339503 277
    vertex 53.44999914721912 12.78335026308725 277.0020441685635
    vertex 52.76720954418256 14.36526806612105 278.6969002407183
  endloop
endfacet
facet normal -0.929257 0.000392511 0.369433
  outer loop
    vertex 53.44999914721912 12.78335026308725 277.0020441685635
    vertex 53.44999999999991 14.70935259339503 277
    vertex 52.780968018276 14.33241859012467 275.3175455673696
  endloop
endfacet
facet normal -0.91891 0.0251473 -0.393664
  outer loop
    vertex 53.44999914721912 12.78335026308725 277.0020441685635
    vertex 52.67659452521214 12.45649420841898 278.786485599726
    vertex 52.76720954418256 14.36526806612105 278.6969002407183
  endloop
endfacet
facet normal -0.919745 0.0284781 0.391483
  outer loop
    vertex 52.67962213898128 12.45026518104699 275.2163606109295
    vertex 53.44999914721912 12.78335026308725 277.0020441685635
    vertex 52.780968018276 14.33241859012467 275.3175455673696
  endloop
endfacet
facet normal -0.37995 -0.0253601 -0.924659
  outer loop
    vertex 52.67659452521214 12.45649420841898 278.786485599726
    vertex 50.9999999999999 13.38305845704364 279.45
    vertex 52.76720954418256 14.36526806612105 278.6969002407183
  endloop
endfacet
facet normal -0.382479 -0.0290531 0.923507
  outer loop
    vertex 50.9999999999999 13.38070598732178 274.55
    vertex 52.67962213898128 12.45026518104699 275.2163606109295
    vertex 52.780968018276 14.33241859012467 275.3175455673696
  endloop
endfacet
facet normal -0.93224 0.0873614 0.351135
  outer loop
    vertex 53.44999999999991 14.70935259339503 277
    vertex 53.12176223927178 16.1303941082576 275.775
    vertex 52.780968018276 14.33241859012467 275.3175455673696
  endloop
endfacet
facet normal -0.930106 0.0917448 -0.355648
  outer loop
    vertex 53.12176223927178 16.1303941082576 278.225
    vertex 53.44999999999991 14.70935259339503 277
    vertex 52.76720954418256 14.36526806612105 278.6969002407183
  endloop
endfacet
facet normal -0 -0.000960191 -1
  outer loop
    vertex 50.19883897791887 21.1111902737934 251.035601846684
    vertex 50.33769145264344 19.14068303889349 251.0374939114211
    vertex 48.20000000001161 21.1111902737934 251.035601846684
  endloop
endfacet
facet normal -1.45933e-13 -0.000960191 -1
  outer loop
    vertex 48.20000000001161 21.1111902737934 251.035601846684
    vertex 50.33769145264344 19.14068303889349 251.0374939114211
    vertex 48.20000000001161 18.4855049546305 251.0381230079951
  endloop
endfacet
facet normal -8.53146e-14 -0.000960191 -1
  outer loop
    vertex 52.19767795582612 21.1111902737934 251.0356018466838
    vertex 50.33769145264344 19.14068303889349 251.0374939114211
    vertex 50.19883897791887 21.1111902737934 251.035601846684
  endloop
endfacet
facet normal -5.23649e-07 -0.000959697 -1
  outer loop
    vertex 52.20126963341551 18.48550495437625 251.0381217082934
    vertex 50.33769145264344 19.14068303889349 251.0374939114211
    vertex 52.19767795582612 21.1111902737934 251.0356018466838
  endloop
endfacet
facet normal 7.1579e-14 -0.000960191 -1
  outer loop
    vertex 48.20000000001147 10.60844899714179 251.0456864919283
    vertex 49.39861447141452 11.83827272219527 251.0445056253666
    vertex 50.20602088130301 10.60844899714333 251.0456864919284
  endloop
endfacet
facet normal -6.76674e-07 -0.000960418 -1
  outer loop
    vertex 50.80436852558544 11.53509279563506 251.0447967362227
    vertex 50.34400513701151 12.91138956485224 251.0434752274562
    vertex 52.20845148703617 13.23413431594997 251.0431639959438
  endloop
endfacet
facet normal 6.03254e-14 -0.000960191 -1
  outer loop
    vertex 48.20000000001151 13.2341343163047 251.0431653306172
    vertex 49.39861447141452 11.83827272219527 251.0445056253666
    vertex 48.20000000001147 10.60844899714179 251.0456864919283
  endloop
endfacet
facet normal -2.98079e-15 -0.000960191 -1
  outer loop
    vertex 50.20602088130301 10.60844899714333 251.0456864919284
    vertex 49.39861447141452 11.83827272219527 251.0445056253666
    vertex 50.80436852558544 11.53509279563506 251.0447967362227
  endloop
endfacet
facet normal -4.2044e-14 -0.000960191 -1
  outer loop
    vertex 48.20000000001156 15.8598196354676 251.0406441693061
    vertex 50.25622082922112 14.71166397446352 251.0417466188686
    vertex 48.20000000001151 13.2341343163047 251.0431653306172
  endloop
endfacet
facet normal -7.49214e-14 -0.000960191 -1
  outer loop
    vertex 48.20000000001156 15.8598196354676 251.0406441693061
    vertex 50.23334045153348 17.09049936597113 251.0394624808148
    vertex 50.25622082922112 14.71166397446352 251.0417466188686
  endloop
endfacet
facet normal -1.04007e-13 -0.000960191 -1
  outer loop
    vertex 48.20000000001161 18.4855049546305 251.0381230079951
    vertex 50.23334045153348 17.09049936597113 251.0394624808148
    vertex 48.20000000001156 15.8598196354676 251.0406441693061
  endloop
endfacet
facet normal -8.06017e-07 -0.000960353 -1
  outer loop
    vertex 52.20845148703617 13.23413431594997 251.0431639959438
    vertex 50.25622082922112 14.71166397446352 251.0417466188686
    vertex 52.20486079389767 15.8598196350611 251.040642413056
  endloop
endfacet
facet normal -8.9619e-07 -0.0009602 -1
  outer loop
    vertex 50.25622082922112 14.71166397446352 251.0417466188686
    vertex 50.23334045153348 17.09049936597113 251.0394624808148
    vertex 52.20486079389767 15.8598196350611 251.040642413056
  endloop
endfacet
facet normal -7.82939e-07 -0.000960018 -1
  outer loop
    vertex 52.20486079389767 15.8598196350611 251.040642413056
    vertex 50.23334045153348 17.09049936597113 251.0394624808148
    vertex 52.20126963341551 18.48550495437625 251.0381217082934
  endloop
endfacet
facet normal 7.36326e-16 -0.000960191 -1
  outer loop
    vertex 50.20602088130301 10.60844899714333 251.0456864919284
    vertex 50.80436852558544 11.53509279563506 251.0447967362227
    vertex 51.20903132194879 10.6084489971441 251.0456864919284
  endloop
endfacet
facet normal -6.69425e-15 -0.000960191 -1
  outer loop
    vertex 48.20000000001151 13.2341343163047 251.0431653306172
    vertex 50.34400513701151 12.91138956485224 251.0434752274562
    vertex 49.39861447141452 11.83827272219527 251.0445056253666
  endloop
endfacet
facet normal -3.1443e-15 -0.000960191 -1
  outer loop
    vertex 49.39861447141452 11.83827272219527 251.0445056253666
    vertex 50.34400513701151 12.91138956485224 251.0434752274562
    vertex 50.80436852558544 11.53509279563506 251.0447967362227
  endloop
endfacet
facet normal -4.30734e-15 -0.000960191 -1
  outer loop
    vertex 50.25622082922112 14.71166397446352 251.0417466188686
    vertex 50.34400513701151 12.91138956485224 251.0434752274562
    vertex 48.20000000001151 13.2341343163047 251.0431653306172
  endloop
endfacet
facet normal -1.32986e-13 -0.000960191 -1
  outer loop
    vertex 48.20000000001161 18.4855049546305 251.0381230079951
    vertex 50.33769145264344 19.14068303889349 251.0374939114211
    vertex 50.23334045153348 17.09049936597113 251.0394624808148
  endloop
endfacet
facet normal -7.09863e-07 -0.000960226 -1
  outer loop
    vertex 52.20845148703617 13.23413431594997 251.0431639959438
    vertex 50.34400513701151 12.91138956485224 251.0434752274562
    vertex 50.25622082922112 14.71166397446352 251.0417466188686
  endloop
endfacet
facet normal -6.85162e-07 -0.000960156 -1
  outer loop
    vertex 50.23334045153348 17.09049936597113 251.0394624808148
    vertex 50.33769145264344 19.14068303889349 251.0374939114211
    vertex 52.20126963341551 18.48550495437625 251.0381217082934
  endloop
endfacet
facet normal 7.35015e-16 -0.0009607 -1
  outer loop
    vertex 52.21204176259455 10.60844899714487 251.0456864919284
    vertex 51.71053654227167 10.60844899714449 251.0456864919284
    vertex 52.20845148703617 13.23413431594997 251.0431639959438
  endloop
endfacet
facet normal -4.35374e-07 -0.000960617 -1
  outer loop
    vertex 51.71053654227167 10.60844899714449 251.0456864919284
    vertex 50.80436852558544 11.53509279563506 251.0447967362227
    vertex 52.20845148703617 13.23413431594997 251.0431639959438
  endloop
endfacet
facet normal 7.38027e-16 -0.000960191 -1
  outer loop
    vertex 51.20903132194879 10.6084489971441 251.0456864919284
    vertex 50.80436852558544 11.53509279563506 251.0447967362227
    vertex 51.71053654227167 10.60844899714449 251.0456864919284
  endloop
endfacet
facet normal 1 7.60259e-13 -1.52343e-15
  outer loop
    vertex 56.94999999998673 18.44704382371056 271.1701156812218
    vertex 56.94999999998679 18.37813127980933 274.0924946989662
    vertex 56.94999999998874 15.80467402711055 272.4508342528213
  endloop
endfacet
facet normal 1 7.59602e-13 9.37281e-18
  outer loop
    vertex 56.94999999998855 16.06011656130336 261.5996830610453
    vertex 56.94999999998855 16.06008416594957 264.2251032565489
    vertex 56.94999999999084 13.04806585462579 262.7894999894281
  endloop
endfacet
facet normal 1 7.61305e-13 6.35834e-16
  outer loop
    vertex 56.94999999998874 15.80467402711055 272.4508342528213
    vertex 56.94999999998888 15.62958924119383 269.7612401210359
    vertex 56.94999999998673 18.44704382371056 271.1701156812218
  endloop
endfacet
facet normal 1 7.58043e-13 -1.74942e-15
  outer loop
    vertex 56.94999999999069 13.23754501546204 255.781822786207
    vertex 56.94999999999161 12.0310146759877 256.9242960174651
    vertex 56.94999999999268 10.61299659601826 255.7818227861976
  endloop
endfacet
facet normal 1 7.61202e-13 2.18981e-15
  outer loop
    vertex 56.94999999999168 11.94986559158211 259.30848421281
    vertex 56.94999999999023 13.85112451488199 260.3428718899395
    vertex 56.94999999999268 10.61838135801828 261.3898298850561
  endloop
endfacet
facet normal 1 7.60948e-13 1.3504e-15
  outer loop
    vertex 56.94999999998673 18.44704382371056 271.1701156812218
    vertex 56.94999999998888 15.62958924119383 269.7612401210359
    vertex 56.94999999998667 18.52668211993173 268.3878402858944
  endloop
endfacet
facet normal 1 7.57649e-13 -7.27489e-16
  outer loop
    vertex 56.94999999999268 10.62107373901829 264.1938334344854
    vertex 56.9499999999905 13.49216563254308 265.5965480515358
    vertex 56.94999999999268 10.6237661200183 266.9978369839147
  endloop
endfacet
facet normal 1 7.56643e-13 -7.26523e-16
  outer loop
    vertex 56.94999999999268 10.61568897701827 258.5858263356268
    vertex 56.94999999999168 11.94986559158211 259.30848421281
    vertex 56.94999999999268 10.61838135801828 261.3898298850561
  endloop
endfacet
facet normal 1 7.60228e-13 -1.30456e-15
  outer loop
    vertex 56.94999999998855 16.06008416594957 264.2251032565489
    vertex 56.9499999999905 13.49216563254308 265.5965480515358
    vertex 56.94999999999084 13.04806585462579 262.7894999894281
  endloop
endfacet
facet normal 1 7.59939e-13 -1.02264e-15
  outer loop
    vertex 56.94999999998679 18.37813127980933 274.0924946989662
    vertex 56.94999999998875 15.79828790946646 274.6533362680745
    vertex 56.94999999998874 15.80467402711055 272.4508342528213
  endloop
endfacet
facet normal 1 7.61595e-13 6.00678e-17
  outer loop
    vertex 56.94999999999084 13.05345061662581 268.3975070882867
    vertex 56.9499999999905 13.49216563254308 265.5965480515358
    vertex 56.94999999998846 16.17899777315629 266.9967983588745
  endloop
endfacet
facet normal 1 7.61425e-13 -3.20861e-16
  outer loop
    vertex 56.94999999998846 16.17899777315629 266.9967983588745
    vertex 56.94999999998888 15.62958924119383 269.7612401210359
    vertex 56.94999999999084 13.05345061662581 268.3975070882867
  endloop
endfacet
facet normal 1 7.594e-13 -5.0015e-16
  outer loop
    vertex 56.94999999999084 13.04806585462579 262.7894999894281
    vertex 56.94999999999023 13.85112451488199 260.3428718899395
    vertex 56.94999999998855 16.06011656130336 261.5996830610453
  endloop
endfacet
facet normal 1 7.57739e-13 -9.10795e-16
  outer loop
    vertex 56.94999999999084 13.04806585462579 262.7894999894281
    vertex 56.9499999999905 13.49216563254308 265.5965480515358
    vertex 56.94999999999268 10.62107373901829 264.1938334344854
  endloop
endfacet
facet normal 1 7.57739e-13 -5.43939e-16
  outer loop
    vertex 56.94999999999268 10.6237661200183 266.9978369839147
    vertex 56.9499999999905 13.49216563254308 265.5965480515358
    vertex 56.94999999999084 13.05345061662581 268.3975070882867
  endloop
endfacet
facet normal 1 7.60024e-13 -5.9928e-16
  outer loop
    vertex 56.94999999998667 18.52668211993173 268.3878402858944
    vertex 56.94999999998888 15.62958924119383 269.7612401210359
    vertex 56.94999999998846 16.17899777315629 266.9967983588745
  endloop
endfacet
facet normal 1 7.60441e-13 -1.58437e-16
  outer loop
    vertex 56.94999999999268 10.61838135801828 261.3898298850561
    vertex 56.94999999999023 13.85112451488199 260.3428718899395
    vertex 56.94999999999084 13.04806585462579 262.7894999894281
  endloop
endfacet
facet normal 1 7.53739e-13 -7.23734e-16
  outer loop
    vertex 56.94999999999268 10.61434278651826 257.1838245609122
    vertex 56.94999999999198 11.54823486109019 257.8376783112342
    vertex 56.94999999999268 10.61568897701827 258.5858263356268
  endloop
endfacet
facet normal 1 7.60713e-13 -3.26446e-15
  outer loop
    vertex 56.94999999999267 10.63184326301833 275.4098476322027
    vertex 56.94999999999141 12.29943239868691 276.5708604778027
    vertex 56.94999999999268 10.63453564401835 278.213851181632
  endloop
endfacet
facet normal 1 7.52067e-13 1.66439e-15
  outer loop
    vertex 56.94999999999268 10.61434278651826 257.1838245609122
    vertex 56.94999999999237 11.03104893479116 256.7320215801507
    vertex 56.94999999999198 11.54823486109019 257.8376783112342
  endloop
endfacet
facet normal 1 7.58699e-13 8.79176e-16
  outer loop
    vertex 56.94999999998971 14.52861609587295 276.3575643917196
    vertex 56.94999999999141 12.29943239868691 276.5708604778027
    vertex 56.94999999999076 13.15444867567853 274.1754060567009
  endloop
endfacet
facet normal 1 7.60641e-13 1.16005e-15
  outer loop
    vertex 56.94999999999084 13.05345061662581 268.3975070882867
    vertex 56.94999999998888 15.62958924119383 269.7612401210359
    vertex 56.94999999999082 13.07716517507851 271.2232777864747
  endloop
endfacet
facet normal 1 7.6128e-13 6.653e-16
  outer loop
    vertex 56.94999999998846 16.17899777315629 266.9967983588745
    vertex 56.9499999999905 13.49216563254308 265.5965480515358
    vertex 56.94999999998855 16.06008416594957 264.2251032565489
  endloop
endfacet
facet normal 1 7.60375e-13 6.96388e-16
  outer loop
    vertex 56.94999999999082 13.07716517507851 271.2232777864747
    vertex 56.94999999998888 15.62958924119383 269.7612401210359
    vertex 56.94999999998874 15.80467402711055 272.4508342528213
  endloop
endfacet
facet normal 1 7.62316e-13 -1.63995e-15
  outer loop
    vertex 56.94999999999268 10.63453564401835 278.213851181632
    vertex 56.94999999999141 12.29943239868691 276.5708604778027
    vertex 56.94999999999068 13.25370241682732 278.218177213807
  endloop
endfacet
facet normal 1 7.604e-13 8.8614e-16
  outer loop
    vertex 56.94999999998655 18.68424300574048 265.5945981563385
    vertex 56.94999999998855 16.06008416594957 264.2251032565489
    vertex 56.94999999998657 18.65949333397694 262.7771882419189
  endloop
endfacet
facet normal 1 7.59912e-13 9.37664e-18
  outer loop
    vertex 56.94999999998657 18.65949333397694 262.7771882419189
    vertex 56.94999999998855 16.06008416594957 264.2251032565489
    vertex 56.94999999998855 16.06011656130336 261.5996830610453
  endloop
endfacet
facet normal 1 7.57337e-13 -7.27189e-16
  outer loop
    vertex 56.94999999999267 10.62915088201832 272.6058440827734
    vertex 56.94999999999076 13.15444867567853 274.1754060567009
    vertex 56.94999999999267 10.63184326301833 275.4098476322027
  endloop
endfacet
facet normal 1 7.60613e-13 0
  outer loop
    vertex 56.9499999999847 21.1111902737934 261.3909113931005
    vertex 56.94999999998669 18.50485265611161 259.8956944669741
    vertex 56.9499999999847 21.1111902737934 258.5863670896491
  endloop
endfacet
facet normal 1 7.49482e-13 -7.19646e-16
  outer loop
    vertex 56.94999999999268 10.61366969126826 256.4828236735549
    vertex 56.94999999999237 11.03104893479116 256.7320215801507
    vertex 56.94999999999268 10.61434278651826 257.1838245609122
  endloop
endfacet
facet normal 1 7.58946e-13 1.17427e-15
  outer loop
    vertex 56.94999999999084 13.05345061662581 268.3975070882867
    vertex 56.94999999999082 13.07716517507851 271.2232777864747
    vertex 56.94999999999268 10.62645850101831 269.8018405333441
  endloop
endfacet
facet normal 1 7.61712e-13 8.74619e-16
  outer loop
    vertex 56.94999999998655 18.68424300574048 265.5945981563385
    vertex 56.94999999998657 18.65949333397694 262.7771882419189
    vertex 56.9499999999847 21.1111902737934 264.195455696552
  endloop
endfacet
facet normal 1 7.57238e-13 -5.68612e-16
  outer loop
    vertex 56.94999999999267 10.62915088201832 272.6058440827734
    vertex 56.94999999999082 13.07716517507851 271.2232777864747
    vertex 56.94999999999076 13.15444867567853 274.1754060567009
  endloop
endfacet
facet normal 1 7.61421e-13 -1.40894e-15
  outer loop
    vertex 56.9499999999847 21.1111902737934 261.3909113931005
    vertex 56.94999999998657 18.65949333397694 262.7771882419189
    vertex 56.94999999998669 18.50485265611161 259.8956944669741
  endloop
endfacet
facet normal 1 7.60533e-13 -1.36127e-15
  outer loop
    vertex 56.94999999998657 18.65949333397694 262.7771882419189
    vertex 56.94999999998855 16.06011656130336 261.5996830610453
    vertex 56.94999999998669 18.50485265611161 259.8956944669741
  endloop
endfacet
facet normal 1 7.60989e-13 -6.6679e-16
  outer loop
    vertex 56.94999999999082 13.07716517507851 271.2232777864747
    vertex 56.94999999998874 15.80467402711055 272.4508342528213
    vertex 56.94999999999076 13.15444867567853 274.1754060567009
  endloop
endfacet
facet normal 1 7.60498e-13 6.98841e-16
  outer loop
    vertex 56.94999999998846 16.17899777315629 266.9967983588745
    vertex 56.94999999998855 16.06008416594957 264.2251032565489
    vertex 56.94999999998655 18.68424300574048 265.5945981563385
  endloop
endfacet
facet normal 1 7.58579e-13 1.80565e-15
  outer loop
    vertex 56.94999999999268 10.62645850101831 269.8018405333441
    vertex 56.94999999999082 13.07716517507851 271.2232777864747
    vertex 56.94999999999267 10.62915088201832 272.6058440827734
  endloop
endfacet
facet normal 1 7.62218e-13 0
  outer loop
    vertex 56.9499999999847 21.1111902737934 264.195455696552
    vertex 56.94999999998657 18.65949333397694 262.7771882419189
    vertex 56.9499999999847 21.1111902737934 261.3909113931005
  endloop
endfacet
facet normal 1 7.60801e-13 1.34619e-15
  outer loop
    vertex 56.94999999998673 18.44704382371056 271.1701156812218
    vertex 56.94999999998667 18.52668211993173 268.3878402858944
    vertex 56.9499999999847 21.1111902737934 269.804544303455
  endloop
endfacet
facet normal 1 7.59894e-13 -3.80446e-16
  outer loop
    vertex 56.94999999998667 18.52668211993173 268.3878402858944
    vertex 56.94999999998846 16.17899777315629 266.9967983588745
    vertex 56.94999999998655 18.68424300574048 265.5945981563385
  endloop
endfacet
facet normal 1 7.6138e-13 -2.96655e-16
  outer loop
    vertex 56.9499999999847 21.1111902737934 267.0000000000035
    vertex 56.94999999998667 18.52668211993173 268.3878402858944
    vertex 56.94999999998655 18.68424300574048 265.5945981563385
  endloop
endfacet
facet normal 1 7.61208e-13 0
  outer loop
    vertex 56.9499999999847 21.1111902737934 267.0000000000035
    vertex 56.94999999998655 18.68424300574048 265.5945981563385
    vertex 56.9499999999847 21.1111902737934 264.195455696552
  endloop
endfacet
facet normal 1 7.60111e-13 0
  outer loop
    vertex 56.9499999999847 21.1111902737934 272.6090886069065
    vertex 56.94999999998673 18.44704382371056 271.1701156812218
    vertex 56.9499999999847 21.1111902737934 269.804544303455
  endloop
endfacet
facet normal 1 7.61539e-13 0
  outer loop
    vertex 56.9499999999847 21.1111902737934 269.804544303455
    vertex 56.94999999998667 18.52668211993173 268.3878402858944
    vertex 56.9499999999847 21.1111902737934 267.0000000000035
  endloop
endfacet
facet normal 1 7.5931e-13 1.80495e-15
  outer loop
    vertex 56.94999999999268 10.61838135801828 261.3898298850561
    vertex 56.94999999999084 13.04806585462579 262.7894999894281
    vertex 56.94999999999268 10.62107373901829 264.1938334344854
  endloop
endfacet
facet normal 1 7.57845e-13 -7.27676e-16
  outer loop
    vertex 56.94999999999268 10.6237661200183 266.9978369839147
    vertex 56.94999999999084 13.05345061662581 268.3975070882867
    vertex 56.94999999999268 10.62645850101831 269.8018405333441
  endloop
endfacet
facet normal 1 7.6075e-13 8.97953e-16
  outer loop
    vertex 56.9499999999887 15.86209343490584 255.781822786207
    vertex 56.94999999998946 14.86014987710878 257.9509642530566
    vertex 56.94999999999069 13.23754501546204 255.781822786207
  endloop
endfacet
facet normal 1 7.59601e-13 -2.81681e-16
  outer loop
    vertex 56.94999999998869 15.872865035816 278.218177213807
    vertex 56.94999999998774 17.12556946886093 276.1903819401645
    vertex 56.9499999999867 18.49202765480469 278.218177213807
  endloop
endfacet
facet normal 1 7.61744e-13 0
  outer loop
    vertex 56.9499999999847 21.1111902737934 275.4136329103579
    vertex 56.94999999998679 18.37813127980933 274.0924946989662
    vertex 56.9499999999847 21.1111902737934 272.6090886069065
  endloop
endfacet
facet normal 1 7.61471e-13 1.87147e-15
  outer loop
    vertex 56.94999999999069 13.23754501546204 255.781822786207
    vertex 56.94999999999091 12.95182499937513 258.1354628140366
    vertex 56.94999999999161 12.0310146759877 256.9242960174651
  endloop
endfacet
facet normal 1 7.60164e-13 1.21421e-17
  outer loop
    vertex 56.94999999998774 17.12556946886093 276.1903819401645
    vertex 56.94999999998875 15.79828790946646 274.6533362680745
    vertex 56.94999999998679 18.37813127980933 274.0924946989662
  endloop
endfacet
facet normal 1 7.60649e-13 3.65455e-16
  outer loop
    vertex 56.94999999998869 15.872865035816 278.218177213807
    vertex 56.94999999998971 14.52861609587295 276.3575643917196
    vertex 56.94999999998774 17.12556946886093 276.1903819401645
  endloop
endfacet
facet normal 1 7.59029e-13 1.03149e-16
  outer loop
    vertex 56.9499999999887 15.86209343490584 255.781822786207
    vertex 56.94999999998772 17.14430888359243 257.7644850058736
    vertex 56.94999999998946 14.86014987710878 257.9509642530566
  endloop
endfacet
facet normal 1 7.58001e-13 6.30124e-16
  outer loop
    vertex 56.94999999999076 13.15444867567853 274.1754060567009
    vertex 56.94999999999141 12.29943239868691 276.5708604778027
    vertex 56.94999999999267 10.63184326301833 275.4098476322027
  endloop
endfacet
facet normal 1 7.59601e-13 1.12228e-15
  outer loop
    vertex 56.94999999999068 13.25370241682732 278.218177213807
    vertex 56.94999999998971 14.52861609587295 276.3575643917196
    vertex 56.94999999998869 15.872865035816 278.218177213807
  endloop
endfacet
facet normal 1 7.6075e-13 -1.00965e-15
  outer loop
    vertex 56.9499999999867 18.48664185434964 255.781822786207
    vertex 56.94999999998772 17.14430888359243 257.7644850058736
    vertex 56.9499999999887 15.86209343490584 255.781822786207
  endloop
endfacet
facet normal 1 7.60925e-13 -1.50772e-15
  outer loop
    vertex 56.9499999999847 21.1111902737934 272.6090886069065
    vertex 56.94999999998679 18.37813127980933 274.0924946989662
    vertex 56.94999999998673 18.44704382371056 271.1701156812218
  endloop
endfacet
facet normal 1 7.60928e-13 4.81961e-27
  outer loop
    vertex 56.9499999999847 21.11119027379339 278.2181772138094
    vertex 56.94999999998613 19.24362179021235 276.4265727954205
    vertex 56.9499999999847 21.1111902737934 275.4136329103579
  endloop
endfacet
facet normal 1 7.60676e-13 6.74521e-27
  outer loop
    vertex 56.9499999999847 21.1111902737934 258.5863670896491
    vertex 56.94999999998612 19.25234288704356 257.63666300381
    vertex 56.9499999999847 21.11119027379343 255.7818227861976
  endloop
endfacet
facet normal 1 7.62314e-13 -1.44489e-15
  outer loop
    vertex 56.9499999999867 18.49202765480469 278.218177213807
    vertex 56.94999999998613 19.24362179021235 276.4265727954205
    vertex 56.9499999999847 21.11119027379339 278.2181772138094
  endloop
endfacet
facet normal 1 7.6075e-13 7.44099e-17
  outer loop
    vertex 56.9499999999847 21.11119027379343 255.7818227861976
    vertex 56.94999999998612 19.25234288704356 257.63666300381
    vertex 56.9499999999867 18.48664185434964 255.781822786207
  endloop
endfacet
facet normal 1 7.60759e-13 -1.02026e-15
  outer loop
    vertex 56.94999999998874 15.80467402711055 272.4508342528213
    vertex 56.94999999998875 15.79828790946646 274.6533362680745
    vertex 56.94999999999076 13.15444867567853 274.1754060567009
  endloop
endfacet
facet normal 1 7.60469e-13 -1.45246e-15
  outer loop
    vertex 56.94999999998855 16.06011656130336 261.5996830610453
    vertex 56.94999999998862 15.96262344958586 259.4748418042151
    vertex 56.94999999998669 18.50485265611161 259.8956944669741
  endloop
endfacet
facet normal 1 7.63501e-13 -2.03648e-15
  outer loop
    vertex 56.94999999999168 11.94986559158211 259.30848421281
    vertex 56.94999999999091 12.95182499937513 258.1354628140366
    vertex 56.94999999999023 13.85112451488199 260.3428718899395
  endloop
endfacet
facet normal 1 7.60636e-13 -3.40521e-16
  outer loop
    vertex 56.94999999999076 13.15444867567853 274.1754060567009
    vertex 56.94999999998875 15.79828790946646 274.6533362680745
    vertex 56.94999999998971 14.52861609587295 276.3575643917196
  endloop
endfacet
facet normal 1 7.59963e-13 1.60948e-15
  outer loop
    vertex 56.94999999998669 18.50485265611161 259.8956944669741
    vertex 56.94999999998862 15.96262344958586 259.4748418042151
    vertex 56.94999999998772 17.14430888359243 257.7644850058736
  endloop
endfacet
facet normal 1 7.5866e-13 4.7753e-16
  outer loop
    vertex 56.94999999999068 13.25370241682732 278.218177213807
    vertex 56.94999999999141 12.29943239868691 276.5708604778027
    vertex 56.94999999998971 14.52861609587295 276.3575643917196
  endloop
endfacet
facet normal 1 7.59731e-13 1.6602e-15
  outer loop
    vertex 56.94999999998946 14.86014987710878 257.9509642530566
    vertex 56.94999999999091 12.95182499937513 258.1354628140366
    vertex 56.94999999999069 13.23754501546204 255.781822786207
  endloop
endfacet
facet normal 1 7.61359e-13 7.94945e-16
  outer loop
    vertex 56.9499999999847 21.1111902737934 275.4136329103579
    vertex 56.94999999998613 19.24362179021235 276.4265727954205
    vertex 56.94999999998679 18.37813127980933 274.0924946989662
  endloop
endfacet
facet normal 1 7.60644e-13 6.18982e-17
  outer loop
    vertex 56.94999999998669 18.50485265611161 259.8956944669741
    vertex 56.94999999998612 19.25234288704356 257.63666300381
    vertex 56.9499999999847 21.1111902737934 258.5863670896491
  endloop
endfacet
facet normal 1 7.61431e-13 7.68403e-16
  outer loop
    vertex 56.94999999998679 18.37813127980933 274.0924946989662
    vertex 56.94999999998613 19.24362179021235 276.4265727954205
    vertex 56.94999999998774 17.12556946886093 276.1903819401645
  endloop
endfacet
facet normal 1 7.5953e-13 -4.18553e-16
  outer loop
    vertex 56.94999999999023 13.85112451488199 260.3428718899395
    vertex 56.94999999999091 12.95182499937513 258.1354628140366
    vertex 56.94999999998946 14.86014987710878 257.9509642530566
  endloop
endfacet
facet normal 1 7.61706e-13 -1.7e-15
  outer loop
    vertex 56.94999999998774 17.12556946886093 276.1903819401645
    vertex 56.94999999998613 19.24362179021235 276.4265727954205
    vertex 56.9499999999867 18.49202765480469 278.218177213807
  endloop
endfacet
facet normal 1 7.61792e-13 4.4167e-16
  outer loop
    vertex 56.94999999998772 17.14430888359243 257.7644850058736
    vertex 56.94999999998612 19.25234288704356 257.63666300381
    vertex 56.94999999998669 18.50485265611161 259.8956944669741
  endloop
endfacet
facet normal 1 7.59104e-13 1.01619e-15
  outer loop
    vertex 56.94999999998772 17.14430888359243 257.7644850058736
    vertex 56.94999999998862 15.96262344958586 259.4748418042151
    vertex 56.94999999998946 14.86014987710878 257.9509642530566
  endloop
endfacet
facet normal 1 7.60602e-13 -3.65757e-16
  outer loop
    vertex 56.94999999998971 14.52861609587295 276.3575643917196
    vertex 56.94999999998875 15.79828790946646 274.6533362680745
    vertex 56.94999999998774 17.12556946886093 276.1903819401645
  endloop
endfacet
facet normal 1 7.61745e-13 -3.3621e-16
  outer loop
    vertex 56.9499999999867 18.48664185434964 255.781822786207
    vertex 56.94999999998612 19.25234288704356 257.63666300381
    vertex 56.94999999998772 17.14430888359243 257.7644850058736
  endloop
endfacet
facet normal 1 7.6077e-13 -2.40651e-15
  outer loop
    vertex 56.94999999999237 11.03104893479116 256.7320215801507
    vertex 56.94999999999161 12.0310146759877 256.9242960174651
    vertex 56.94999999999198 11.54823486109019 257.8376783112342
  endloop
endfacet
facet normal 1 7.60513e-13 -3.66464e-18
  outer loop
    vertex 56.94999999998946 14.86014987710878 257.9509642530566
    vertex 56.94999999998862 15.96262344958586 259.4748418042151
    vertex 56.94999999999023 13.85112451488199 260.3428718899395
  endloop
endfacet
facet normal 1 7.59928e-13 -1.42763e-15
  outer loop
    vertex 56.94999999999023 13.85112451488199 260.3428718899395
    vertex 56.94999999998862 15.96262344958586 259.4748418042151
    vertex 56.94999999998855 16.06011656130336 261.5996830610453
  endloop
endfacet
facet normal 1 7.55472e-13 1.43645e-15
  outer loop
    vertex 56.94999999999198 11.54823486109019 257.8376783112342
    vertex 56.94999999999168 11.94986559158211 259.30848421281
    vertex 56.94999999999268 10.61568897701827 258.5858263356268
  endloop
endfacet
facet normal 1 7.64503e-13 -4.33245e-16
  outer loop
    vertex 56.94999999999161 12.0310146759877 256.9242960174651
    vertex 56.94999999999091 12.95182499937513 258.1354628140366
    vertex 56.94999999999198 11.54823486109019 257.8376783112342
  endloop
endfacet
facet normal 1 7.64637e-13 -1.06634e-15
  outer loop
    vertex 56.94999999999198 11.54823486109019 257.8376783112342
    vertex 56.94999999999091 12.95182499937513 258.1354628140366
    vertex 56.94999999999168 11.94986559158211 259.30848421281
  endloop
endfacet
facet normal 1 7.49482e-13 -7.19646e-16
  outer loop
    vertex 56.94999999999268 10.61299659601826 255.7818227861976
    vertex 56.94999999999237 11.03104893479116 256.7320215801507
    vertex 56.94999999999268 10.61333314364326 256.1323232298762
  endloop
endfacet
facet normal 1 7.61458e-13 -5.98888e-15
  outer loop
    vertex 56.94999999999268 10.61299659601826 255.7818227861976
    vertex 56.94999999999161 12.0310146759877 256.9242960174651
    vertex 56.94999999999237 11.03104893479116 256.7320215801507
  endloop
endfacet
facet normal 1 7.59601e-13 1.64175e-12
  outer loop
    vertex 56.94999999999267 10.63453979783863 278.218177213807
    vertex 56.94999999999268 10.63453564401835 278.213851181632
    vertex 56.94999999999068 13.25370241682732 278.218177213807
  endloop
endfacet
facet normal 1 7.49482e-13 -7.19646e-16
  outer loop
    vertex 56.94999999999268 10.61333314364326 256.1323232298762
    vertex 56.94999999999237 11.03104893479116 256.7320215801507
    vertex 56.94999999999268 10.61366969126826 256.4828236735549
  endloop
endfacet
facet normal -5.06802e-18 0.000960191 1
  outer loop
    vertex 52.238599784018 21.11119027379342 282.935616552072
    vertex 50.21929989201477 21.1111902737934 282.935616552072
    vertex 50.05634461792268 19.14911650976179 282.9375005190604
  endloop
endfacet
facet normal -2.7728e-16 0.000960191 1
  outer loop
    vertex 52.21817721378575 10.63907909899527 282.9456717865464
    vertex 52.22432854453839 10.63907909899527 282.9456717865464
    vertex 51.21363291034117 11.94401982648457 282.9444187932606
  endloop
endfacet
facet normal -4.43302e-07 0.000960684 1
  outer loop
    vertex 52.23503268842494 18.49316248035856 282.9381316499237
    vertex 52.238599784018 21.11119027379342 282.935616552072
    vertex 50.05634461792268 19.14911650976179 282.9375005190604
  endloop
endfacet
facet normal -6.52752e-07 0.000959686 1
  outer loop
    vertex 52.22432854453839 10.63907909899527 282.9456717865464
    vertex 52.2278970165732 13.25710689306537 282.9431593038432
    vertex 51.21363291034117 11.94401982648457 282.9444187932606
  endloop
endfacet
facet normal -2.81484e-14 0.000960191 1
  outer loop
    vertex 50.21929989201477 21.1111902737934 282.935616552072
    vertex 48.20000000001153 21.11119027379341 282.935616552072
    vertex 50.05634461792268 19.14911650976179 282.9375005190604
  endloop
endfacet
facet normal -1.61872e-15 0.000960191 1
  outer loop
    vertex 51.21363291034117 11.94401982648457 282.9444187932606
    vertex 50.21074735335643 14.18058727315671 282.9422712597099
    vertex 49.49179392536101 12.07943688314348 282.9442887669236
  endloop
endfacet
facet normal 1.31926e-14 0.000960191 1
  outer loop
    vertex 48.20000000001153 21.11119027379341 282.935616552072
    vertex 48.2000000000114 18.49316248009309 282.9381303606905
    vertex 50.05634461792268 19.14911650976179 282.9375005190604
  endloop
endfacet
facet normal -1.28099e-14 0.000960191 1
  outer loop
    vertex 48.2000000000114 13.25710689269248 282.9431579779277
    vertex 48.20000000001144 10.63907909899218 282.9456717865464
    vertex 49.49179392536101 12.07943688314348 282.9442887669236
  endloop
endfacet
facet normal -7.38598e-16 0.000960191 1
  outer loop
    vertex 50.2090886068986 10.63907909899372 282.9456717865464
    vertex 52.21817721378575 10.63907909899527 282.9456717865464
    vertex 51.21363291034117 11.94401982648457 282.9444187932606
  endloop
endfacet
facet normal 2.72162e-15 0.000960191 1
  outer loop
    vertex 50.21074735335643 14.18058727315671 282.9422712597099
    vertex 48.2000000000114 13.25710689269248 282.9431579779277
    vertex 49.49179392536101 12.07943688314348 282.9442887669236
  endloop
endfacet
facet normal -8.27116e-07 0.00095982 1
  outer loop
    vertex 52.2278970165732 13.25710689306537 282.9431593038432
    vertex 50.21074735335643 14.18058727315671 282.9422712597099
    vertex 51.21363291034117 11.94401982648457 282.9444187932606
  endloop
endfacet
facet normal 5.44812e-15 0.000960191 1
  outer loop
    vertex 48.2000000000114 18.49316248009309 282.9381303606905
    vertex 48.2000000000114 15.87513468639278 282.9406441693091
    vertex 50.19769216119786 17.10751493374874 282.9394608479957
  endloop
endfacet
facet normal 7.60131e-15 0.000960191 1
  outer loop
    vertex 50.19769216119786 17.10751493374874 282.9394608479957
    vertex 48.2000000000114 15.87513468639278 282.9406441693091
    vertex 50.21074735335643 14.18058727315671 282.9422712597099
  endloop
endfacet
facet normal 1.05455e-14 0.000960191 1
  outer loop
    vertex 48.2000000000114 15.87513468639278 282.9406441693091
    vertex 48.2000000000114 13.25710689269248 282.9431579779277
    vertex 50.21074735335643 14.18058727315671 282.9422712597099
  endloop
endfacet
facet normal -7.51493e-07 0.000960366 1
  outer loop
    vertex 52.23146508190602 15.87513468681783 282.9406459127414
    vertex 52.23503268842494 18.49316248035856 282.9381316499237
    vertex 50.19769216119786 17.10751493374874 282.9394608479957
  endloop
endfacet
facet normal -8.59563e-07 0.000960187 1
  outer loop
    vertex 52.23146508190602 15.87513468681783 282.9406459127414
    vertex 50.19769216119786 17.10751493374874 282.9394608479957
    vertex 50.21074735335643 14.18058727315671 282.9422712597099
  endloop
endfacet
facet normal -7.29877e-07 0.000960033 1
  outer loop
    vertex 52.2278970165732 13.25710689306537 282.9431593038432
    vertex 52.23146508190602 15.87513468681783 282.9406459127414
    vertex 50.21074735335643 14.18058727315671 282.9422712597099
  endloop
endfacet
facet normal -6.04345e-07 0.000960149 1
  outer loop
    vertex 50.19769216119786 17.10751493374874 282.9394608479957
    vertex 52.23503268842494 18.49316248035856 282.9381316499237
    vertex 50.05634461792268 19.14911650976179 282.9375005190604
  endloop
endfacet
facet normal -7.369e-16 0.000960191 1
  outer loop
    vertex 48.20000000001144 10.63907909899218 282.9456717865464
    vertex 50.2090886068986 10.63907909899372 282.9456717865464
    vertex 49.49179392536101 12.07943688314348 282.9442887669236
  endloop
endfacet
facet normal 4.12379e-16 0.000960191 1
  outer loop
    vertex 48.2000000000114 18.49316248009309 282.9381303606905
    vertex 50.19769216119786 17.10751493374874 282.9394608479957
    vertex 50.05634461792268 19.14911650976179 282.9375005190604
  endloop
endfacet
facet normal -4.05698e-15 0.000960191 1
  outer loop
    vertex 50.2090886068986 10.63907909899372 282.9456717865464
    vertex 51.21363291034117 11.94401982648457 282.9444187932606
    vertex 49.49179392536101 12.07943688314348 282.9442887669236
  endloop
endfacet
facet normal 0 0 1
  outer loop
    vertex 50.9999999999999 16.13039433020945 274.55
    vertex 49.70000000001157 16.1303945521613 274.55
    vertex 50.35000000000572 14.75555024199743 274.55
  endloop
endfacet
facet normal 0 0 1
  outer loop
    vertex 50.9999999999999 13.38070598732178 274.55
    vertex 49.70000000001152 13.38070609829721 274.55
    vertex 50.35000000000569 12.00586184362155 274.55
  endloop
endfacet
facet normal 0 0 1
  outer loop
    vertex 49.70000000001147 10.63101764443311 274.55
    vertex 50.9999999999999 10.63101764443411 274.55
    vertex 50.35000000000569 12.00586184362155 274.55
  endloop
endfacet
facet normal -0 0 1
  outer loop
    vertex 49.70000000001152 13.38070609829721 274.55
    vertex 50.9999999999999 13.38070598732178 274.55
    vertex 50.35000000000572 14.75555024199743 274.55
  endloop
endfacet
facet normal 0 -0 1
  outer loop
    vertex 50.9999999999999 10.63101764443411 274.55
    vertex 50.9999999999999 13.38070598732178 274.55
    vertex 50.35000000000569 12.00586184362155 274.55
  endloop
endfacet
facet normal 0 0 1
  outer loop
    vertex 49.70000000001152 13.38070609829721 274.55
    vertex 49.70000000001147 10.63101764443311 274.55
    vertex 50.35000000000569 12.00586184362155 274.55
  endloop
endfacet
facet normal 0 -0 1
  outer loop
    vertex 50.9999999999999 13.38070598732178 274.55
    vertex 50.9999999999999 16.13039433020945 274.55
    vertex 50.35000000000572 14.75555024199743 274.55
  endloop
endfacet
facet normal 0 0 1
  outer loop
    vertex 49.70000000001157 16.1303945521613 274.55
    vertex 49.70000000001152 13.38070609829721 274.55
    vertex 50.35000000000572 14.75555024199743 274.55
  endloop
endfacet
facet normal -0 0 -1
  outer loop
    vertex 50.9999999999999 10.61651874941365 259.45
    vertex 49.70000000001146 10.61651874941265 259.45
    vertex 50.35000000000569 11.990186630508 259.45
  endloop
endfacet
facet normal -0 0 -1
  outer loop
    vertex 50.9999999999999 13.3638545116031 259.45
    vertex 49.70000000001151 13.36385451160261 259.45
    vertex 50.35000000000572 14.7375223926977 259.45
  endloop
endfacet
facet normal 0 0 -1
  outer loop
    vertex 49.70000000001156 16.11119027379255 259.45
    vertex 50.9999999999999 16.11119027379255 259.45
    vertex 50.35000000000572 14.7375223926977 259.45
  endloop
endfacet
facet normal 0 0 -1
  outer loop
    vertex 49.70000000001151 13.36385451160261 259.45
    vertex 50.9999999999999 13.3638545116031 259.45
    vertex 50.35000000000569 11.990186630508 259.45
  endloop
endfacet
facet normal 0 0 -1
  outer loop
    vertex 49.70000000001146 10.61651874941265 259.45
    vertex 49.70000000001151 13.36385451160261 259.45
    vertex 50.35000000000569 11.990186630508 259.45
  endloop
endfacet
facet normal 0 -0 -1
  outer loop
    vertex 50.9999999999999 13.3638545116031 259.45
    vertex 50.9999999999999 10.61651874941365 259.45
    vertex 50.35000000000569 11.990186630508 259.45
  endloop
endfacet
facet normal 0 0 -1
  outer loop
    vertex 49.70000000001151 13.36385451160261 259.45
    vertex 49.70000000001156 16.11119027379255 259.45
    vertex 50.35000000000572 14.7375223926977 259.45
  endloop
endfacet
facet normal 0 -0 -1
  outer loop
    vertex 50.9999999999999 16.11119027379255 259.45
    vertex 50.9999999999999 13.3638545116031 259.45
    vertex 50.35000000000572 14.7375223926977 259.45
  endloop
endfacet
facet normal -0.988546 0.150921 -0.000144913
  outer loop
    vertex 53.12176221878232 10.61299004479841 255.7749999645112
    vertex 53.12176221878231 10.61534251458842 258.2250000354888
    vertex 53.4499991472192 12.76414642348558 257.002044168469
  endloop
endfacet
facet normal -0.39578 0 0.918345
  outer loop
    vertex 50.9999999999999 16.11119027379255 254.55
    vertex 50.9999999999999 13.36150204188123 254.55
    vertex 52.78096801445508 14.31321475251236 255.3175455633249
  endloop
endfacet
facet normal -0.392038 0 -0.919949
  outer loop
    vertex 50.9999999999999 13.3638545116031 259.45
    vertex 50.9999999999999 16.11119027379255 259.45
    vertex 52.76720954098766 14.34606422804965 258.6969002440455
  endloop
endfacet
facet normal -0.496104 -0.124591 0.859278
  outer loop
    vertex 53.12176223927178 16.11119027379255 255.775
    vertex 50.9999999999999 16.11119027379255 254.55
    vertex 52.78096801445508 14.31321475251236 255.3175455633249
  endloop
endfacet
facet normal -0.367982 0 -0.929833
  outer loop
    vertex 50.9999999999999 10.61651874941365 259.45
    vertex 50.9999999999999 13.3638545116031 259.45
    vertex 52.6765945057218 12.43729035464464 258.7864856180174
  endloop
endfacet
facet normal -0.368771 0 0.92952
  outer loop
    vertex 50.9999999999999 13.36150204188123 254.55
    vertex 50.9999999999999 10.61181380996992 254.55
    vertex 52.67962211933123 12.43106132732135 255.2163605924254
  endloop
endfacet
facet normal -0.495758 -0.129984 -0.858678
  outer loop
    vertex 50.9999999999999 16.11119027379255 259.45
    vertex 53.12176223927178 16.11119027379255 258.225
    vertex 52.76720954098766 14.34606422804965 258.6969002440455
  endloop
endfacet
facet normal -0.494783 0.143255 -0.857127
  outer loop
    vertex 53.12176221878231 10.61534251458842 258.2250000354888
    vertex 50.9999999999999 10.61651874941365 259.45
    vertex 52.6765945057218 12.43729035464464 258.7864856180174
  endloop
endfacet
facet normal -0.494921 0.142998 0.857091
  outer loop
    vertex 50.9999999999999 10.61181380996992 254.55
    vertex 53.12176221878232 10.61299004479841 255.7749999645112
    vertex 52.67962211933123 12.43106132732135 255.2163605924254
  endloop
endfacet
facet normal -0.906898 -0.0950866 -0.410481
  outer loop
    vertex 53.4499991472192 12.76414642348558 257.002044168469
    vertex 53.12176221878231 10.61534251458842 258.2250000354888
    vertex 52.6765945057218 12.43729035464464 258.7864856180174
  endloop
endfacet
facet normal -0.907483 -0.0949524 0.409217
  outer loop
    vertex 53.12176221878232 10.61299004479841 255.7749999645112
    vertex 53.4499991472192 12.76414642348558 257.002044168469
    vertex 52.67962211933123 12.43106132732135 255.2163605924254
  endloop
endfacet
facet normal -0.974345 -0.225058 -0
  outer loop
    vertex 53.12176223927178 16.11119027379255 258.225
    vertex 53.12176223927178 16.11119027379255 255.775
    vertex 53.44999999999991 14.69014875893048 257
  endloop
endfacet
facet normal -0.927687 -0.000395854 -0.373358
  outer loop
    vertex 53.44999999999991 14.69014875893048 257
    vertex 53.4499991472192 12.76414642348558 257.002044168469
    vertex 52.76720954098766 14.34606422804965 258.6969002440455
  endloop
endfacet
facet normal -0.929257 0.000392511 0.369433
  outer loop
    vertex 53.4499991472192 12.76414642348558 257.002044168469
    vertex 53.44999999999991 14.69014875893048 257
    vertex 52.78096801445508 14.31321475251236 255.3175455633249
  endloop
endfacet
facet normal -0.91891 0.0251473 -0.393664
  outer loop
    vertex 53.4499991472192 12.76414642348558 257.002044168469
    vertex 52.6765945057218 12.43729035464464 258.7864856180174
    vertex 52.76720954098766 14.34606422804965 258.6969002440455
  endloop
endfacet
facet normal -0.919745 0.0284781 0.391483
  outer loop
    vertex 52.67962211933123 12.43106132732135 255.2163605924254
    vertex 53.4499991472192 12.76414642348558 257.002044168469
    vertex 52.78096801445508 14.31321475251236 255.3175455633249
  endloop
endfacet
facet normal -0.37995 -0.0253601 -0.924659
  outer loop
    vertex 52.6765945057218 12.43729035464464 258.7864856180174
    vertex 50.9999999999999 13.3638545116031 259.45
    vertex 52.76720954098766 14.34606422804965 258.6969002440455
  endloop
endfacet
facet normal -0.382479 -0.0290531 0.923507
  outer loop
    vertex 50.9999999999999 13.36150204188123 254.55
    vertex 52.67962211933123 12.43106132732135 255.2163605924254
    vertex 52.78096801445508 14.31321475251236 255.3175455633249
  endloop
endfacet
facet normal -0.93224 0.0873614 0.351135
  outer loop
    vertex 53.44999999999991 14.69014875893048 257
    vertex 53.12176223927178 16.11119027379255 255.775
    vertex 52.78096801445508 14.31321475251236 255.3175455633249
  endloop
endfacet
facet normal -0.930106 0.0917448 -0.355648
  outer loop
    vertex 53.12176223927178 16.11119027379255 258.225
    vertex 53.44999999999991 14.69014875893048 257
    vertex 52.76720954098766 14.34606422804965 258.6969002440455
  endloop
endfacet
facet normal 0 0 1
  outer loop
    vertex 50.9999999999999 16.11119027379255 254.55
    vertex 48.20000000001156 16.11119027379255 254.55
    vertex 49.60000000000573 14.73634615783689 254.55
  endloop
endfacet
facet normal 0 0 1
  outer loop
    vertex 48.20000000001156 10.61181380996777 254.55
    vertex 50.9999999999999 10.61181380996992 254.55
    vertex 49.60000000000625 11.98665792592558 254.55
  endloop
endfacet
facet normal 0 0 1
  outer loop
    vertex 48.20000000001156 13.36150204188017 254.55
    vertex 48.20000000001156 10.61181380996777 254.55
    vertex 49.60000000000625 11.98665792592558 254.55
  endloop
endfacet
facet normal 0 0 1
  outer loop
    vertex 48.20000000001156 16.11119027379255 254.55
    vertex 48.20000000001156 13.36150204188017 254.55
    vertex 49.60000000000573 14.73634615783689 254.55
  endloop
endfacet
facet normal 0 -0 1
  outer loop
    vertex 50.9999999999999 13.36150204188123 254.55
    vertex 50.9999999999999 16.11119027379255 254.55
    vertex 49.60000000000573 14.73634615783689 254.55
  endloop
endfacet
facet normal 0 -0 1
  outer loop
    vertex 50.9999999999999 10.61181380996992 254.55
    vertex 50.9999999999999 13.36150204188123 254.55
    vertex 49.60000000000625 11.98665792592558 254.55
  endloop
endfacet
facet normal 0 0 1
  outer loop
    vertex 50.9999999999999 13.36150204188123 254.55
    vertex 49.60000000000573 14.73634615783689 254.55
    vertex 49.60000000000625 11.98665792592558 254.55
  endloop
endfacet
facet normal 0 0 1
  outer loop
    vertex 49.60000000000573 14.73634615783689 254.55
    vertex 48.20000000001156 13.36150204188017 254.55
    vertex 49.60000000000625 11.98665792592558 254.55
  endloop
endfacet
facet normal -0.698215 -0.157757 0.69829
  outer loop
    vertex 49.70000000001152 13.38070609829721 274.55
    vertex 48.63933982823175 16.1303945521613 274.1106601717798
    vertex 48.20000000001151 13.37998595450422 273.05
  endloop
endfacet
facet normal -0.698288 0.157773 0.698213
  outer loop
    vertex 49.70000000001152 13.38070609829721 274.55
    vertex 48.20000000001151 13.37998595450422 273.05
    vertex 48.63933970599494 10.63059579384819 274.1106600495431
  endloop
endfacet
facet normal -0.382683 6.92221e-15 0.92388
  outer loop
    vertex 49.70000000001152 13.38070609829721 274.55
    vertex 48.63933970599494 10.63059579384819 274.1106600495431
    vertex 49.70000000001147 10.63101764443311 274.55
  endloop
endfacet
facet normal -0.92388 1.43255e-14 0.382683
  outer loop
    vertex 48.63933970599494 10.63059579384819 274.1106600495431
    vertex 48.20000000001151 13.37998595450422 273.05
    vertex 48.20000000001147 10.62957735684714 273.05
  endloop
endfacet
facet normal -0.92388 1.9102e-14 0.382683
  outer loop
    vertex 48.63933982823175 16.1303945521613 274.1106601717798
    vertex 48.20000000001157 16.1303945521613 273.05
    vertex 48.20000000001151 13.37998595450422 273.05
  endloop
endfacet
facet normal -0.382683 6.9222e-15 0.92388
  outer loop
    vertex 49.70000000001157 16.1303945521613 274.55
    vertex 48.63933982823175 16.1303945521613 274.1106601717798
    vertex 49.70000000001152 13.38070609829721 274.55
  endloop
endfacet
facet normal -0.698197 0.157912 -0.698273
  outer loop
    vertex 49.70000000001151 13.36385451160261 259.45
    vertex 48.63933970599492 10.61694059999594 259.8893399504569
    vertex 48.20000000001151 13.36457465539444 260.95
  endloop
endfacet
facet normal -0.698271 -0.157929 -0.698195
  outer loop
    vertex 49.70000000001151 13.36385451160261 259.45
    vertex 48.20000000001151 13.36457465539444 260.95
    vertex 48.63933982823174 16.11119027379256 259.8893398282202
  endloop
endfacet
facet normal -0.92388 1.43488e-14 -0.382683
  outer loop
    vertex 48.63933970599492 10.61694059999594 259.8893399504569
    vertex 48.20000000001147 10.61795903699631 260.95
    vertex 48.20000000001151 13.36457465539444 260.95
  endloop
endfacet
facet normal -0.382683 6.92813e-15 -0.92388
  outer loop
    vertex 49.70000000001151 13.36385451160261 259.45
    vertex 49.70000000001146 10.61651874941265 259.45
    vertex 48.63933970599492 10.61694059999594 259.8893399504569
  endloop
endfacet
facet normal -0.92388 1.6738e-14 -0.382683
  outer loop
    vertex 48.63933982823174 16.11119027379256 259.8893398282202
    vertex 48.20000000001151 13.36457465539444 260.95
    vertex 48.20000000001156 16.11119027379255 260.95
  endloop
endfacet
facet normal -0.382683 6.92813e-15 -0.92388
  outer loop
    vertex 49.70000000001151 13.36385451160261 259.45
    vertex 48.63933982823174 16.11119027379256 259.8893398282202
    vertex 49.70000000001156 16.11119027379255 259.45
  endloop
endfacet
facet normal 0 1 -0
  outer loop
    vertex 50.19883897791887 21.1111902737934 251.035601846684
    vertex 49.68358522131645 21.1111902737934 252.5659586947871
    vertex 51.78741859334271 21.1111902737934 252.7049053234576
  endloop
endfacet
facet normal 0 1 0
  outer loop
    vertex 51.80661430640432 21.1111902737934 281.2758012270044
    vertex 49.69217344149552 21.1111902737934 281.4189501261743
    vertex 50.21929989201477 21.1111902737934 282.935616552072
  endloop
endfacet
facet normal 8.98208e-15 1 6.33385e-15
  outer loop
    vertex 56.9499999999847 21.1111902737934 275.4136329103579
    vertex 55.20905173951969 21.1111902737934 277.8824849366251
    vertex 56.9499999999847 21.11119027379339 278.2181772138094
  endloop
endfacet
facet normal -1.18845e-14 1 8.86739e-15
  outer loop
    vertex 56.9499999999847 21.11119027379343 255.7818227861976
    vertex 55.21420941680373 21.1111902737934 256.259981963372
    vertex 56.9499999999847 21.1111902737934 258.5863670896491
  endloop
endfacet
facet normal 0 1 0
  outer loop
    vertex 48.20000000001161 21.1111902737934 254.05
    vertex 49.68358522131645 21.1111902737934 252.5659586947871
    vertex 48.20000000001161 21.1111902737934 251.035601846684
  endloop
endfacet
facet normal 0 1 -0
  outer loop
    vertex 50.9999999999999 21.1111902737934 279.95
    vertex 49.69217344149552 21.1111902737934 281.4189501261743
    vertex 51.80661430640432 21.1111902737934 281.2758012270044
  endloop
endfacet
facet normal 0 1 0
  outer loop
    vertex 56.9499999999847 21.1111902737934 258.5863670896491
    vertex 55.21420941680373 21.1111902737934 256.259981963372
    vertex 54.86076634940814 21.1111902737934 258.4942364973223
  endloop
endfacet
facet normal -0 1 0
  outer loop
    vertex 54.86092438117785 21.1111902737934 275.5053743184897
    vertex 55.20905173951969 21.1111902737934 277.8824849366251
    vertex 56.9499999999847 21.1111902737934 275.4136329103579
  endloop
endfacet
facet normal 0 1 0
  outer loop
    vertex 51.78741859334271 21.1111902737934 252.7049053234576
    vertex 49.68358522131645 21.1111902737934 252.5659586947871
    vertex 50.9999999999999 21.1111902737934 254.0499999999999
  endloop
endfacet
facet normal 0 1 0
  outer loop
    vertex 50.9999999999999 21.1111902737934 274.0499999999999
    vertex 50.61183410846247 21.1111902737934 272.0253654837797
    vertex 48.20000000001161 21.1111902737934 274.05
  endloop
endfacet
facet normal 0 1 0
  outer loop
    vertex 48.2000000000116 21.1111902737934 259.95
    vertex 50.54118203964389 21.1111902737934 261.9716811339464
    vertex 50.9999999999999 21.1111902737934 259.95
  endloop
endfacet
facet normal 1.17142e-15 1 -1.18994e-15
  outer loop
    vertex 48.20000000001153 21.11119027379341 282.935616552072
    vertex 49.69217344149552 21.1111902737934 281.4189501261743
    vertex 48.2000000000116 21.1111902737934 279.95
  endloop
endfacet
facet normal -0 1 0
  outer loop
    vertex 50.19883897791887 21.1111902737934 251.035601846684
    vertex 51.78741859334271 21.1111902737934 252.7049053234576
    vertex 52.19767795582612 21.1111902737934 251.0356018466838
  endloop
endfacet
facet normal -5.27814e-15 1 -5.04759e-15
  outer loop
    vertex 52.238599784018 21.11119027379342 282.935616552072
    vertex 51.80661430640432 21.1111902737934 281.2758012270044
    vertex 50.21929989201477 21.1111902737934 282.935616552072
  endloop
endfacet
facet normal -9.35006e-16 1 -5.43269e-15
  outer loop
    vertex 55.56347172143698 21.11119027379341 279.9674705096602
    vertex 53.08596500450022 21.1111902737934 279.0859650045002
    vertex 53.98611551717542 21.11119027379342 281.5468485856758
  endloop
endfacet
facet normal -3.30285e-15 1 -1.16421e-15
  outer loop
    vertex 55.55237648974293 21.11119027379341 254.0200794108447
    vertex 53.96121531995313 21.1111902737934 252.4309609984113
    vertex 53.08596500450022 21.1111902737934 254.9140349954996
  endloop
endfacet
facet normal 0 1 0
  outer loop
    vertex 48.20000000001161 21.1111902737934 274.05
    vertex 50.61183410846247 21.1111902737934 272.0253654837797
    vertex 48.2000000000116 21.1111902737934 271.23
  endloop
endfacet
facet normal 0 1 0
  outer loop
    vertex 48.2000000000116 21.1111902737934 262.77
    vertex 50.54118203964389 21.1111902737934 261.9716811339464
    vertex 48.2000000000116 21.1111902737934 259.95
  endloop
endfacet
facet normal 0 1 0
  outer loop
    vertex 54.86076634940814 21.1111902737934 258.4942364973223
    vertex 55.21420941680373 21.1111902737934 256.259981963372
    vertex 53.94999999999991 21.1111902737934 256.9999999999999
  endloop
endfacet
facet normal -0 1 0
  outer loop
    vertex 53.94999999999991 21.1111902737934 276.9999999999999
    vertex 55.20905173951969 21.1111902737934 277.8824849366251
    vertex 54.86092438117785 21.1111902737934 275.5053743184897
  endloop
endfacet
facet normal 0 1 0
  outer loop
    vertex 54.94386577814317 21.1111902737934 271.2636000985802
    vertex 55.0031848429055 21.1111902737934 268.5258880200735
    vertex 52.81178494853052 21.1111902737934 270.2972739136888
  endloop
endfacet
facet normal 0 1 0
  outer loop
    vertex 54.52298049655724 21.1111902737934 265.6914160078725
    vertex 52.13797004783242 21.1111902737934 265.6691623018283
    vertex 52.6537883943581 21.1111902737934 267.8105211985035
  endloop
endfacet
facet normal 0 1 0
  outer loop
    vertex 53.96121531995313 21.1111902737934 252.4309609984113
    vertex 51.78741859334271 21.1111902737934 252.7049053234576
    vertex 53.08596500450022 21.1111902737934 254.9140349954996
  endloop
endfacet
facet normal -0 1 0
  outer loop
    vertex 52.6537883943581 21.1111902737934 267.8105211985035
    vertex 55.0031848429055 21.1111902737934 268.5258880200735
    vertex 54.52298049655724 21.1111902737934 265.6914160078725
  endloop
endfacet
facet normal -0 1 0
  outer loop
    vertex 48.2000000000116 21.1111902737934 265.59
    vertex 50.45724786851807 21.1111902737934 267.0082686866397
    vertex 50.45529631318099 21.1111902737934 264.4182070019476
  endloop
endfacet
facet normal -6.07859e-15 1 -3.55125e-15
  outer loop
    vertex 53.08596500450022 21.1111902737934 279.0859650045002
    vertex 51.80661430640432 21.1111902737934 281.2758012270044
    vertex 53.98611551717542 21.11119027379342 281.5468485856758
  endloop
endfacet
facet normal -1.762e-15 1 -3.10839e-15
  outer loop
    vertex 55.56347172143698 21.11119027379341 279.9674705096602
    vertex 55.20905173951969 21.1111902737934 277.8824849366251
    vertex 53.08596500450022 21.1111902737934 279.0859650045002
  endloop
endfacet
facet normal 0 1 0
  outer loop
    vertex 52.81178494853052 21.1111902737934 270.2972739136888
    vertex 55.0031848429055 21.1111902737934 268.5258880200735
    vertex 52.6537883943581 21.1111902737934 267.8105211985035
  endloop
endfacet
facet normal -1.83132e-15 1 2.89572e-15
  outer loop
    vertex 53.08596500450022 21.1111902737934 254.9140349954996
    vertex 55.21420941680373 21.1111902737934 256.259981963372
    vertex 55.55237648974293 21.11119027379341 254.0200794108447
  endloop
endfacet
facet normal 0 1 0
  outer loop
    vertex 50.60196278108454 21.1111902737934 269.5950345973127
    vertex 50.45724786851807 21.1111902737934 267.0082686866397
    vertex 48.2000000000116 21.1111902737934 268.41
  endloop
endfacet
facet normal 0 1 0
  outer loop
    vertex 48.2000000000116 21.1111902737934 265.59
    vertex 50.45529631318099 21.1111902737934 264.4182070019476
    vertex 48.2000000000116 21.1111902737934 262.77
  endloop
endfacet
facet normal 0 1 0
  outer loop
    vertex 48.2000000000116 21.1111902737934 271.23
    vertex 50.60196278108454 21.1111902737934 269.5950345973127
    vertex 48.2000000000116 21.1111902737934 268.41
  endloop
endfacet
facet normal 0 1 0
  outer loop
    vertex 50.60196278108454 21.1111902737934 269.5950345973127
    vertex 52.6537883943581 21.1111902737934 267.8105211985035
    vertex 50.45724786851807 21.1111902737934 267.0082686866397
  endloop
endfacet
facet normal 0 1 0
  outer loop
    vertex 48.2000000000116 21.1111902737934 268.41
    vertex 50.45724786851807 21.1111902737934 267.0082686866397
    vertex 48.2000000000116 21.1111902737934 265.59
  endloop
endfacet
facet normal 0 1 -0
  outer loop
    vertex 56.9499999999847 21.1111902737934 264.195455696552
    vertex 54.52298049655724 21.1111902737934 265.6914160078725
    vertex 56.9499999999847 21.1111902737934 267.0000000000035
  endloop
endfacet
facet normal 0 1 -0
  outer loop
    vertex 56.9499999999847 21.1111902737934 261.3909113931005
    vertex 54.78328698421733 21.1111902737934 262.7468542792051
    vertex 56.9499999999847 21.1111902737934 264.195455696552
  endloop
endfacet
facet normal 0 1 0
  outer loop
    vertex 50.9999999999999 21.1111902737934 254.0499999999999
    vertex 49.68358522131645 21.1111902737934 252.5659586947871
    vertex 48.20000000001161 21.1111902737934 254.05
  endloop
endfacet
facet normal 0 1 0
  outer loop
    vertex 48.2000000000116 21.1111902737934 279.95
    vertex 49.69217344149552 21.1111902737934 281.4189501261743
    vertex 50.9999999999999 21.1111902737934 279.95
  endloop
endfacet
facet normal 0 1 -0
  outer loop
    vertex 56.9499999999847 21.1111902737934 272.6090886069065
    vertex 54.88494548411643 21.1111902737934 273.538537224025
    vertex 56.9499999999847 21.1111902737934 275.4136329103579
  endloop
endfacet
facet normal 0 1 -0
  outer loop
    vertex 56.9499999999847 21.1111902737934 258.5863670896491
    vertex 54.88494548411806 21.1111902737934 260.4614627759749
    vertex 56.9499999999847 21.1111902737934 261.3909113931005
  endloop
endfacet
facet normal 0 1 0
  outer loop
    vertex 50.45529631318099 21.1111902737934 264.4182070019476
    vertex 50.54118203964389 21.1111902737934 261.9716811339464
    vertex 48.2000000000116 21.1111902737934 262.77
  endloop
endfacet
facet normal -0 1 0
  outer loop
    vertex 48.2000000000116 21.1111902737934 271.23
    vertex 50.61183410846247 21.1111902737934 272.0253654837797
    vertex 50.60196278108454 21.1111902737934 269.5950345973127
  endloop
endfacet
facet normal 0 1 0
  outer loop
    vertex 56.9499999999847 21.1111902737934 261.3909113931005
    vertex 54.88494548411806 21.1111902737934 260.4614627759749
    vertex 54.78328698421733 21.1111902737934 262.7468542792051
  endloop
endfacet
facet normal 0 1 0
  outer loop
    vertex 52.6537883943581 21.1111902737934 267.8105211985035
    vertex 52.13797004783242 21.1111902737934 265.6691623018283
    vertex 50.45724786851807 21.1111902737934 267.0082686866397
  endloop
endfacet
facet normal 0 1 0
  outer loop
    vertex 54.78328698421733 21.1111902737934 262.7468542792051
    vertex 54.88494548411806 21.1111902737934 260.4614627759749
    vertex 52.79125875811157 21.1111902737934 261.3244811875526
  endloop
endfacet
facet normal 0 1 0
  outer loop
    vertex 53.08596500450022 21.1111902737934 274.9140349954995
    vertex 52.85005131402892 21.1111902737934 272.6868499522274
    vertex 50.9999999999999 21.1111902737934 274.0499999999999
  endloop
endfacet
facet normal -0 1 0
  outer loop
    vertex 50.9999999999999 21.1111902737934 259.95
    vertex 52.79125875811157 21.1111902737934 261.3244811875526
    vertex 53.08596500450022 21.1111902737934 259.0859650045002
  endloop
endfacet
facet normal 0 1 0
  outer loop
    vertex 56.9499999999847 21.1111902737934 264.195455696552
    vertex 54.78328698421733 21.1111902737934 262.7468542792051
    vertex 54.52298049655724 21.1111902737934 265.6914160078725
  endloop
endfacet
facet normal 0 1 0
  outer loop
    vertex 54.52298049655724 21.1111902737934 265.6914160078725
    vertex 55.0031848429055 21.1111902737934 268.5258880200735
    vertex 56.9499999999847 21.1111902737934 267.0000000000035
  endloop
endfacet
facet normal 0 1 0
  outer loop
    vertex 54.78328698421733 21.1111902737934 262.7468542792051
    vertex 52.56896842847434 21.1111902737934 263.529423293369
    vertex 54.52298049655724 21.1111902737934 265.6914160078725
  endloop
endfacet
facet normal 0 1 -0
  outer loop
    vertex 56.9499999999847 21.1111902737934 269.804544303455
    vertex 54.94386577814317 21.1111902737934 271.2636000985802
    vertex 56.9499999999847 21.1111902737934 272.6090886069065
  endloop
endfacet
facet normal 0 1 0
  outer loop
    vertex 53.08596500450022 21.1111902737934 254.9140349954996
    vertex 51.78741859334271 21.1111902737934 252.7049053234576
    vertex 50.9999999999999 21.1111902737934 254.0499999999999
  endloop
endfacet
facet normal -0 1 0
  outer loop
    vertex 50.9999999999999 21.1111902737934 279.95
    vertex 51.80661430640432 21.1111902737934 281.2758012270044
    vertex 53.08596500450022 21.1111902737934 279.0859650045002
  endloop
endfacet
facet normal 0 1 0
  outer loop
    vertex 53.08596500450022 21.1111902737934 279.0859650045002
    vertex 55.20905173951969 21.1111902737934 277.8824849366251
    vertex 53.94999999999991 21.1111902737934 276.9999999999999
  endloop
endfacet
facet normal 0 1 0
  outer loop
    vertex 53.94999999999991 21.1111902737934 256.9999999999999
    vertex 55.21420941680373 21.1111902737934 256.259981963372
    vertex 53.08596500450022 21.1111902737934 254.9140349954996
  endloop
endfacet
facet normal 0 1 0
  outer loop
    vertex 56.9499999999847 21.1111902737934 269.804544303455
    vertex 55.0031848429055 21.1111902737934 268.5258880200735
    vertex 54.94386577814317 21.1111902737934 271.2636000985802
  endloop
endfacet
facet normal 0 1 0
  outer loop
    vertex 54.52298049655724 21.1111902737934 265.6914160078725
    vertex 52.56896842847434 21.1111902737934 263.529423293369
    vertex 52.13797004783242 21.1111902737934 265.6691623018283
  endloop
endfacet
facet normal 0 1 0
  outer loop
    vertex 52.79125875811157 21.1111902737934 261.3244811875526
    vertex 54.88494548411806 21.1111902737934 260.4614627759749
    vertex 53.08596500450022 21.1111902737934 259.0859650045002
  endloop
endfacet
facet normal 0 1 0
  outer loop
    vertex 53.08596500450022 21.1111902737934 274.9140349954995
    vertex 54.88494548411643 21.1111902737934 273.538537224025
    vertex 52.85005131402892 21.1111902737934 272.6868499522274
  endloop
endfacet
facet normal -0 1 0
  outer loop
    vertex 52.85005131402892 21.1111902737934 272.6868499522274
    vertex 54.88494548411643 21.1111902737934 273.538537224025
    vertex 54.94386577814317 21.1111902737934 271.2636000985802
  endloop
endfacet
facet normal 0 1 -0
  outer loop
    vertex 54.88494548411643 21.1111902737934 273.538537224025
    vertex 54.86092438117785 21.1111902737934 275.5053743184897
    vertex 56.9499999999847 21.1111902737934 275.4136329103579
  endloop
endfacet
facet normal 0 1 0
  outer loop
    vertex 56.9499999999847 21.1111902737934 258.5863670896491
    vertex 54.86076634940814 21.1111902737934 258.4942364973223
    vertex 54.88494548411806 21.1111902737934 260.4614627759749
  endloop
endfacet
facet normal 0 1 0
  outer loop
    vertex 50.45724786851807 21.1111902737934 267.0082686866397
    vertex 52.13797004783242 21.1111902737934 265.6691623018283
    vertex 50.45529631318099 21.1111902737934 264.4182070019476
  endloop
endfacet
facet normal 0 1 -0
  outer loop
    vertex 52.19767795582612 21.1111902737934 251.0356018466838
    vertex 51.78741859334271 21.1111902737934 252.7049053234576
    vertex 53.96121531995313 21.1111902737934 252.4309609984113
  endloop
endfacet
facet normal -5.91305e-15 1 -4.88234e-15
  outer loop
    vertex 53.98611551717542 21.11119027379342 281.5468485856758
    vertex 51.80661430640432 21.1111902737934 281.2758012270044
    vertex 52.238599784018 21.11119027379342 282.935616552072
  endloop
endfacet
facet normal -0 1 0
  outer loop
    vertex 50.60196278108454 21.1111902737934 269.5950345973127
    vertex 52.81178494853052 21.1111902737934 270.2972739136888
    vertex 52.6537883943581 21.1111902737934 267.8105211985035
  endloop
endfacet
facet normal 0 1 -0
  outer loop
    vertex 50.9999999999999 21.1111902737934 259.95
    vertex 50.54118203964389 21.1111902737934 261.9716811339464
    vertex 52.79125875811157 21.1111902737934 261.3244811875526
  endloop
endfacet
facet normal 0 1 0
  outer loop
    vertex 52.85005131402892 21.1111902737934 272.6868499522274
    vertex 50.61183410846247 21.1111902737934 272.0253654837797
    vertex 50.9999999999999 21.1111902737934 274.0499999999999
  endloop
endfacet
facet normal 0 1 -0
  outer loop
    vertex 54.94386577814317 21.1111902737934 271.2636000985802
    vertex 54.88494548411643 21.1111902737934 273.538537224025
    vertex 56.9499999999847 21.1111902737934 272.6090886069065
  endloop
endfacet
facet normal 0 1 -0
  outer loop
    vertex 56.9499999999847 21.1111902737934 267.0000000000035
    vertex 55.0031848429055 21.1111902737934 268.5258880200735
    vertex 56.9499999999847 21.1111902737934 269.804544303455
  endloop
endfacet
facet normal 0 1 0
  outer loop
    vertex 52.85005131402892 21.1111902737934 272.6868499522274
    vertex 52.81178494853052 21.1111902737934 270.2972739136888
    vertex 50.61183410846247 21.1111902737934 272.0253654837797
  endloop
endfacet
facet normal 0 1 0
  outer loop
    vertex 50.61183410846247 21.1111902737934 272.0253654837797
    vertex 52.81178494853052 21.1111902737934 270.2972739136888
    vertex 50.60196278108454 21.1111902737934 269.5950345973127
  endloop
endfacet
facet normal 0 1 0
  outer loop
    vertex 54.94386577814317 21.1111902737934 271.2636000985802
    vertex 52.81178494853052 21.1111902737934 270.2972739136888
    vertex 52.85005131402892 21.1111902737934 272.6868499522274
  endloop
endfacet
facet normal 1.12285e-14 1 -5.31661e-15
  outer loop
    vertex 56.9499999999847 21.11119027379339 278.2181772138094
    vertex 55.20905173951969 21.1111902737934 277.8824849366251
    vertex 55.56347172143698 21.11119027379341 279.9674705096602
  endloop
endfacet
facet normal 0 1 0
  outer loop
    vertex 48.20000000001161 21.1111902737934 251.035601846684
    vertex 49.68358522131645 21.1111902737934 252.5659586947871
    vertex 50.19883897791887 21.1111902737934 251.035601846684
  endloop
endfacet
facet normal -1.40371e-14 1 1.05296e-15
  outer loop
    vertex 55.55237648974293 21.11119027379341 254.0200794108447
    vertex 55.21420941680373 21.1111902737934 256.259981963372
    vertex 56.9499999999847 21.11119027379343 255.7818227861976
  endloop
endfacet
facet normal 1.75938e-15 1 -6.11483e-16
  outer loop
    vertex 50.21929989201477 21.1111902737934 282.935616552072
    vertex 49.69217344149552 21.1111902737934 281.4189501261743
    vertex 48.20000000001153 21.11119027379341 282.935616552072
  endloop
endfacet
facet normal 0 1 -0
  outer loop
    vertex 52.79125875811157 21.1111902737934 261.3244811875526
    vertex 52.56896842847434 21.1111902737934 263.529423293369
    vertex 54.78328698421733 21.1111902737934 262.7468542792051
  endloop
endfacet
facet normal 0 1 0
  outer loop
    vertex 53.08596500450022 21.1111902737934 259.0859650045002
    vertex 54.86076634940814 21.1111902737934 258.4942364973223
    vertex 53.94999999999991 21.1111902737934 256.9999999999999
  endloop
endfacet
facet normal 0 1 0
  outer loop
    vertex 53.94999999999991 21.1111902737934 276.9999999999999
    vertex 54.86092438117785 21.1111902737934 275.5053743184897
    vertex 53.08596500450022 21.1111902737934 274.9140349954995
  endloop
endfacet
facet normal -0 1 0
  outer loop
    vertex 50.54118203964389 21.1111902737934 261.9716811339464
    vertex 52.56896842847434 21.1111902737934 263.529423293369
    vertex 52.79125875811157 21.1111902737934 261.3244811875526
  endloop
endfacet
facet normal 0 1 0
  outer loop
    vertex 54.88494548411806 21.1111902737934 260.4614627759749
    vertex 54.86076634940814 21.1111902737934 258.4942364973223
    vertex 53.08596500450022 21.1111902737934 259.0859650045002
  endloop
endfacet
facet normal -0 1 0
  outer loop
    vertex 53.08596500450022 21.1111902737934 274.9140349954995
    vertex 54.86092438117785 21.1111902737934 275.5053743184897
    vertex 54.88494548411643 21.1111902737934 273.538537224025
  endloop
endfacet
facet normal 0 1 0
  outer loop
    vertex 50.45529631318099 21.1111902737934 264.4182070019476
    vertex 52.56896842847434 21.1111902737934 263.529423293369
    vertex 50.54118203964389 21.1111902737934 261.9716811339464
  endloop
endfacet
facet normal 0 1 0
  outer loop
    vertex 52.13797004783242 21.1111902737934 265.6691623018283
    vertex 52.56896842847434 21.1111902737934 263.529423293369
    vertex 50.45529631318099 21.1111902737934 264.4182070019476
  endloop
endfacet
facet normal 0 -1 0
  outer loop
    vertex 48.20000000001157 16.1303945521613 275.1833333333333
    vertex 48.63933982823175 16.1303945521613 274.1106601717798
    vertex 49.70000000001157 16.1303945521613 274.55
  endloop
endfacet
facet normal -0 -1 0
  outer loop
    vertex 49.61435935394481 16.1303945521613 277.8
    vertex 48.20000000001155 16.1303945521613 279.45
    vertex 48.20000000001157 16.1303945521613 277.3166666666667
  endloop
endfacet
facet normal 0 -1 0
  outer loop
    vertex 49.61435935394481 16.1303945521613 276.2
    vertex 49.61435935394481 16.1303945521613 277.8
    vertex 48.20000000001157 16.1303945521613 277.3166666666667
  endloop
endfacet
facet normal -0 -1 0
  outer loop
    vertex 48.63933982823175 16.1303945521613 274.1106601717798
    vertex 48.20000000001157 16.1303945521613 275.1833333333333
    vertex 48.20000000001157 16.1303945521613 273.05
  endloop
endfacet
facet normal -1.70732e-07 -1 2.6112e-07
  outer loop
    vertex 50.9999999999999 16.13039433020945 274.55
    vertex 50.9999999999999 16.1303945521613 275.4
    vertex 49.70000000001157 16.1303945521613 274.55
  endloop
endfacet
facet normal -1.50758e-07 -1 2.6112e-07
  outer loop
    vertex 52.38564064605499 16.1303945521613 276.2
    vertex 50.9999999999999 16.1303945521613 275.4
    vertex 50.9999999999999 16.13039433020945 274.55
  endloop
endfacet
facet normal -0 -1 0
  outer loop
    vertex 50.9999999999999 16.1303945521613 275.4
    vertex 49.61435935394481 16.1303945521613 276.2
    vertex 49.70000000001157 16.1303945521613 274.55
  endloop
endfacet
facet normal 1.50758e-07 -1 -2.6112e-07
  outer loop
    vertex 50.9999999999999 16.1303945521613 278.6
    vertex 50.9999999999999 16.13039433020945 279.45
    vertex 49.61435935394481 16.1303945521613 277.8
  endloop
endfacet
facet normal -2.55365e-07 -1 -2.6112e-07
  outer loop
    vertex 50.9999999999999 16.13039433020945 279.45
    vertex 50.9999999999999 16.1303945521613 278.6
    vertex 53.12176223927178 16.1303941082576 278.225
  endloop
endfacet
facet normal -3.01515e-07 -1 -5.2224e-07
  outer loop
    vertex 50.9999999999999 16.1303945521613 278.6
    vertex 52.38564064605499 16.1303945521613 277.8
    vertex 53.12176223927178 16.1303941082576 278.225
  endloop
endfacet
facet normal -7.92685e-08 -1 -6.7948e-08
  outer loop
    vertex 50.9999999999999 16.13039433020945 279.45
    vertex 48.20000000001155 16.1303945521613 279.45
    vertex 49.61435935394481 16.1303945521613 277.8
  endloop
endfacet
facet normal -3.53819e-07 -1 4.31647e-07
  outer loop
    vertex 52.38564064605499 16.1303945521613 276.2
    vertex 50.9999999999999 16.13039433020945 274.55
    vertex 53.12176223927178 16.1303941082576 275.775
  endloop
endfacet
facet normal 0 -1 -0
  outer loop
    vertex 49.61435935394481 16.1303945521613 276.2
    vertex 48.20000000001157 16.1303945521613 275.1833333333333
    vertex 49.70000000001157 16.1303945521613 274.55
  endloop
endfacet
facet normal 0 -1 0
  outer loop
    vertex 48.20000000001157 16.1303945521613 275.1833333333333
    vertex 49.61435935394481 16.1303945521613 276.2
    vertex 48.20000000001157 16.1303945521613 277.3166666666667
  endloop
endfacet
facet normal -6.0303e-07 -1 -0
  outer loop
    vertex 53.12176223927178 16.1303941082576 278.225
    vertex 52.38564064605499 16.1303945521613 277.8
    vertex 53.12176223927178 16.1303941082576 275.775
  endloop
endfacet
facet normal -6.0303e-07 -1 -0
  outer loop
    vertex 52.38564064605499 16.1303945521613 277.8
    vertex 52.38564064605499 16.1303945521613 276.2
    vertex 53.12176223927178 16.1303941082576 275.775
  endloop
endfacet
facet normal -1.6908e-15 -1 4.00453e-15
  outer loop
    vertex 49.70000000001156 16.11119027379255 259.45
    vertex 48.63933982823174 16.11119027379256 259.8893398282202
    vertex 48.20000000001157 16.11119027379255 258.8166666666667
  endloop
endfacet
facet normal 0 -1 0
  outer loop
    vertex 48.20000000001156 16.11119027379255 256.6833333333333
    vertex 48.20000000001156 16.11119027379255 254.55
    vertex 49.61435935394481 16.11119027379255 256.2
  endloop
endfacet
facet normal 0 -1 -0
  outer loop
    vertex 49.61435935394481 16.11119027379255 257.8
    vertex 48.20000000001156 16.11119027379255 256.6833333333333
    vertex 49.61435935394481 16.11119027379255 256.2
  endloop
endfacet
facet normal 8.08648e-15 -1 2.69334e-29
  outer loop
    vertex 48.63933982823174 16.11119027379256 259.8893398282202
    vertex 48.20000000001156 16.11119027379255 260.95
    vertex 48.20000000001157 16.11119027379255 258.8166666666667
  endloop
endfacet
facet normal -0 -1 -0
  outer loop
    vertex 50.9999999999999 16.11119027379255 255.4
    vertex 49.61435935394481 16.11119027379255 256.2
    vertex 50.9999999999999 16.11119027379255 254.55
  endloop
endfacet
facet normal 0 -1 0
  outer loop
    vertex 52.38564064605499 16.11119027379255 256.2
    vertex 50.9999999999999 16.11119027379255 255.4
    vertex 50.9999999999999 16.11119027379255 254.55
  endloop
endfacet
facet normal 0 -1 0
  outer loop
    vertex 49.70000000001156 16.11119027379255 259.45
    vertex 50.9999999999999 16.11119027379255 258.6
    vertex 50.9999999999999 16.11119027379255 259.45
  endloop
endfacet
facet normal -0 -1 0
  outer loop
    vertex 50.9999999999999 16.11119027379255 258.6
    vertex 49.70000000001156 16.11119027379255 259.45
    vertex 49.61435935394481 16.11119027379255 257.8
  endloop
endfacet
facet normal 0 -1 0
  outer loop
    vertex 50.9999999999999 16.11119027379255 258.6
    vertex 53.12176223927178 16.11119027379255 258.225
    vertex 50.9999999999999 16.11119027379255 259.45
  endloop
endfacet
facet normal -0 -1 0
  outer loop
    vertex 53.12176223927178 16.11119027379255 258.225
    vertex 50.9999999999999 16.11119027379255 258.6
    vertex 52.38564064605499 16.11119027379255 257.8
  endloop
endfacet
facet normal 0 -1 -0
  outer loop
    vertex 49.61435935394481 16.11119027379255 256.2
    vertex 48.20000000001156 16.11119027379255 254.55
    vertex 50.9999999999999 16.11119027379255 254.55
  endloop
endfacet
facet normal 0 -1 0
  outer loop
    vertex 49.61435935394481 16.11119027379255 257.8
    vertex 49.70000000001156 16.11119027379255 259.45
    vertex 48.20000000001157 16.11119027379255 258.8166666666667
  endloop
endfacet
facet normal -0 -1 0
  outer loop
    vertex 53.12176223927178 16.11119027379255 255.775
    vertex 52.38564064605499 16.11119027379255 256.2
    vertex 50.9999999999999 16.11119027379255 254.55
  endloop
endfacet
facet normal 0 -1 0
  outer loop
    vertex 48.20000000001156 16.11119027379255 256.6833333333333
    vertex 49.61435935394481 16.11119027379255 257.8
    vertex 48.20000000001157 16.11119027379255 258.8166666666667
  endloop
endfacet
facet normal 0 -1 0
  outer loop
    vertex 53.12176223927178 16.11119027379255 255.775
    vertex 53.12176223927178 16.11119027379255 258.225
    vertex 52.38564064605499 16.11119027379255 257.8
  endloop
endfacet
facet normal 0 -1 0
  outer loop
    vertex 52.38564064605499 16.11119027379255 256.2
    vertex 53.12176223927178 16.11119027379255 255.775
    vertex 52.38564064605499 16.11119027379255 257.8
  endloop
endfacet
facet normal 2.03012e-14 0 1
  outer loop
    vertex 48.20000000001161 21.1111902737934 254.05
    vertex 48.20000000001161 19.1111902737935 254.05
    vertex 49.60000000000576 20.11119027379345 254.05
  endloop
endfacet
facet normal 6.09037e-14 -0 1
  outer loop
    vertex 50.9999999999999 19.1111902737935 254.0499999999999
    vertex 50.9999999999999 21.1111902737934 254.0499999999999
    vertex 49.60000000000576 20.11119027379345 254.05
  endloop
endfacet
facet normal 4.06024e-14 -2.84217e-14 1
  outer loop
    vertex 48.20000000001161 19.1111902737935 254.05
    vertex 50.9999999999999 19.1111902737935 254.0499999999999
    vertex 49.60000000000576 20.11119027379345 254.05
  endloop
endfacet
facet normal 4.06024e-14 2.84217e-14 1
  outer loop
    vertex 50.9999999999999 21.1111902737934 254.0499999999999
    vertex 48.20000000001161 21.1111902737934 254.05
    vertex 49.60000000000576 20.11119027379345 254.05
  endloop
endfacet
facet normal -0.900938 -0.221465 -0.373181
  outer loop
    vertex 53.08596500450022 21.1111902737934 259.0859650045002
    vertex 53.94999999999991 21.1111902737934 256.9999999999999
    vertex 53.72544462090821 20.12241505929159 258.1289161254769
  endloop
endfacet
facet normal -0.900938 -0.221465 0.373181
  outer loop
    vertex 53.94999999999991 21.1111902737934 256.9999999999999
    vertex 53.08596500450022 21.1111902737934 254.9140349954996
    vertex 53.7254446209082 20.1224150592916 255.8710838745229
  endloop
endfacet
facet normal -0.373385 -0.219099 -0.901432
  outer loop
    vertex 50.9999999999999 21.1111902737934 259.95
    vertex 53.08596500450022 21.1111902737934 259.0859650045002
    vertex 52.12871910164262 20.11119027379345 259.7255262225094
  endloop
endfacet
facet normal -0.373385 0.219099 -0.901432
  outer loop
    vertex 53.08596500450022 19.1111902737935 259.0859650045002
    vertex 50.9999999999999 19.1111902737935 259.95
    vertex 52.12871910164262 20.11119027379345 259.7255262225094
  endloop
endfacet
facet normal -0.373385 -0.219099 0.901432
  outer loop
    vertex 53.08596500450022 21.1111902737934 254.9140349954996
    vertex 50.9999999999999 21.1111902737934 254.0499999999999
    vertex 52.12911314341176 20.11119027379345 254.2746369949353
  endloop
endfacet
facet normal -0.373385 0.219099 0.901432
  outer loop
    vertex 50.9999999999999 19.1111902737935 254.0499999999999
    vertex 53.08596500450022 19.1111902737935 254.9140349954996
    vertex 52.12911314341176 20.11119027379345 254.2746369949353
  endloop
endfacet
facet normal -0.90191 0.216782 -0.373583
  outer loop
    vertex 53.94999999999991 19.1111902737935 256.9999999999999
    vertex 53.08596500450022 19.1111902737935 259.0859650045002
    vertex 53.72544462090821 20.12241505929159 258.1289161254769
  endloop
endfacet
facet normal -0.90191 0.216782 0.373583
  outer loop
    vertex 53.08596500450022 19.1111902737935 254.9140349954996
    vertex 53.94999999999991 19.1111902737935 256.9999999999999
    vertex 53.7254446209082 20.1224150592916 255.8710838745229
  endloop
endfacet
facet normal -0.195055 0 -0.980792
  outer loop
    vertex 50.9999999999999 19.1111902737935 259.95
    vertex 50.9999999999999 21.1111902737934 259.95
    vertex 52.12871910164262 20.11119027379345 259.7255262225094
  endloop
endfacet
facet normal -0.5556 0 0.83145
  outer loop
    vertex 53.08596500450022 19.1111902737935 254.9140349954996
    vertex 53.08596500450022 21.1111902737934 254.9140349954996
    vertex 52.12911314341176 20.11119027379345 254.2746369949353
  endloop
endfacet
facet normal -0.980785 -0 -0.19509
  outer loop
    vertex 53.94999999999991 21.1111902737934 256.9999999999999
    vertex 53.94999999999991 19.1111902737935 256.9999999999999
    vertex 53.72544462090821 20.12241505929159 258.1289161254769
  endloop
endfacet
facet normal -0.83147 0 0.55557
  outer loop
    vertex 53.08596500450022 21.1111902737934 254.9140349954996
    vertex 53.08596500450022 19.1111902737935 254.9140349954996
    vertex 53.7254446209082 20.1224150592916 255.8710838745229
  endloop
endfacet
facet normal -0.980785 0 0.19509
  outer loop
    vertex 53.94999999999991 19.1111902737935 256.9999999999999
    vertex 53.94999999999991 21.1111902737934 256.9999999999999
    vertex 53.7254446209082 20.1224150592916 255.8710838745229
  endloop
endfacet
facet normal -0.83147 0 -0.55557
  outer loop
    vertex 53.08596500450022 19.1111902737935 259.0859650045002
    vertex 53.08596500450022 21.1111902737934 259.0859650045002
    vertex 53.72544462090821 20.12241505929159 258.1289161254769
  endloop
endfacet
facet normal -0.195126 0 0.980778
  outer loop
    vertex 50.9999999999999 21.1111902737934 254.0499999999999
    vertex 50.9999999999999 19.1111902737935 254.0499999999999
    vertex 52.12911314341176 20.11119027379345 254.2746369949353
  endloop
endfacet
facet normal -0.55554 -0 -0.83149
  outer loop
    vertex 53.08596500450022 21.1111902737934 259.0859650045002
    vertex 53.08596500450022 19.1111902737935 259.0859650045002
    vertex 52.12871910164262 20.11119027379345 259.7255262225094
  endloop
endfacet
facet normal 0 0 -1
  outer loop
    vertex 48.20000000001161 19.1111902737935 259.95
    vertex 48.2000000000116 21.1111902737934 259.95
    vertex 49.60000000000576 20.11119027379345 259.95
  endloop
endfacet
facet normal 0 -0 -1
  outer loop
    vertex 50.9999999999999 21.1111902737934 259.95
    vertex 50.9999999999999 19.1111902737935 259.95
    vertex 49.60000000000576 20.11119027379345 259.95
  endloop
endfacet
facet normal 0 0 -1
  outer loop
    vertex 48.2000000000116 21.1111902737934 259.95
    vertex 50.9999999999999 21.1111902737934 259.95
    vertex 49.60000000000576 20.11119027379345 259.95
  endloop
endfacet
facet normal 0 0 -1
  outer loop
    vertex 50.9999999999999 19.1111902737935 259.95
    vertex 48.20000000001161 19.1111902737935 259.95
    vertex 49.60000000000576 20.11119027379345 259.95
  endloop
endfacet
facet normal 0 1 0
  outer loop
    vertex 52.38564064605499 19.1111902737935 257.8
    vertex 53.94999999999991 19.1111902737935 256.9999999999999
    vertex 52.38564064605499 19.1111902737935 256.2
  endloop
endfacet
facet normal 0 1 -0
  outer loop
    vertex 49.61435935394481 19.1111902737935 256.2
    vertex 48.20000000001161 19.1111902737935 257
    vertex 49.61435935394481 19.1111902737935 257.8
  endloop
endfacet
facet normal -0 1 0
  outer loop
    vertex 50.9999999999999 19.1111902737935 258.6
    vertex 51.86790141263874 19.1111902737935 258.858991251125
    vertex 52.38564064605499 19.1111902737935 257.8
  endloop
endfacet
facet normal 0 1 0
  outer loop
    vertex 52.38564064605499 19.1111902737935 256.2
    vertex 51.86790141263874 19.1111902737935 255.1410087488749
    vertex 50.9999999999999 19.1111902737935 255.4
  endloop
endfacet
facet normal 0 1 0
  outer loop
    vertex 50.9999999999999 19.1111902737935 259.95
    vertex 51.86790141263874 19.1111902737935 258.858991251125
    vertex 50.9999999999999 19.1111902737935 258.6
  endloop
endfacet
facet normal 0 1 0
  outer loop
    vertex 50.9999999999999 19.1111902737935 255.4
    vertex 51.86790141263874 19.1111902737935 255.1410087488749
    vertex 50.9999999999999 19.1111902737935 254.0499999999999
  endloop
endfacet
facet normal 0 1 -0
  outer loop
    vertex 52.38564064605499 19.1111902737935 257.8
    vertex 51.86790141263874 19.1111902737935 258.858991251125
    vertex 53.08596500450022 19.1111902737935 259.0859650045002
  endloop
endfacet
facet normal 0 1 0
  outer loop
    vertex 53.08596500450022 19.1111902737935 254.9140349954996
    vertex 51.86790141263874 19.1111902737935 255.1410087488749
    vertex 52.38564064605499 19.1111902737935 256.2
  endloop
endfacet
facet normal 0 1 0
  outer loop
    vertex 50.9999999999999 19.1111902737935 254.0499999999999
    vertex 51.86790141263874 19.1111902737935 255.1410087488749
    vertex 53.08596500450022 19.1111902737935 254.9140349954996
  endloop
endfacet
facet normal 0 1 0
  outer loop
    vertex 53.08596500450022 19.1111902737935 259.0859650045002
    vertex 51.86790141263874 19.1111902737935 258.858991251125
    vertex 50.9999999999999 19.1111902737935 259.95
  endloop
endfacet
facet normal 0 1 -0
  outer loop
    vertex 50.9999999999999 19.1111902737935 254.0499999999999
    vertex 49.61435935394481 19.1111902737935 256.2
    vertex 50.9999999999999 19.1111902737935 255.4
  endloop
endfacet
facet normal 0 1 0
  outer loop
    vertex 49.61435935394481 19.1111902737935 257.8
    vertex 50.9999999999999 19.1111902737935 259.95
    vertex 50.9999999999999 19.1111902737935 258.6
  endloop
endfacet
facet normal -0 1 0
  outer loop
    vertex 48.20000000001161 19.1111902737935 259.95
    vertex 50.9999999999999 19.1111902737935 259.95
    vertex 49.61435935394481 19.1111902737935 257.8
  endloop
endfacet
facet normal 0 1 0
  outer loop
    vertex 49.61435935394481 19.1111902737935 257.8
    vertex 48.20000000001161 19.1111902737935 257
    vertex 48.20000000001161 19.1111902737935 259.95
  endloop
endfacet
facet normal 0 1 0
  outer loop
    vertex 50.9999999999999 19.1111902737935 254.0499999999999
    vertex 48.20000000001161 19.1111902737935 254.05
    vertex 49.61435935394481 19.1111902737935 256.2
  endloop
endfacet
facet normal 0 1 0
  outer loop
    vertex 48.20000000001161 19.1111902737935 254.05
    vertex 48.20000000001161 19.1111902737935 257
    vertex 49.61435935394481 19.1111902737935 256.2
  endloop
endfacet
facet normal -0 1 0
  outer loop
    vertex 52.38564064605499 19.1111902737935 257.8
    vertex 53.08596500450022 19.1111902737935 259.0859650045002
    vertex 53.94999999999991 19.1111902737935 256.9999999999999
  endloop
endfacet
facet normal -0 1 0
  outer loop
    vertex 52.38564064605499 19.1111902737935 256.2
    vertex 53.94999999999991 19.1111902737935 256.9999999999999
    vertex 53.08596500450022 19.1111902737935 254.9140349954996
  endloop
endfacet
facet normal 4.06024e-14 0 1
  outer loop
    vertex 48.20000000001161 21.1111902737934 274.05
    vertex 48.20000000001161 19.1111902737935 274.05
    vertex 49.60000000000576 20.11119027379345 274.05
  endloop
endfacet
facet normal 4.06024e-14 -0 1
  outer loop
    vertex 50.9999999999999 19.1111902737935 274.0499999999999
    vertex 50.9999999999999 21.1111902737934 274.0499999999999
    vertex 49.60000000000576 20.11119027379345 274.05
  endloop
endfacet
facet normal 4.06024e-14 0 1
  outer loop
    vertex 48.20000000001161 19.1111902737935 274.05
    vertex 50.9999999999999 19.1111902737935 274.0499999999999
    vertex 49.60000000000576 20.11119027379345 274.05
  endloop
endfacet
facet normal 4.06024e-14 0 1
  outer loop
    vertex 50.9999999999999 21.1111902737934 274.0499999999999
    vertex 48.20000000001161 21.1111902737934 274.05
    vertex 49.60000000000576 20.11119027379345 274.05
  endloop
endfacet
facet normal -0.900938 0.221465 -0.373181
  outer loop
    vertex 53.94999999999991 19.1111902737935 276.9999999999999
    vertex 53.08596500450022 19.1111902737935 279.0859650045002
    vertex 53.72544462090821 20.09996548829531 278.1289161254769
  endloop
endfacet
facet normal -0.900938 0.221465 0.373181
  outer loop
    vertex 53.08596500450022 19.1111902737935 274.9140349954995
    vertex 53.94999999999991 19.1111902737935 276.9999999999999
    vertex 53.72544462090821 20.09996548829531 275.8710838745229
  endloop
endfacet
facet normal -0.373181 0.221465 0.900938
  outer loop
    vertex 50.9999999999999 19.1111902737935 274.0499999999999
    vertex 53.08596500450022 19.1111902737935 274.9140349954995
    vertex 52.12891612547691 20.09996548829531 274.2745553790916
  endloop
endfacet
facet normal -0.373385 -0.219099 -0.901432
  outer loop
    vertex 50.9999999999999 21.1111902737934 279.95
    vertex 53.08596500450022 21.1111902737934 279.0859650045002
    vertex 52.12871910164262 20.11119027379345 279.7255262225094
  endloop
endfacet
facet normal -0.373385 0.219099 -0.901432
  outer loop
    vertex 53.08596500450022 19.1111902737935 279.0859650045002
    vertex 50.9999999999999 19.1111902737935 279.95
    vertex 52.12871910164262 20.11119027379345 279.7255262225094
  endloop
endfacet
facet normal -0.90191 -0.216782 -0.373583
  outer loop
    vertex 53.08596500450022 21.1111902737934 279.0859650045002
    vertex 53.94999999999991 21.1111902737934 276.9999999999999
    vertex 53.72544462090821 20.09996548829531 278.1289161254769
  endloop
endfacet
facet normal -0.373583 -0.216782 0.90191
  outer loop
    vertex 53.08596500450022 21.1111902737934 274.9140349954995
    vertex 50.9999999999999 21.1111902737934 274.0499999999999
    vertex 52.12891612547691 20.09996548829531 274.2745553790916
  endloop
endfacet
facet normal -0.90191 -0.216782 0.373583
  outer loop
    vertex 53.94999999999991 21.1111902737934 276.9999999999999
    vertex 53.08596500450022 21.1111902737934 274.9140349954995
    vertex 53.72544462090821 20.09996548829531 275.8710838745229
  endloop
endfacet
facet normal -0.195055 0 -0.980792
  outer loop
    vertex 50.9999999999999 19.1111902737935 279.95
    vertex 50.9999999999999 21.1111902737934 279.95
    vertex 52.12871910164262 20.11119027379345 279.7255262225094
  endloop
endfacet
facet normal -0.980785 -0 -0.19509
  outer loop
    vertex 53.94999999999991 21.1111902737934 276.9999999999999
    vertex 53.94999999999991 19.1111902737935 276.9999999999999
    vertex 53.72544462090821 20.09996548829531 278.1289161254769
  endloop
endfacet
facet normal -0.980785 0 0.19509
  outer loop
    vertex 53.94999999999991 19.1111902737935 276.9999999999999
    vertex 53.94999999999991 21.1111902737934 276.9999999999999
    vertex 53.72544462090821 20.09996548829531 275.8710838745229
  endloop
endfacet
facet normal -0.19509 0 0.980785
  outer loop
    vertex 50.9999999999999 21.1111902737934 274.0499999999999
    vertex 50.9999999999999 19.1111902737935 274.0499999999999
    vertex 52.12891612547691 20.09996548829531 274.2745553790916
  endloop
endfacet
facet normal -0.55557 0 0.83147
  outer loop
    vertex 53.08596500450022 19.1111902737935 274.9140349954995
    vertex 53.08596500450022 21.1111902737934 274.9140349954995
    vertex 52.12891612547691 20.09996548829531 274.2745553790916
  endloop
endfacet
facet normal -0.83147 0 -0.55557
  outer loop
    vertex 53.08596500450022 19.1111902737935 279.0859650045002
    vertex 53.08596500450022 21.1111902737934 279.0859650045002
    vertex 53.72544462090821 20.09996548829531 278.1289161254769
  endloop
endfacet
facet normal -0.83147 0 0.55557
  outer loop
    vertex 53.08596500450022 21.1111902737934 274.9140349954995
    vertex 53.08596500450022 19.1111902737935 274.9140349954995
    vertex 53.72544462090821 20.09996548829531 275.8710838745229
  endloop
endfacet
facet normal -0.55554 -0 -0.83149
  outer loop
    vertex 53.08596500450022 21.1111902737934 279.0859650045002
    vertex 53.08596500450022 19.1111902737935 279.0859650045002
    vertex 52.12871910164262 20.11119027379345 279.7255262225094
  endloop
endfacet
facet normal 0 0 -1
  outer loop
    vertex 48.20000000001161 19.1111902737935 279.95
    vertex 48.2000000000116 21.1111902737934 279.95
    vertex 49.60000000000576 20.11119027379345 279.95
  endloop
endfacet
facet normal 0 -0 -1
  outer loop
    vertex 50.9999999999999 21.1111902737934 279.95
    vertex 50.9999999999999 19.1111902737935 279.95
    vertex 49.60000000000576 20.11119027379345 279.95
  endloop
endfacet
facet normal 0 0 -1
  outer loop
    vertex 48.2000000000116 21.1111902737934 279.95
    vertex 50.9999999999999 21.1111902737934 279.95
    vertex 49.60000000000576 20.11119027379345 279.95
  endloop
endfacet
facet normal 0 0 -1
  outer loop
    vertex 50.9999999999999 19.1111902737935 279.95
    vertex 48.20000000001161 19.1111902737935 279.95
    vertex 49.60000000000576 20.11119027379345 279.95
  endloop
endfacet
facet normal 0 1 0
  outer loop
    vertex 53.94999999999991 19.1111902737935 276.9999999999999
    vertex 52.38564064605499 19.1111902737935 276.2
    vertex 52.38564064605499 19.1111902737935 277.8
  endloop
endfacet
facet normal 0 1 -0
  outer loop
    vertex 49.61435935394481 19.1111902737935 276.2
    vertex 48.20000000001161 19.1111902737935 277
    vertex 49.61435935394481 19.1111902737935 277.8
  endloop
endfacet
facet normal -0 1 0
  outer loop
    vertex 50.9999999999999 19.1111902737935 278.6
    vertex 51.86790141263874 19.1111902737935 278.858991251125
    vertex 52.38564064605499 19.1111902737935 277.8
  endloop
endfacet
facet normal 0 1 0
  outer loop
    vertex 52.38564064605499 19.1111902737935 276.2
    vertex 51.86790141263874 19.1111902737935 275.1410087488749
    vertex 50.9999999999999 19.1111902737935 275.4
  endloop
endfacet
facet normal 0 1 0
  outer loop
    vertex 50.9999999999999 19.1111902737935 279.95
    vertex 51.86790141263874 19.1111902737935 278.858991251125
    vertex 50.9999999999999 19.1111902737935 278.6
  endloop
endfacet
facet normal 0 1 0
  outer loop
    vertex 50.9999999999999 19.1111902737935 275.4
    vertex 51.86790141263874 19.1111902737935 275.1410087488749
    vertex 50.9999999999999 19.1111902737935 274.0499999999999
  endloop
endfacet
facet normal 0 1 -0
  outer loop
    vertex 52.38564064605499 19.1111902737935 277.8
    vertex 51.86790141263874 19.1111902737935 278.858991251125
    vertex 53.08596500450022 19.1111902737935 279.0859650045002
  endloop
endfacet
facet normal 0 1 0
  outer loop
    vertex 53.08596500450022 19.1111902737935 274.9140349954995
    vertex 51.86790141263874 19.1111902737935 275.1410087488749
    vertex 52.38564064605499 19.1111902737935 276.2
  endloop
endfacet
facet normal 0 1 0
  outer loop
    vertex 50.9999999999999 19.1111902737935 274.0499999999999
    vertex 51.86790141263874 19.1111902737935 275.1410087488749
    vertex 53.08596500450022 19.1111902737935 274.9140349954995
  endloop
endfacet
facet normal 0 1 0
  outer loop
    vertex 53.08596500450022 19.1111902737935 279.0859650045002
    vertex 51.86790141263874 19.1111902737935 278.858991251125
    vertex 50.9999999999999 19.1111902737935 279.95
  endloop
endfacet
facet normal 0 1 0
  outer loop
    vertex 50.9999999999999 19.1111902737935 275.4
    vertex 50.9999999999999 19.1111902737935 274.0499999999999
    vertex 49.61435935394481 19.1111902737935 276.2
  endloop
endfacet
facet normal 0 1 0
  outer loop
    vertex 49.61435935394481 19.1111902737935 277.8
    vertex 50.9999999999999 19.1111902737935 279.95
    vertex 50.9999999999999 19.1111902737935 278.6
  endloop
endfacet
facet normal -0 1 0
  outer loop
    vertex 48.20000000001161 19.1111902737935 279.95
    vertex 50.9999999999999 19.1111902737935 279.95
    vertex 49.61435935394481 19.1111902737935 277.8
  endloop
endfacet
facet normal 0 1 0
  outer loop
    vertex 48.20000000001161 19.1111902737935 277
    vertex 48.20000000001161 19.1111902737935 279.95
    vertex 49.61435935394481 19.1111902737935 277.8
  endloop
endfacet
facet normal 0 1 0
  outer loop
    vertex 49.61435935394481 19.1111902737935 276.2
    vertex 50.9999999999999 19.1111902737935 274.0499999999999
    vertex 48.20000000001161 19.1111902737935 274.05
  endloop
endfacet
facet normal 0 1 0
  outer loop
    vertex 48.20000000001161 19.1111902737935 274.05
    vertex 48.20000000001161 19.1111902737935 277
    vertex 49.61435935394481 19.1111902737935 276.2
  endloop
endfacet
facet normal -0 1 0
  outer loop
    vertex 52.38564064605499 19.1111902737935 277.8
    vertex 53.08596500450022 19.1111902737935 279.0859650045002
    vertex 53.94999999999991 19.1111902737935 276.9999999999999
  endloop
endfacet
facet normal 0 1 -0
  outer loop
    vertex 53.08596500450022 19.1111902737935 274.9140349954995
    vertex 52.38564064605499 19.1111902737935 276.2
    vertex 53.94999999999991 19.1111902737935 276.9999999999999
  endloop
endfacet
facet normal -0.392561 0 0.919726
  outer loop
    vertex 50.9999999999999 19.1111902737935 275.4
    vertex 50.9999999999999 16.1303945521613 275.4
    vertex 52.15535500249276 17.61831564667681 275.8931328814105
  endloop
endfacet
facet normal -0.392561 0 -0.919726
  outer loop
    vertex 50.9999999999999 16.1303945521613 278.6
    vertex 50.9999999999999 19.1111902737935 278.6
    vertex 52.15535500249276 17.61831564667681 278.1068671185895
  endloop
endfacet
facet normal -0.989937 -0.141508 -0
  outer loop
    vertex 52.38564064605499 19.1111902737935 277.8
    vertex 52.38564064605499 19.1111902737935 276.2
    vertex 52.59999999999989 17.61161391411776 277
  endloop
endfacet
facet normal -0.925748 0.0662772 0.372288
  outer loop
    vertex 52.59999999999989 17.61161391411776 277
    vertex 52.38564064605499 19.1111902737935 276.2
    vertex 52.15535500249276 17.61831564667681 275.8931328814105
  endloop
endfacet
facet normal -0.925748 0.0662772 -0.372288
  outer loop
    vertex 52.38564064605499 19.1111902737935 277.8
    vertex 52.59999999999989 17.61161391411776 277
    vertex 52.15535500249276 17.61831564667681 278.1068671185895
  endloop
endfacet
facet normal -0.497458 0.100708 0.861623
  outer loop
    vertex 50.9999999999999 16.1303945521613 275.4
    vertex 52.38564064605499 16.1303945521613 276.2
    vertex 52.15535500249276 17.61831564667681 275.8931328814105
  endloop
endfacet
facet normal -0.497475 -0.100378 0.861651
  outer loop
    vertex 52.38564064605499 19.1111902737935 276.2
    vertex 50.9999999999999 19.1111902737935 275.4
    vertex 52.15535500249276 17.61831564667681 275.8931328814105
  endloop
endfacet
facet normal -0.497475 -0.100378 -0.861651
  outer loop
    vertex 50.9999999999999 19.1111902737935 278.6
    vertex 52.38564064605499 19.1111902737935 277.8
    vertex 52.15535500249276 17.61831564667681 278.1068671185895
  endloop
endfacet
facet normal -0.497458 0.100708 -0.861623
  outer loop
    vertex 52.38564064605499 16.1303945521613 277.8
    vertex 50.9999999999999 16.1303945521613 278.6
    vertex 52.15535500249276 17.61831564667681 278.1068671185895
  endloop
endfacet
facet normal -0.926001 -0.0666821 0.371585
  outer loop
    vertex 52.38564064605499 16.1303945521613 276.2
    vertex 52.59999999999989 17.61161391411776 277
    vertex 52.15535500249276 17.61831564667681 275.8931328814105
  endloop
endfacet
facet normal -0.926001 -0.0666821 -0.371585
  outer loop
    vertex 52.59999999999989 17.61161391411776 277
    vertex 52.38564064605499 16.1303945521613 277.8
    vertex 52.15535500249276 17.61831564667681 278.1068671185895
  endloop
endfacet
facet normal -0.98969 0.143226 0
  outer loop
    vertex 52.38564064605499 16.1303945521613 276.2
    vertex 52.38564064605499 16.1303945521613 277.8
    vertex 52.59999999999989 17.61161391411776 277
  endloop
endfacet
facet normal -0.392783 0 0.919631
  outer loop
    vertex 50.9999999999999 19.1111902737935 255.4
    vertex 50.9999999999999 16.11119027379255 255.4
    vertex 52.15588955682757 17.6138451147177 255.8936911225084
  endloop
endfacet
facet normal -0.392783 0 -0.919631
  outer loop
    vertex 50.9999999999999 16.11119027379255 258.6
    vertex 50.9999999999999 19.1111902737935 258.6
    vertex 52.15588955682757 17.6138451147177 258.1063088774916
  endloop
endfacet
facet normal -0.990071 0.140566 0
  outer loop
    vertex 52.38564064605499 16.11119027379255 256.2
    vertex 52.38564064605499 16.11119027379255 257.8
    vertex 52.59999999999989 17.62102277398854 257
  endloop
endfacet
facet normal -0.925864 -0.0657108 -0.3721
  outer loop
    vertex 52.59999999999989 17.62102277398854 257
    vertex 52.38564064605499 16.11119027379255 257.8
    vertex 52.15588955682757 17.6138451147177 258.1063088774916
  endloop
endfacet
facet normal -0.925864 -0.0657108 0.3721
  outer loop
    vertex 52.38564064605499 16.11119027379255 256.2
    vertex 52.59999999999989 17.62102277398854 257
    vertex 52.15588955682757 17.6138451147177 255.8936911225084
  endloop
endfacet
facet normal -0.497514 0.0995891 0.86172
  outer loop
    vertex 50.9999999999999 16.11119027379255 255.4
    vertex 52.38564064605499 16.11119027379255 256.2
    vertex 52.15588955682757 17.6138451147177 255.8936911225084
  endloop
endfacet
facet normal -0.497497 -0.0999387 0.86169
  outer loop
    vertex 52.38564064605499 19.1111902737935 256.2
    vertex 50.9999999999999 19.1111902737935 255.4
    vertex 52.15588955682757 17.6138451147177 255.8936911225084
  endloop
endfacet
facet normal -0.497497 -0.0999387 -0.86169
  outer loop
    vertex 50.9999999999999 19.1111902737935 258.6
    vertex 52.38564064605499 19.1111902737935 257.8
    vertex 52.15588955682757 17.6138451147177 258.1063088774916
  endloop
endfacet
facet normal -0.497514 0.0995891 -0.86172
  outer loop
    vertex 52.38564064605499 16.11119027379255 257.8
    vertex 50.9999999999999 16.11119027379255 258.6
    vertex 52.15588955682757 17.6138451147177 258.1063088774916
  endloop
endfacet
facet normal -0.926133 0.0661381 0.371353
  outer loop
    vertex 52.59999999999989 17.62102277398854 257
    vertex 52.38564064605499 19.1111902737935 256.2
    vertex 52.15588955682757 17.6138451147177 255.8936911225084
  endloop
endfacet
facet normal -0.926133 0.0661381 -0.371353
  outer loop
    vertex 52.38564064605499 19.1111902737935 257.8
    vertex 52.59999999999989 17.62102277398854 257
    vertex 52.15588955682757 17.6138451147177 258.1063088774916
  endloop
endfacet
facet normal -0.989812 -0.142384 -0
  outer loop
    vertex 52.38564064605499 19.1111902737935 257.8
    vertex 52.38564064605499 19.1111902737935 256.2
    vertex 52.59999999999989 17.62102277398854 257
  endloop
endfacet
facet normal 7.17554e-13 -1 0.000960191
  outer loop
    vertex 55.55793333013462 10.63622127004999 279.9693610365561
    vertex 56.94999999999268 10.63453564401835 278.213851181632
    vertex 56.94999999999267 10.63453979783863 278.218177213807
  endloop
endfacet
facet normal 2.88776e-13 -1 0.000960191
  outer loop
    vertex 52.21817721378575 10.63907909899527 282.9456717865464
    vertex 53.97368787797144 10.63774244871824 281.5536057584081
    vertex 52.22432854453839 10.63907909899527 282.9456717865464
  endloop
endfacet
facet normal -5.54519e-13 -1 0.000960191
  outer loop
    vertex 52.22432854453839 10.63907909899527 282.9456717865464
    vertex 53.97368787797144 10.63774244871824 281.5536057584081
    vertex 53.9774310067784 10.63774340019119 281.5545966781739
  endloop
endfacet
facet normal -6.3925e-13 -1 0.000960191
  outer loop
    vertex 56.94999999999267 10.63453979783863 278.218177213807
    vertex 55.55960135019498 10.63622362721841 279.9718159300632
    vertex 55.55793333013462 10.63622127004999 279.9693610365561
  endloop
endfacet
facet normal -6.2623e-13 -1 0.000960191
  outer loop
    vertex 53.9774310067784 10.63774340019119 281.5545966781739
    vertex 53.97368787797144 10.63774244871824 281.5536057584081
    vertex 55.55793333013462 10.63622127004999 279.9693610365561
  endloop
endfacet
facet normal -4.66516e-13 -1 0.000960191
  outer loop
    vertex 55.55793333013462 10.63622127004999 279.9693610365561
    vertex 55.55960135019498 10.63622362721841 279.9718159300632
    vertex 53.9774310067784 10.63774340019119 281.5545966781739
  endloop
endfacet
facet normal -0.911767 -0.019387 0.410249
  outer loop
    vertex 52.59525581764829 8.251101126517858 276.8768782883286
    vertex 52.59999999999989 10.6333701141572 277.0000000000001
    vertex 52.10370419697983 9.461603861922713 275.8416230986554
  endloop
endfacet
facet normal -0.932732 0.0204627 -0.359989
  outer loop
    vertex 52.59999999999989 10.6333701141572 277.0000000000001
    vertex 52.59525581764829 8.251101126517858 276.8768782883286
    vertex 52.1397392005476 9.409025261923672 278.1229401385359
  endloop
endfacet
facet normal -0.656592 0.4176 -0.628089
  outer loop
    vertex 52.59525581764829 8.251101126517858 276.8768782883286
    vertex 50.9999999999999 8.334534427079314 278.6
    vertex 52.1397392005476 9.409025261923672 278.1229401385359
  endloop
endfacet
facet normal -0.371493 -6.74093e-13 0.928436
  outer loop
    vertex 50.9999999999999 10.63183380739884 275.4
    vertex 50.99999999999824 8.334283408841415 275.3999999999977
    vertex 52.10370419697983 9.461603861922713 275.8416230986554
  endloop
endfacet
facet normal -0.660617 -0.357246 -0.660274
  outer loop
    vertex 50.9999999999999 10.63490642091311 278.6
    vertex 52.59999999999989 10.6333701141572 277.0000000000001
    vertex 52.1397392005476 9.409025261923672 278.1229401385359
  endloop
endfacet
facet normal -0.38611 0 -0.922453
  outer loop
    vertex 50.9999999999999 8.334534427079314 278.6
    vertex 50.9999999999999 10.63490642091311 278.6
    vertex 52.1397392005476 9.409025261923672 278.1229401385359
  endloop
endfacet
facet normal -0.656398 -0.371236 0.656754
  outer loop
    vertex 52.59999999999989 10.6333701141572 277.0000000000001
    vertex 50.9999999999999 10.63183380739884 275.4
    vertex 52.10370419697983 9.461603861922713 275.8416230986554
  endloop
endfacet
facet normal -0.628734 0.341971 0.69839
  outer loop
    vertex 50.99999999999824 8.334283408841415 275.3999999999977
    vertex 52.59525581764829 8.251101126517858 276.8768782883286
    vertex 52.10370419697983 9.461603861922713 275.8416230986554
  endloop
endfacet
facet normal -0.911527 -0.0196684 -0.410771
  outer loop
    vertex 32.59999999999999 10.63337011414185 277
    vertex 32.59509775208385 8.246758134584379 277.1251531747998
    vertex 32.10295862760797 9.461309169893433 278.1590868240926
  endloop
endfacet
facet normal -0.932811 0.020782 0.359765
  outer loop
    vertex 32.59509775208385 8.246758134584379 277.1251531747998
    vertex 32.59999999999999 10.63337011414185 277
    vertex 32.13947163223646 9.406666628937071 275.8767883550602
  endloop
endfacet
facet normal -0.656303 0.418131 0.628039
  outer loop
    vertex 31 8.334283408830212 275.4
    vertex 32.59509775208385 8.246758134584379 277.1251531747998
    vertex 32.13947163223646 9.406666628937071 275.8767883550602
  endloop
endfacet
facet normal -0.371195 0 -0.928555
  outer loop
    vertex 31 8.334534427056644 278.6
    vertex 31 10.63490642089776 278.6
    vertex 32.10295862760797 9.461309169893433 278.1590868240926
  endloop
endfacet
facet normal -0.660331 -0.357034 0.660674
  outer loop
    vertex 32.59999999999999 10.63337011414185 277
    vertex 31 10.63183380738349 275.4
    vertex 32.13947163223646 9.406666628937071 275.8767883550602
  endloop
endfacet
facet normal -0.386 0 0.922499
  outer loop
    vertex 31 10.63183380738349 275.4
    vertex 31 8.334283408830212 275.4
    vertex 32.13947163223646 9.406666628937071 275.8767883550602
  endloop
endfacet
facet normal -0.656904 -0.370704 -0.656548
  outer loop
    vertex 31 10.63490642089776 278.6
    vertex 32.59999999999999 10.63337011414185 277
    vertex 32.10295862760797 9.461309169893433 278.1590868240926
  endloop
endfacet
facet normal -0.62801 0.341014 -0.69951
  outer loop
    vertex 32.59509775208385 8.246758134584379 277.1251531747998
    vertex 31 8.334534427056644 278.6
    vertex 32.10295862760797 9.461309169893433 278.1590868240926
  endloop
endfacet
facet normal -0.911767 -0.0193881 0.410251
  outer loop
    vertex 32.59525520477335 8.231884571149712 256.8768703473255
    vertex 32.59999999999999 10.61416627967767 257
    vertex 32.10370226328993 9.442396550259776 255.8416212562341
  endloop
endfacet
facet normal -0.932732 0.0204639 -0.359989
  outer loop
    vertex 32.59999999999999 10.61416627967767 257
    vertex 32.59525520477335 8.231884571149712 256.8768703473255
    vertex 32.13973821731576 9.389817120989751 258.122941136476
  endloop
endfacet
facet normal -0.656591 0.417603 -0.62809
  outer loop
    vertex 32.59525520477335 8.231884571149712 256.8768703473255
    vertex 31 8.315336745114447 258.6
    vertex 32.13973821731576 9.389817120989751 258.122941136476
  endloop
endfacet
facet normal -0.371492 -6.77539e-13 0.928436
  outer loop
    vertex 31 10.61262997291931 255.4
    vertex 30.99999999999837 8.315073444611322 255.3999999999977
    vertex 32.10370226328993 9.442396550259776 255.8416212562341
  endloop
endfacet
facet normal -0.660617 -0.357245 -0.660274
  outer loop
    vertex 31 10.61570258643358 258.6
    vertex 32.59999999999999 10.61416627967767 257
    vertex 32.13973821731576 9.389817120989751 258.122941136476
  endloop
endfacet
facet normal -0.38611 0 -0.922453
  outer loop
    vertex 31 8.315336745114447 258.6
    vertex 31 10.61570258643358 258.6
    vertex 32.13973821731576 9.389817120989751 258.122941136476
  endloop
endfacet
facet normal -0.656398 -0.371235 0.656754
  outer loop
    vertex 32.59999999999999 10.61416627967767 257
    vertex 31 10.61262997291931 255.4
    vertex 32.10370226328993 9.442396550259776 255.8416212562341
  endloop
endfacet
facet normal -0.628733 0.341968 0.698394
  outer loop
    vertex 30.99999999999837 8.315073444611322 255.3999999999977
    vertex 32.59525520477335 8.231884571149712 256.8768703473255
    vertex 32.10370226328993 9.442396550259776 255.8416212562341
  endloop
endfacet
facet normal -0.911527 -0.0196672 -0.410769
  outer loop
    vertex 52.59999999999989 10.61416627969302 257.0000000000001
    vertex 52.59509838654117 8.227567178561817 257.1251450884711
    vertex 52.10296059897129 9.442108841287169 258.1590849481883
  endloop
endfacet
facet normal -0.932811 0.0207807 0.359766
  outer loop
    vertex 52.59509838654117 8.227567178561817 257.1251450884711
    vertex 52.59999999999989 10.61416627969302 257.0000000000001
    vertex 52.13947260307073 9.38746717221259 255.8767893399496
  endloop
endfacet
facet normal -0.656304 0.418128 0.628039
  outer loop
    vertex 50.99999999999991 8.315073444630809 255.4
    vertex 52.59509838654117 8.227567178561817 257.1251450884711
    vertex 52.13947260307073 9.38746717221259 255.8767893399496
  endloop
endfacet
facet normal -0.371195 0 -0.928555
  outer loop
    vertex 50.9999999999999 8.315336745122483 258.6
    vertex 50.9999999999999 10.61570258644892 258.6
    vertex 52.10296059897129 9.442108841287169 258.1590849481883
  endloop
endfacet
facet normal -0.660331 -0.357035 0.660673
  outer loop
    vertex 52.59999999999989 10.61416627969302 257.0000000000001
    vertex 50.9999999999999 10.61262997293466 255.4
    vertex 52.13947260307073 9.38746717221259 255.8767893399496
  endloop
endfacet
facet normal -0.386001 -1.19375e-15 0.922498
  outer loop
    vertex 50.9999999999999 10.61262997293466 255.4
    vertex 50.99999999999991 8.315073444630809 255.4
    vertex 52.13947260307073 9.38746717221259 255.8767893399496
  endloop
endfacet
facet normal -0.656904 -0.370705 -0.656548
  outer loop
    vertex 50.9999999999999 10.61570258644892 258.6
    vertex 52.59999999999989 10.61416627969302 257.0000000000001
    vertex 52.10296059897129 9.442108841287169 258.1590849481883
  endloop
endfacet
facet normal -0.628011 0.341017 -0.699506
  outer loop
    vertex 52.59509838654117 8.227567178561817 257.1251450884711
    vertex 50.9999999999999 8.315336745122483 258.6
    vertex 52.10296059897129 9.442108841287169 258.1590849481883
  endloop
endfacet
facet normal -0.649438 -0.396174 -0.649058
  outer loop
    vertex 31 8.334534427056644 278.6
    vertex 32.61839588569074 7.132933884740337 277.7140918993165
    vertex 30.52299485711459 7.134945870535672 279.8094919619469
  endloop
endfacet
facet normal 0.233291 -0.93611 -0.263197
  outer loop
    vertex 32.59509775208385 8.246758134584379 277.1251531747998
    vertex 31 8.334283408830212 275.4
    vertex 32.71691143352544 8.781371156296089 275.3316732561437
  endloop
endfacet
facet normal -0.641873 -0.368883 -0.672253
  outer loop
    vertex 31 8.334534427056644 278.6
    vertex 32.59509775208385 8.246758134584379 277.1251531747998
    vertex 32.61839588569074 7.132933884740337 277.7140918993165
  endloop
endfacet
facet normal 0.641809 -0.419101 0.642212
  outer loop
    vertex 26.09414198846481 7.136957856331006 279.5714391088198
    vertex 28.18954301704096 7.134945870535672 277.4760390461894
    vertex 27.55326754408254 8.391661213203003 278.932035274193
  endloop
endfacet
facet normal -0.635445 -0.439267 -0.635023
  outer loop
    vertex 30.52299485711459 7.134945870535672 279.8094919619469
    vertex 28.42759382853846 7.136957856331006 281.9048920245772
    vertex 29.1605915520588 8.438063794889279 280.2713879186323
  endloop
endfacet
facet normal 0.636531 -0.389597 0.665615
  outer loop
    vertex 30.28494404561712 7.132933884740337 275.3806389835591
    vertex 31 8.334283408830212 275.4
    vertex 29.40474642723373 8.251079992026007 276.8768483908084
  endloop
endfacet
facet normal -0.66053 -0.357564 -0.660187
  outer loop
    vertex 34.71379691426689 7.130921898945003 275.6186918366863
    vertex 32.61839588569074 7.132933884740337 277.7140918993165
    vertex 33.64351360352867 8.233616838166871 276.0923002068296
  endloop
endfacet
facet normal 0.724642 -0.475325 0.498959
  outer loop
    vertex 38.66654815992179 7.124885941558998 266.9990387330377
    vertex 39.49295622518313 8.383491055120166 266.9978302308249
    vertex 38.42200873358546 8.693388166492664 268.848395125642
  endloop
endfacet
facet normal -0.639151 -0.428365 -0.63874
  outer loop
    vertex 40.99999999999537 7.124885941558998 269.3324916487953
    vertex 38.9045989714192 7.126897927354332 271.4278917114256
    vertex 39.97348015824752 8.402802857897186 269.5026486468935
  endloop
endfacet
facet normal -0.289258 -0.908426 -0.301814
  outer loop
    vertex 32.71691143352544 8.781371156296089 275.3316732561437
    vertex 34.26566140476352 8.777950146538148 273.8576531810487
    vertex 33.64351360352867 8.233616838166871 276.0923002068296
  endloop
endfacet
facet normal -0.623712 -0.417963 -0.660523
  outer loop
    vertex 31 8.334534427056644 278.6
    vertex 30.52299485711459 7.134945870535672 279.8094919619469
    vertex 29.1605915520588 8.438063794889279 280.2713879186323
  endloop
endfacet
facet normal 0.650683 -0.390811 0.651059
  outer loop
    vertex 30.28494404561712 7.132933884740337 275.3806389835591
    vertex 32.38034507419329 7.130921898945003 273.2852389209287
    vertex 32.02924290619774 8.318710959176295 274.3491320746298
  endloop
endfacet
facet normal 0.572487 -0.586406 0.57305
  outer loop
    vertex 36.57114713134563 7.126897927354332 269.0944387956681
    vertex 38.66654815992179 7.124885941558998 266.9990387330377
    vertex 38.42200873358546 8.693388166492664 268.848395125642
  endloop
endfacet
facet normal -0.656119 -0.363432 -0.661381
  outer loop
    vertex 32.61839588569074 7.132933884740337 277.7140918993165
    vertex 32.59509775208385 8.246758134584379 277.1251531747998
    vertex 33.64351360352867 8.233616838166871 276.0923002068296
  endloop
endfacet
facet normal -0.212092 -0.94676 0.242203
  outer loop
    vertex 29.40474642723373 8.251079992026007 276.8768483908084
    vertex 31 8.334534427056644 278.6
    vertex 29.12964236901432 8.781129289755551 278.7078833307702
  endloop
endfacet
facet normal -0.238477 -0.949559 -0.203632
  outer loop
    vertex 29.12964236901432 8.781129289755551 278.7078833307702
    vertex 31 8.334534427056644 278.6
    vertex 29.1605915520588 8.438063794889279 280.2713879186323
  endloop
endfacet
facet normal -0.537238 -0.761752 -0.362091
  outer loop
    vertex 38.42200873358546 8.693388166492664 268.848395125642
    vertex 38.9045989714192 7.126897927354332 271.4278917114256
    vertex 36.57896002614174 8.777969432371467 271.405006116252
  endloop
endfacet
facet normal 0.249372 -0.931678 0.264177
  outer loop
    vertex 34.26566140476352 8.777950146538148 273.8576531810487
    vertex 32.71691143352544 8.781371156296089 275.3316732561437
    vertex 32.02924290619774 8.318710959176295 274.3491320746298
  endloop
endfacet
facet normal 0.721024 -0.6291 0.290443
  outer loop
    vertex 28.18954301704096 7.134945870535672 277.4760390461894
    vertex 29.40474642723373 8.251079992026007 276.8768483908084
    vertex 29.12964236901432 8.781129289755551 278.7078833307702
  endloop
endfacet
facet normal 0.608454 -0.646654 0.460025
  outer loop
    vertex 36.57114713134563 7.126897927354332 269.0944387956681
    vertex 38.42200873358546 8.693388166492664 268.848395125642
    vertex 36.57896002614174 8.777969432371467 271.405006116252
  endloop
endfacet
facet normal 0.0633138 -0.847719 -0.526653
  outer loop
    vertex 38.9045989714192 7.126897927354332 271.4278917114256
    vertex 38.42200873358546 8.693388166492664 268.848395125642
    vertex 39.97348015824752 8.402802857897186 269.5026486468935
  endloop
endfacet
facet normal -0.743133 -0.57253 -0.346357
  outer loop
    vertex 34.26566140476352 8.777950146538148 273.8576531810487
    vertex 34.71379691426689 7.130921898945003 275.6186918366863
    vertex 33.64351360352867 8.233616838166871 276.0923002068296
  endloop
endfacet
facet normal 0.205581 -0.95504 -0.213625
  outer loop
    vertex 29.12964236901432 8.781129289755551 278.7078833307702
    vertex 29.1605915520588 8.438063794889279 280.2713879186323
    vertex 27.55326754408254 8.391661213203003 278.932035274193
  endloop
endfacet
facet normal -0.513472 -0.688019 -0.512812
  outer loop
    vertex 36.80919794284304 7.128909913149667 273.5232917740559
    vertex 34.71379691426689 7.130921898945003 275.6186918366863
    vertex 34.26566140476352 8.777950146538148 273.8576531810487
  endloop
endfacet
facet normal 0.264184 -0.670009 0.693754
  outer loop
    vertex 28.18954301704096 7.134945870535672 277.4760390461894
    vertex 29.12964236901432 8.781129289755551 278.7078833307702
    vertex 27.55326754408254 8.391661213203003 278.932035274193
  endloop
endfacet
facet normal -0.12572 -0.974731 0.184643
  outer loop
    vertex 29.1605915520588 8.438063794889279 280.2713879186323
    vertex 27.21223937444167 8.787004954263059 280.7868529281092
    vertex 27.55326754408254 8.391661213203003 278.932035274193
  endloop
endfacet
facet normal 0.139931 -0.96019 0.241774
  outer loop
    vertex 38.42200873358546 8.693388166492664 268.848395125642
    vertex 39.49295622518313 8.383491055120166 266.9978302308249
    vertex 40.00467016285351 8.766820813199079 268.22403307287
  endloop
endfacet
facet normal 0.245968 -0.94962 0.194219
  outer loop
    vertex 39.49295622518313 8.383491055120166 266.9978302308249
    vertex 40.99999999999411 8.773764900881483 266.9974554931084
    vertex 40.00467016285351 8.766820813199079 268.22403307287
  endloop
endfacet
facet normal -0.288475 -0.927092 -0.239337
  outer loop
    vertex 40.99999999999411 8.773764900881483 266.9974554931084
    vertex 40.99999999999442 8.384363717798388 268.5058351323168
    vertex 40.00467016285351 8.766820813199079 268.22403307287
  endloop
endfacet
facet normal 0.501274 -0.704819 0.501951
  outer loop
    vertex 34.47574610276945 7.128909913149667 271.1898388582984
    vertex 36.57114713134563 7.126897927354332 269.0944387956681
    vertex 36.57896002614174 8.777969432371467 271.405006116252
  endloop
endfacet
facet normal 0.486155 -0.725692 0.486852
  outer loop
    vertex 32.38034507419329 7.130921898945003 273.2852389209287
    vertex 34.47574610276945 7.128909913149667 271.1898388582984
    vertex 34.26566140476352 8.777950146538148 273.8576531810487
  endloop
endfacet
facet normal -0.518801 -0.701 -0.489331
  outer loop
    vertex 36.80919794284304 7.128909913149667 273.5232917740559
    vertex 34.26566140476352 8.777950146538148 273.8576531810487
    vertex 36.57896002614174 8.777969432371467 271.405006116252
  endloop
endfacet
facet normal 0.50996 -0.713161 0.48098
  outer loop
    vertex 34.26566140476352 8.777950146538148 273.8576531810487
    vertex 34.47574610276945 7.128909913149667 271.1898388582984
    vertex 36.57896002614174 8.777969432371467 271.405006116252
  endloop
endfacet
facet normal -0.299199 -0.676403 -0.673022
  outer loop
    vertex 28.42759382853846 7.136957856331006 281.9048920245772
    vertex 27.21223937444167 8.787004954263059 280.7868529281092
    vertex 29.1605915520588 8.438063794889279 280.2713879186323
  endloop
endfacet
facet normal -0.498723 -0.709387 -0.498042
  outer loop
    vertex 38.9045989714192 7.126897927354332 271.4278917114256
    vertex 36.80919794284304 7.128909913149667 273.5232917740559
    vertex 36.57896002614174 8.777969432371467 271.405006116252
  endloop
endfacet
facet normal 0.693066 -0.66844 0.269902
  outer loop
    vertex 27.21223937444167 8.787004954263059 280.7868529281092
    vertex 26.09414198846481 7.136957856331006 279.5714391088198
    vertex 27.55326754408254 8.391661213203003 278.932035274193
  endloop
endfacet
facet normal 0.287022 -0.59065 0.754156
  outer loop
    vertex 32.38034507419329 7.130921898945003 273.2852389209287
    vertex 34.26566140476352 8.777950146538148 273.8576531810487
    vertex 32.02924290619774 8.318710959176295 274.3491320746298
  endloop
endfacet
facet normal -0.634852 -0.423955 -0.645929
  outer loop
    vertex 40.99999999999442 8.384363717798388 268.5058351323168
    vertex 40.99999999999537 7.124885941558998 269.3324916487953
    vertex 39.97348015824752 8.402802857897186 269.5026486468935
  endloop
endfacet
facet normal -0.298282 -0.908969 -0.291211
  outer loop
    vertex 32.59509775208385 8.246758134584379 277.1251531747998
    vertex 32.71691143352544 8.781371156296089 275.3316732561437
    vertex 33.64351360352867 8.233616838166871 276.0923002068296
  endloop
endfacet
facet normal 0.252961 -0.93145 0.261558
  outer loop
    vertex 32.71691143352544 8.781371156296089 275.3316732561437
    vertex 31 8.334283408830212 275.4
    vertex 32.02924290619774 8.318710959176295 274.3491320746298
  endloop
endfacet
facet normal -0.278056 -0.922046 -0.269287
  outer loop
    vertex 40.99999999999442 8.384363717798388 268.5058351323168
    vertex 39.97348015824752 8.402802857897186 269.5026486468935
    vertex 40.00467016285351 8.766820813199079 268.22403307287
  endloop
endfacet
facet normal -0.063854 -0.959408 -0.274698
  outer loop
    vertex 39.97348015824752 8.402802857897186 269.5026486468935
    vertex 38.42200873358546 8.693388166492664 268.848395125642
    vertex 40.00467016285351 8.766820813199079 268.22403307287
  endloop
endfacet
facet normal 0.652247 -0.398615 0.644732
  outer loop
    vertex 31 8.334283408830212 275.4
    vertex 30.28494404561712 7.132933884740337 275.3806389835591
    vertex 32.02924290619774 8.318710959176295 274.3491320746298
  endloop
endfacet
facet normal 0.658614 -0.363312 0.658963
  outer loop
    vertex 30.28494404561712 7.132933884740337 275.3806389835591
    vertex 29.40474642723373 8.251079992026007 276.8768483908084
    vertex 28.18954301704096 7.134945870535672 277.4760390461894
  endloop
endfacet
facet normal -0.233291 -0.93611 -0.263197
  outer loop
    vertex 50.99999999999824 8.334283408841415 275.3999999999977
    vertex 49.40490232477031 8.246757890741959 277.1251534919357
    vertex 49.28308845994803 8.781371177870286 275.3316716594657
  endloop
endfacet
facet normal 0.641873 -0.368883 -0.672253
  outer loop
    vertex 50.9999999999999 8.334534427079314 278.6
    vertex 49.38160411429996 7.132933884754985 277.7140918993166
    vertex 49.40490232477031 8.246757890741959 277.1251534919357
  endloop
endfacet
facet normal -0.641319 -0.420597 0.641723
  outer loop
    vertex 53.81045698294976 7.134945870553535 277.4760390461894
    vertex 55.90585801152591 7.136957856352085 279.5714391088197
    vertex 54.42109277548123 8.395161779627903 278.9122590963891
  endloop
endfacet
facet normal -0.636534 -0.389599 0.665611
  outer loop
    vertex 51.7150559543736 7.132933884754985 275.380638983559
    vertex 52.59525581764829 8.251101126517858 276.8768782883286
    vertex 50.99999999999824 8.334283408841415 275.3999999999977
  endloop
endfacet
facet normal 0.654823 -0.378005 -0.654461
  outer loop
    vertex 53.57240617145227 7.136957856352085 281.9048920245772
    vertex 51.47700514287612 7.134945870553535 279.8094919619469
    vertex 52.85757307245354 8.29081437996275 280.5232155350955
  endloop
endfacet
facet normal 0.660694 -0.356957 -0.660352
  outer loop
    vertex 49.38160411429996 7.132933884754985 277.7140918993166
    vertex 47.28620308572381 7.130921898956434 275.6186918366863
    vertex 48.35427166816945 8.232018066951637 276.0921101455248
  endloop
endfacet
facet normal 0.498949 -0.475533 -0.724513
  outer loop
    vertex 40.99999999999537 7.124885941558998 269.3324916487953
    vertex 40.99999999999442 8.384363717798388 268.5058351323168
    vertex 42.84966722083399 8.693532563410558 269.5767193683067
  endloop
endfacet
facet normal -0.638799 -0.42819 0.63921
  outer loop
    vertex 43.333451840069 7.124885941560784 266.9990387330377
    vertex 45.42885286864514 7.126897927359335 269.0944387956681
    vertex 43.50358431561631 8.402396553803948 268.0248316847549
  endloop
endfacet
facet normal 0.287843 -0.908017 -0.304388
  outer loop
    vertex 47.70278287149748 8.776918553926924 273.8505456713583
    vertex 49.28308845994803 8.781371177870286 275.3316716594657
    vertex 48.35427166816945 8.232018066951637 276.0921101455248
  endloop
endfacet
facet normal 0.572992 -0.586519 -0.572429
  outer loop
    vertex 43.09540102857152 7.126897927359335 271.4278917114256
    vertex 40.99999999999537 7.124885941558998 269.3324916487953
    vertex 42.84966722083399 8.693532563410558 269.5767193683067
  endloop
endfacet
facet normal -0.652488 -0.384754 0.652858
  outer loop
    vertex 49.61965492579744 7.130921898956434 273.2852389209287
    vertex 51.7150559543736 7.132933884754985 275.380638983559
    vertex 49.96495757071185 8.303533062013019 274.3214110861379
  endloop
endfacet
facet normal 0.655718 -0.363588 -0.661693
  outer loop
    vertex 49.40490232477031 8.246757890741959 277.1251534919357
    vertex 49.38160411429996 7.132933884754985 277.7140918993166
    vertex 48.35427166816945 8.232018066951637 276.0921101455248
  endloop
endfacet
facet normal 0.212091 -0.946762 0.242195
  outer loop
    vertex 50.9999999999999 8.334534427079314 278.6
    vertex 52.59525581764829 8.251101126517858 276.8768782883286
    vertex 52.87034933966802 8.781131221102338 278.7079141902901
  endloop
endfacet
facet normal -0.25079 -0.929516 0.270378
  outer loop
    vertex 49.28308845994803 8.781371177870286 275.3316716594657
    vertex 47.70278287149748 8.776918553926924 273.8505456713583
    vertex 49.96495757071185 8.303533062013019 274.3214110861379
  endloop
endfacet
facet normal -0.362277 -0.761765 0.537093
  outer loop
    vertex 42.84966722083399 8.693532563410558 269.5767193683067
    vertex 45.42885286864514 7.126897927359335 269.0944387956681
    vertex 45.34043342698278 8.777746732132883 271.3762171078141
  endloop
endfacet
facet normal -0.526684 -0.847731 -0.062893
  outer loop
    vertex 45.42885286864514 7.126897927359335 269.0944387956681
    vertex 42.84966722083399 8.693532563410558 269.5767193683067
    vertex 43.50358431561631 8.402396553803948 268.0248316847549
  endloop
endfacet
facet normal -0.721026 -0.629102 0.290433
  outer loop
    vertex 52.59525581764829 8.251101126517858 276.8768782883286
    vertex 53.81045698294976 7.134945870553535 277.4760390461894
    vertex 52.87034933966802 8.781131221102338 278.7079141902901
  endloop
endfacet
facet normal 0.742778 -0.568284 -0.354025
  outer loop
    vertex 47.28620308572381 7.130921898956434 275.6186918366863
    vertex 47.70278287149748 8.776918553926924 273.8505456713583
    vertex 48.35427166816945 8.232018066951637 276.0921101455248
  endloop
endfacet
facet normal 0.516016 -0.684201 -0.51536
  outer loop
    vertex 47.28620308572381 7.130921898956434 275.6186918366863
    vertex 45.19080205714766 7.128909913157885 273.5232917740559
    vertex 47.70278287149748 8.776918553926924 273.8505456713583
  endloop
endfacet
facet normal -0.201438 -0.945257 -0.256734
  outer loop
    vertex 52.85757307245354 8.29081437996275 280.5232155350955
    vertex 52.87034933966802 8.781131221102338 278.7079141902901
    vertex 54.42109277548123 8.395161779627903 278.9122590963891
  endloop
endfacet
facet normal 0.241292 -0.960373 -0.139504
  outer loop
    vertex 42.84966722083399 8.693532563410558 269.5767193683067
    vertex 40.99999999999442 8.384363717798388 268.5058351323168
    vertex 42.22570333021259 8.766720112192472 267.9936433987742
  endloop
endfacet
facet normal -0.258348 -0.669033 0.696887
  outer loop
    vertex 52.87034933966802 8.781131221102338 278.7079141902901
    vertex 53.81045698294976 7.134945870553535 277.4760390461894
    vertex 54.42109277548123 8.395161779627903 278.9122590963891
  endloop
endfacet
facet normal 0.225746 -0.961481 0.15682
  outer loop
    vertex 54.78779658808863 8.787004960683293 280.7868169700185
    vertex 52.85757307245354 8.29081437996275 280.5232155350955
    vertex 54.42109277548123 8.395161779627903 278.9122590963891
  endloop
endfacet
facet normal -0.50238 -0.719573 0.479404
  outer loop
    vertex 47.52425389722129 7.128909913157885 271.1898388582984
    vertex 47.70278287149748 8.776918553926924 273.8505456713583
    vertex 45.34043342698278 8.777746732132883 271.3762171078141
  endloop
endfacet
facet normal 0.193844 -0.94989 -0.245222
  outer loop
    vertex 40.99999999999442 8.384363717798388 268.5058351323168
    vertex 40.99999999999411 8.773764900881483 266.9974554931084
    vertex 42.22570333021259 8.766720112192472 267.9936433987742
  endloop
endfacet
facet normal -0.495705 -0.712652 0.49639
  outer loop
    vertex 45.42885286864514 7.126897927359335 269.0944387956681
    vertex 47.52425389722129 7.128909913157885 271.1898388582984
    vertex 45.34043342698278 8.777746732132883 271.3762171078141
  endloop
endfacet
facet normal -0.240079 -0.926788 0.288837
  outer loop
    vertex 40.99999999999411 8.773764900881483 266.9974554931084
    vertex 42.50704377480647 8.383491055122008 266.9978302308249
    vertex 42.22570333021259 8.766720112192472 267.9936433987742
  endloop
endfacet
facet normal 0.520334 -0.694425 -0.497018
  outer loop
    vertex 47.70278287149748 8.776918553926924 273.8505456713583
    vertex 45.19080205714766 7.128909913157885 273.5232917740559
    vertex 45.34043342698278 8.777746732132883 271.3762171078141
  endloop
endfacet
facet normal 0.461168 -0.646188 -0.608083
  outer loop
    vertex 43.09540102857152 7.126897927359335 271.4278917114256
    vertex 42.84966722083399 8.693532563410558 269.5767193683067
    vertex 45.34043342698278 8.777746732132883 271.3762171078141
  endloop
endfacet
facet normal -0.483453 -0.729293 0.484154
  outer loop
    vertex 47.52425389722129 7.128909913157885 271.1898388582984
    vertex 49.61965492579744 7.130921898956434 273.2852389209287
    vertex 47.70278287149748 8.776918553926924 273.8505456713583
  endloop
endfacet
facet normal -0.689708 -0.669857 0.274944
  outer loop
    vertex 55.90585801152591 7.136957856352085 279.5714391088197
    vertex 54.78779658808863 8.787004960683293 280.7868169700185
    vertex 54.42109277548123 8.395161779627903 278.9122590963891
  endloop
endfacet
facet normal 0.266536 -0.667465 -0.695305
  outer loop
    vertex 54.78779658808863 8.787004960683293 280.7868169700185
    vertex 53.57240617145227 7.136957856352085 281.9048920245772
    vertex 52.85757307245354 8.29081437996275 280.5232155350955
  endloop
endfacet
facet normal 0.504258 -0.701517 -0.503585
  outer loop
    vertex 45.19080205714766 7.128909913157885 273.5232917740559
    vertex 43.09540102857152 7.126897927359335 271.4278917114256
    vertex 45.34043342698278 8.777746732132883 271.3762171078141
  endloop
endfacet
facet normal -0.280915 -0.587724 0.758727
  outer loop
    vertex 47.70278287149748 8.776918553926924 273.8505456713583
    vertex 49.61965492579744 7.130921898956434 273.2852389209287
    vertex 49.96495757071185 8.303533062013019 274.3214110861379
  endloop
endfacet
facet normal -0.646168 -0.423668 0.634801
  outer loop
    vertex 42.50704377480647 8.383491055122008 266.9978302308249
    vertex 43.333451840069 7.124885941560784 266.9990387330377
    vertex 43.50358431561631 8.402396553803948 268.0248316847549
  endloop
endfacet
facet normal 0.238542 -0.941263 -0.239001
  outer loop
    vertex 50.9999999999999 8.334534427079314 278.6
    vertex 52.87034933966802 8.781131221102338 278.7079141902901
    vertex 51.92557226348482 8.333260222254063 279.5288114797533
  endloop
endfacet
facet normal 0.661265 -0.396666 -0.636699
  outer loop
    vertex 52.85757307245354 8.29081437996275 280.5232155350955
    vertex 51.47700514287612 7.134945870553535 279.8094919619469
    vertex 51.92557226348482 8.333260222254063 279.5288114797533
  endloop
endfacet
facet normal 0.299064 -0.908719 -0.29119
  outer loop
    vertex 49.28308845994803 8.781371177870286 275.3316716594657
    vertex 49.40490232477031 8.246757890741959 277.1251534919357
    vertex 48.35427166816945 8.232018066951637 276.0921101455248
  endloop
endfacet
facet normal 0.650354 -0.395376 -0.648628
  outer loop
    vertex 51.47700514287612 7.134945870553535 279.8094919619469
    vertex 50.9999999999999 8.334534427079314 278.6
    vertex 51.92557226348482 8.333260222254063 279.5288114797533
  endloop
endfacet
facet normal -0.252721 -0.929389 0.269014
  outer loop
    vertex 50.99999999999824 8.334283408841415 275.3999999999977
    vertex 49.28308845994803 8.781371177870286 275.3316716594657
    vertex 49.96495757071185 8.303533062013019 274.3214110861379
  endloop
endfacet
facet normal -0.269603 -0.921797 0.278576
  outer loop
    vertex 42.50704377480647 8.383491055122008 266.9978302308249
    vertex 43.50358431561631 8.402396553803948 268.0248316847549
    vertex 42.22570333021259 8.766720112192472 267.9936433987742
  endloop
endfacet
facet normal -0.275057 -0.959291 0.0640636
  outer loop
    vertex 43.50358431561631 8.402396553803948 268.0248316847549
    vertex 42.84966722083399 8.693532563410558 269.5767193683067
    vertex 42.22570333021259 8.766720112192472 267.9936433987742
  endloop
endfacet
facet normal 0.226555 -0.940702 -0.252491
  outer loop
    vertex 52.87034933966802 8.781131221102338 278.7079141902901
    vertex 52.85757307245354 8.29081437996275 280.5232155350955
    vertex 51.92557226348482 8.333260222254063 279.5288114797533
  endloop
endfacet
facet normal 0.649438 -0.396174 -0.649058
  outer loop
    vertex 50.9999999999999 8.334534427079314 278.6
    vertex 51.47700514287612 7.134945870553535 279.8094919619469
    vertex 49.38160411429996 7.132933884754985 277.7140918993166
  endloop
endfacet
facet normal -0.655419 -0.400433 0.640374
  outer loop
    vertex 51.7150559543736 7.132933884754985 275.380638983559
    vertex 50.99999999999824 8.334283408841415 275.3999999999977
    vertex 49.96495757071185 8.303533062013019 274.3214110861379
  endloop
endfacet
facet normal -0.658611 -0.36332 0.658961
  outer loop
    vertex 53.81045698294976 7.134945870553535 277.4760390461894
    vertex 52.59525581764829 8.251101126517858 276.8768782883286
    vertex 51.7150559543736 7.132933884754985 275.380638983559
  endloop
endfacet
facet normal 0.910018 -0.000834961 -0.414568
  outer loop
    vertex 38.66654815992179 7.124885941558998 266.9990387330377
    vertex 38.66654762207973 7.123765661503758 266.9990398087214
    vertex 38.38251592493187 7.981227593364963 266.3738351544712
  endloop
endfacet
facet normal 0.659268 -0.362202 -0.65892
  outer loop
    vertex 29.40490169125398 8.227566926280591 257.1251454174326
    vertex 30.2849440456171 7.114597438254318 258.6174406338837
    vertex 28.18954301704094 7.112585452455767 256.5220405712533
  endloop
endfacet
facet normal 0.234545 -0.936001 0.262471
  outer loop
    vertex 31 8.315336745114447 258.6
    vertex 32.59525520477335 8.231884571149712 256.8768703473255
    vertex 32.76705558230481 8.762323264984101 258.6149534158383
  endloop
endfacet
facet normal -0.641479 -0.369913 0.672063
  outer loop
    vertex 32.61839588569072 7.114597438254318 256.2839877181261
    vertex 32.59525520477335 8.231884571149712 256.8768703473255
    vertex 30.99999999999837 8.315073444611322 255.3999999999977
  endloop
endfacet
facet normal 0.641828 -0.420274 -0.641425
  outer loop
    vertex 28.18954301704094 7.112585452455767 256.5220405712533
    vertex 26.09414198846478 7.110573466657217 254.426640508623
    vertex 27.57686528231166 8.370075654348966 255.0850453283692
  endloop
endfacet
facet normal 0.636883 -0.388941 -0.665661
  outer loop
    vertex 31 8.315336745114447 258.6
    vertex 30.2849440456171 7.114597438254318 258.6174406338837
    vertex 29.40490169125398 8.227566926280591 257.1251454174326
  endloop
endfacet
facet normal -0.654191 -0.378935 0.654555
  outer loop
    vertex 28.42759382853842 7.110573466657217 252.0931875928654
    vertex 30.52299485711456 7.112585452455767 254.1885876554958
    vertex 29.1396738975347 8.268808271188648 253.4753970626604
  endloop
endfacet
facet normal -0.663399 -0.34549 0.663731
  outer loop
    vertex 32.61839588569072 7.114597438254318 256.2839877181261
    vertex 34.71379691426689 7.116609424052868 258.3793877807565
    vertex 33.66929253551287 8.18578692816555 257.8919427481831
  endloop
endfacet
facet normal 0.680899 -0.270379 -0.68064
  outer loop
    vertex 38.66654815992171 7.122645381448518 266.999040884405
    vertex 36.57114713134556 7.120633395649969 264.9036408217747
    vertex 38.38251592493187 7.981227593364963 266.3738351544712
  endloop
endfacet
facet normal -0.639588 -0.425829 0.639997
  outer loop
    vertex 38.90459897141922 7.120633395649969 262.5701879060172
    vertex 40.99999999999537 7.122645381450313 264.6655879686475
    vertex 39.8655852687138 8.393425048241564 264.3774248813365
  endloop
endfacet
facet normal 0.648668 -0.398692 -0.648286
  outer loop
    vertex 32.38034507419325 7.116609424052868 260.712840696514
    vertex 30.2849440456171 7.114597438254318 258.6174406338837
    vertex 32.01880506558449 8.322501138942219 259.6094699264311
  endloop
endfacet
facet normal -0.647014 -0.367816 0.667895
  outer loop
    vertex 32.59525520477335 8.231884571149712 256.8768703473255
    vertex 32.61839588569072 7.114597438254318 256.2839877181261
    vertex 33.66929253551287 8.18578692816555 257.8919427481831
  endloop
endfacet
facet normal -0.210204 -0.94713 -0.242401
  outer loop
    vertex 30.99999999999837 8.315073444611322 255.3999999999977
    vertex 29.40490169125398 8.227566926280591 257.1251454174326
    vertex 29.12690057688744 8.75822213372361 255.2927986227369
  endloop
endfacet
facet normal -0.33301 -0.894648 0.297842
  outer loop
    vertex 34.18810467123341 8.767094745564364 260.2181301298716
    vertex 32.76705558230481 8.762323264984101 258.6149534158383
    vertex 33.66929253551287 8.18578692816555 257.8919427481831
  endloop
endfacet
facet normal 0.255533 -0.940563 -0.223704
  outer loop
    vertex 32.76705558230481 8.762323264984101 258.6149534158383
    vertex 34.18810467123341 8.767094745564364 260.2181301298716
    vertex 32.01880506558449 8.322501138942219 259.6094699264311
  endloop
endfacet
facet normal 0.721179 -0.628469 -0.291424
  outer loop
    vertex 29.40490169125398 8.227566926280591 257.1251454174326
    vertex 28.18954301704094 7.112585452455767 256.5220405712533
    vertex 29.12690057688744 8.75822213372361 255.2927986227369
  endloop
endfacet
facet normal -0.217744 -0.944602 0.245589
  outer loop
    vertex 40.9999999999944 8.382044004829314 265.4907871507363
    vertex 40.99999999999411 8.773764900881483 266.9974554931084
    vertex 39.57788425891248 8.76937746361209 265.719702789258
  endloop
endfacet
facet normal 0.241622 -0.933281 -0.265717
  outer loop
    vertex 40.99999999999411 8.773764900881483 266.9974554931084
    vertex 39.49295622518313 8.383491055120166 266.9978302308249
    vertex 39.57788425891248 8.76937746361209 265.719702789258
  endloop
endfacet
facet normal 0.503646 -0.702397 -0.502971
  outer loop
    vertex 34.4757461027694 7.118621409851418 262.8082407591443
    vertex 32.38034507419325 7.116609424052868 260.712840696514
    vertex 34.18810467123341 8.767094745564364 260.2181301298716
  endloop
endfacet
facet normal 0.202395 -0.945258 0.255974
  outer loop
    vertex 29.1396738975347 8.268808271188648 253.4753970626604
    vertex 29.12690057688744 8.75822213372361 255.2927986227369
    vertex 27.57686528231166 8.370075654348966 255.0850453283692
  endloop
endfacet
facet normal 0.260773 -0.668674 -0.696328
  outer loop
    vertex 29.12690057688744 8.75822213372361 255.2927986227369
    vertex 28.18954301704094 7.112585452455767 256.5220405712533
    vertex 27.57686528231166 8.370075654348966 255.0850453283692
  endloop
endfacet
facet normal -0.223643 -0.962007 -0.156612
  outer loop
    vertex 27.21059620869894 8.760525601447066 253.2097012238838
    vertex 29.1396738975347 8.268808271188648 253.4753970626604
    vertex 27.57686528231166 8.370075654348966 255.0850453283692
  endloop
endfacet
facet normal 0.32805 -0.582274 -0.743868
  outer loop
    vertex 34.18810467123341 8.767094745564364 260.2181301298716
    vertex 32.38034507419325 7.116609424052868 260.712840696514
    vertex 32.01880506558449 8.322501138942219 259.6094699264311
  endloop
endfacet
facet normal -0.497687 -0.709885 0.498369
  outer loop
    vertex 36.80919794284304 7.118621409851418 260.4747878433868
    vertex 38.90459897141922 7.120633395649969 262.5701879060172
    vertex 36.51059882323268 8.769413043705887 262.5280112790844
  endloop
endfacet
facet normal -0.178855 -0.757115 0.628322
  outer loop
    vertex 38.90459897141922 7.120633395649969 262.5701879060172
    vertex 39.8655852687138 8.393425048241564 264.3774248813365
    vertex 38.14443795903075 8.765500785118027 264.3358346238712
  endloop
endfacet
facet normal -0.509443 -0.727966 0.458839
  outer loop
    vertex 36.51059882323268 8.769413043705887 262.5280112790844
    vertex 38.90459897141922 7.120633395649969 262.5701879060172
    vertex 38.14443795903075 8.765500785118027 264.3358346238712
  endloop
endfacet
facet normal -0.496328 -0.711785 0.497011
  outer loop
    vertex 34.71379691426689 7.116609424052868 258.3793877807565
    vertex 36.80919794284304 7.118621409851418 260.4747878433868
    vertex 34.18810467123341 8.767094745564364 260.2181301298716
  endloop
endfacet
facet normal -0.746759 -0.586747 0.313177
  outer loop
    vertex 34.71379691426689 7.116609424052868 258.3793877807565
    vertex 34.18810467123341 8.767094745564364 260.2181301298716
    vertex 33.66929253551287 8.18578692816555 257.8919427481831
  endloop
endfacet
facet normal 0.501457 -0.703591 -0.503489
  outer loop
    vertex 34.4757461027694 7.118621409851418 262.8082407591443
    vertex 34.18810467123341 8.767094745564364 260.2181301298716
    vertex 36.51059882323268 8.769413043705887 262.5280112790844
  endloop
endfacet
facet normal -0.211162 -0.952048 0.221395
  outer loop
    vertex 38.14443795903075 8.765500785118027 264.3358346238712
    vertex 39.8655852687138 8.393425048241564 264.3774248813365
    vertex 39.57788425891248 8.76937746361209 265.719702789258
  endloop
endfacet
facet normal -0.495801 -0.710604 0.499222
  outer loop
    vertex 34.18810467123341 8.767094745564364 260.2181301298716
    vertex 36.80919794284304 7.118621409851418 260.4747878433868
    vertex 36.51059882323268 8.769413043705887 262.5280112790844
  endloop
endfacet
facet normal 0.616151 -0.708273 -0.344539
  outer loop
    vertex 38.38251592493187 7.981227593364963 266.3738351544712
    vertex 36.57114713134556 7.120633395649969 264.9036408217747
    vertex 38.14443795903075 8.765500785118027 264.3358346238712
  endloop
endfacet
facet normal 0.36084 -0.855499 -0.37137
  outer loop
    vertex 38.38251592493187 7.981227593364963 266.3738351544712
    vertex 38.14443795903075 8.765500785118027 264.3358346238712
    vertex 39.57788425891248 8.76937746361209 265.719702789258
  endloop
endfacet
facet normal 0.690414 -0.669427 -0.274219
  outer loop
    vertex 26.09414198846478 7.110573466657217 254.426640508623
    vertex 27.21059620869894 8.760525601447066 253.2097012238838
    vertex 27.57686528231166 8.370075654348966 255.0850453283692
  endloop
endfacet
facet normal 0.552996 -0.36382 -0.749553
  outer loop
    vertex 39.49295622518313 8.383491055120166 266.9978302308249
    vertex 38.66654815992179 7.124885941558998 266.9990387330377
    vertex 38.38251592493187 7.981227593364963 266.3738351544712
  endloop
endfacet
facet normal 0.502302 -0.704318 -0.501626
  outer loop
    vertex 36.57114713134556 7.120633395649969 264.9036408217747
    vertex 34.4757461027694 7.118621409851418 262.8082407591443
    vertex 36.51059882323268 8.769413043705887 262.5280112790844
  endloop
endfacet
facet normal -0.265885 -0.667058 0.695945
  outer loop
    vertex 27.21059620869894 8.760525601447066 253.2097012238838
    vertex 28.42759382853842 7.110573466657217 252.0931875928654
    vertex 29.1396738975347 8.268808271188648 253.4753970626604
  endloop
endfacet
facet normal 0.539701 -0.685102 -0.489243
  outer loop
    vertex 36.57114713134556 7.120633395649969 264.9036408217747
    vertex 36.51059882323268 8.769413043705887 262.5280112790844
    vertex 38.14443795903075 8.765500785118027 264.3358346238712
  endloop
endfacet
facet normal -0.637031 -0.422467 0.644758
  outer loop
    vertex 40.99999999999537 7.122645381450313 264.6655879686475
    vertex 40.9999999999944 8.382044004829314 265.4907871507363
    vertex 39.8655852687138 8.393425048241564 264.3774248813365
  endloop
endfacet
facet normal -0.236491 -0.941865 0.238666
  outer loop
    vertex 30.99999999999837 8.315073444611322 255.3999999999977
    vertex 29.12690057688744 8.75822213372361 255.2927986227369
    vertex 30.07308386123601 8.312166864272742 254.4700609867081
  endloop
endfacet
facet normal -0.660501 -0.397226 0.637142
  outer loop
    vertex 29.1396738975347 8.268808271188648 253.4753970626604
    vertex 30.52299485711456 7.112585452455767 254.1885876554958
    vertex 30.07308386123601 8.312166864272742 254.4700609867081
  endloop
endfacet
facet normal -0.326898 -0.894398 0.30527
  outer loop
    vertex 32.76705558230481 8.762323264984101 258.6149534158383
    vertex 32.59525520477335 8.231884571149712 256.8768703473255
    vertex 33.66929253551287 8.18578692816555 257.8919427481831
  endloop
endfacet
facet normal -0.649754 -0.395949 0.648879
  outer loop
    vertex 30.52299485711456 7.112585452455767 254.1885876554958
    vertex 30.99999999999837 8.315073444611322 255.3999999999977
    vertex 30.07308386123601 8.312166864272742 254.4700609867081
  endloop
endfacet
facet normal -0.22362 -0.949953 0.218138
  outer loop
    vertex 39.8655852687138 8.393425048241564 264.3774248813365
    vertex 40.9999999999944 8.382044004829314 265.4907871507363
    vertex 39.57788425891248 8.76937746361209 265.719702789258
  endloop
endfacet
facet normal 0.240195 -0.941667 -0.235733
  outer loop
    vertex 31 8.315336745114447 258.6
    vertex 32.76705558230481 8.762323264984101 258.6149534158383
    vertex 32.01880506558449 8.322501138942219 259.6094699264311
  endloop
endfacet
facet normal -0.224713 -0.941301 0.251907
  outer loop
    vertex 29.12690057688744 8.75822213372361 255.2927986227369
    vertex 29.1396738975347 8.268808271188648 253.4753970626604
    vertex 30.07308386123601 8.312166864272742 254.4700609867081
  endloop
endfacet
facet normal 0.443846 -0.865592 -0.231843
  outer loop
    vertex 39.49295622518313 8.383491055120166 266.9978302308249
    vertex 38.38251592493187 7.981227593364963 266.3738351544712
    vertex 39.57788425891248 8.76937746361209 265.719702789258
  endloop
endfacet
facet normal 0.910471 4.00032e-05 -0.413574
  outer loop
    vertex 38.66654762207973 7.123765661503758 266.9990398087214
    vertex 38.66654815992171 7.122645381448518 266.999040884405
    vertex 38.38251592493187 7.981227593364963 266.3738351544712
  endloop
endfacet
facet normal 0.647919 -0.395301 -0.651105
  outer loop
    vertex 30.2849440456171 7.114597438254318 258.6174406338837
    vertex 31 8.315336745114447 258.6
    vertex 32.01880506558449 8.322501138942219 259.6094699264311
  endloop
endfacet
facet normal -0.648899 -0.396693 0.64928
  outer loop
    vertex 30.52299485711456 7.112585452455767 254.1885876554958
    vertex 32.61839588569072 7.114597438254318 256.2839877181261
    vertex 30.99999999999837 8.315073444611322 255.3999999999977
  endloop
endfacet
facet normal 7.6772e-13 -1 0.000960191
  outer loop
    vertex 28.00000000001108 4.733380650215395 277.0138054537986
    vertex 29.71502970468472 4.734605269684764 278.2891960226326
    vertex 28.87867965645142 4.735417523513264 279.135124819464
  endloop
endfacet
facet normal 7.67483e-13 -1 0.000960191
  outer loop
    vertex 33.12132034357064 4.73541752351652 279.135124819464
    vertex 32.28497029532569 4.73460526968674 278.2891960226362
    vertex 34.00000000001098 4.733380650219999 277.0138054537986
  endloop
endfacet
facet normal 7.67715e-13 -1 0.000960191
  outer loop
    vertex 28.87867965645142 4.735417523513264 279.135124819464
    vertex 29.71502970468472 4.734605269684764 278.2891960226326
    vertex 31.00000000001103 4.736261224059426 280.0138040708472
  endloop
endfacet
facet normal 7.67385e-13 -1 0.000960191
  outer loop
    vertex 31.00000000001103 4.736261224059426 280.0138040708472
    vertex 32.28497029532569 4.73460526968674 278.2891960226362
    vertex 33.12132034357064 4.73541752351652 279.135124819464
  endloop
endfacet
facet normal 7.67369e-13 -1 0.000960191
  outer loop
    vertex 28.87867965645142 4.731343776918874 274.8924860881332
    vertex 31.00000000001103 4.730500076375969 274.0138068367498
    vertex 31 4.731831087578089 275.4
  endloop
endfacet
facet normal 7.67553e-13 -1 0.000960191
  outer loop
    vertex 31 4.731831087578089 275.4
    vertex 31.00000000001103 4.730500076375969 274.0138068367498
    vertex 33.12132034357064 4.73134377692213 274.8924860881332
  endloop
endfacet
facet normal 7.67553e-13 -1 0.000960191
  outer loop
    vertex 31.00000000001103 4.736261224059426 280.0138040708472
    vertex 29.71502970468472 4.734605269684764 278.2891960226326
    vertex 31 4.734903701092359 278.6
  endloop
endfacet
facet normal 7.66968e-13 -1 0.000960191
  outer loop
    vertex 31 4.734903701092359 278.6
    vertex 32.28497029532569 4.73460526968674 278.2891960226362
    vertex 31.00000000001103 4.736261224059426 280.0138040708472
  endloop
endfacet
facet normal 7.67539e-13 -1 0.000960191
  outer loop
    vertex 31 4.734903701092359 278.6
    vertex 29.71502970468472 4.734605269684764 278.2891960226326
    vertex 29.40000000000001 4.733367394333997 277
  endloop
endfacet
facet normal 7.67056e-13 -1 0.000960191
  outer loop
    vertex 32.59999999999999 4.733367394336452 277.0000000000001
    vertex 32.28497029532569 4.73460526968674 278.2891960226362
    vertex 31 4.734903701092359 278.6
  endloop
endfacet
facet normal 7.67084e-13 -1 0.000960191
  outer loop
    vertex 29.40000000000001 4.733367394333997 277
    vertex 28.87867965645142 4.731343776918874 274.8924860881332
    vertex 31 4.731831087578089 275.4
  endloop
endfacet
facet normal 7.67716e-13 -1 0.000960191
  outer loop
    vertex 31 4.731831087578089 275.4
    vertex 33.12132034357064 4.73134377692213 274.8924860881332
    vertex 32.59999999999999 4.733367394336452 277.0000000000001
  endloop
endfacet
facet normal 7.67602e-13 -1 0.000960191
  outer loop
    vertex 29.40000000000001 4.733367394333997 277
    vertex 28.00000000001108 4.733380650215395 277.0138054537986
    vertex 28.87867965645142 4.731343776918874 274.8924860881332
  endloop
endfacet
facet normal 7.676e-13 -1 0.000960191
  outer loop
    vertex 29.40000000000001 4.733367394333997 277
    vertex 29.71502970468472 4.734605269684764 278.2891960226326
    vertex 28.00000000001108 4.733380650215395 277.0138054537986
  endloop
endfacet
facet normal 7.6772e-13 -1 0.000960191
  outer loop
    vertex 32.59999999999999 4.733367394336452 277.0000000000001
    vertex 33.12132034357064 4.73134377692213 274.8924860881332
    vertex 34.00000000001098 4.733380650219999 277.0138054537986
  endloop
endfacet
facet normal 7.67714e-13 -1 0.000960191
  outer loop
    vertex 34.00000000001098 4.733380650219999 277.0138054537986
    vertex 32.28497029532569 4.73460526968674 278.2891960226362
    vertex 32.59999999999999 4.733367394336452 277.0000000000001
  endloop
endfacet
facet normal -0.847466 -0.397882 0.351414
  outer loop
    vertex 34.00000000001098 4.733380650219999 277.0138054537986
    vertex 33.12132034357064 4.73134377692213 274.8924860881332
    vertex 33.77163859754526 4.206252169510102 275.8662607718748
  endloop
endfacet
facet normal -0.351032 -0.397405 0.847848
  outer loop
    vertex 33.12132034357064 4.73134377692213 274.8924860881332
    vertex 31.00000000001103 4.730500076375969 274.0138068367498
    vertex 32.14805029710669 4.204693214179521 274.2426732198841
  endloop
endfacet
facet normal -0.847466 -0.398556 -0.350649
  outer loop
    vertex 33.12132034357064 4.73541752351652 279.135124819464
    vertex 34.00000000001098 4.733380650219999 277.0138054537986
    vertex 33.77163859754526 4.208456865279969 278.1623603076002
  endloop
endfacet
facet normal -0.353434 0.382615 -0.853633
  outer loop
    vertex 33.12132034357149 3.635418030598649 279.1361810298726
    vertex 31.00000000001188 3.636261731141555 280.0148602812559
    vertex 32.13794115541572 4.186046206916852 279.7901366541442
  endloop
endfacet
facet normal -0.353434 -0.384254 -0.852897
  outer loop
    vertex 31.00000000001103 4.736261224059426 280.0138040708472
    vertex 33.12132034357064 4.73541752351652 279.135124819464
    vertex 32.13794115541572 4.186046206916852 279.7901366541442
  endloop
endfacet
facet normal -0.355574 0.3705 0.858077
  outer loop
    vertex 31.00000000001188 3.630500583458097 274.0148630471585
    vertex 33.12132034357148 3.631344284004259 274.8935422985418
    vertex 32.14805029710669 4.204693214179521 274.2426732198841
  endloop
endfacet
facet normal -0.858432 0.369335 -0.355929
  outer loop
    vertex 34.00000000001183 3.633381157302129 277.0148616642072
    vertex 33.12132034357149 3.635418030598649 279.1361810298726
    vertex 33.77163859754526 4.208456865279969 278.1623603076002
  endloop
endfacet
facet normal -0.858432 0.370018 0.355219
  outer loop
    vertex 33.12132034357148 3.631344284004259 274.8935422985418
    vertex 34.00000000001183 3.633381157302129 277.0148616642072
    vertex 33.77163859754526 4.206252169510102 275.8662607718748
  endloop
endfacet
facet normal -0.193303 -0.000942081 -0.981139
  outer loop
    vertex 31.00000000001188 3.636261731141555 280.0148602812559
    vertex 31.00000000001103 4.736261224059426 280.0138040708472
    vertex 32.13794115541572 4.186046206916852 279.7901366541442
  endloop
endfacet
facet normal -0.980785 -0.000187324 -0.19509
  outer loop
    vertex 34.00000000001098 4.733380650219999 277.0138054537986
    vertex 34.00000000001183 3.633381157302129 277.0148616642072
    vertex 33.77163859754526 4.208456865279969 278.1623603076002
  endloop
endfacet
facet normal -0.55557 0.00079837 0.831469
  outer loop
    vertex 33.12132034357148 3.631344284004259 274.8935422985418
    vertex 33.12132034357064 4.73134377692213 274.8924860881332
    vertex 32.14805029710669 4.204693214179521 274.2426732198841
  endloop
endfacet
facet normal -0.980785 0.000187324 0.19509
  outer loop
    vertex 34.00000000001183 3.633381157302129 277.0148616642072
    vertex 34.00000000001098 4.733380650219999 277.0138054537986
    vertex 33.77163859754526 4.206252169510102 275.8662607718748
  endloop
endfacet
facet normal -0.83147 0.000533454 0.55557
  outer loop
    vertex 33.12132034357064 4.73134377692213 274.8924860881332
    vertex 33.12132034357148 3.631344284004259 274.8935422985418
    vertex 33.77163859754526 4.206252169510102 275.8662607718748
  endloop
endfacet
facet normal -0.19509 0.000941741 0.980785
  outer loop
    vertex 31.00000000001103 4.730500076375969 274.0138068367498
    vertex 31.00000000001188 3.630500583458097 274.0148630471585
    vertex 32.14805029710669 4.204693214179521 274.2426732198841
  endloop
endfacet
facet normal -0.83147 -0.000533454 -0.55557
  outer loop
    vertex 33.12132034357149 3.635418030598649 279.1361810298726
    vertex 33.12132034357064 4.73541752351652 279.135124819464
    vertex 33.77163859754526 4.208456865279969 278.1623603076002
  endloop
endfacet
facet normal -0.554054 -0.000799341 -0.83248
  outer loop
    vertex 33.12132034357064 4.73541752351652 279.135124819464
    vertex 33.12132034357149 3.635418030598649 279.1361810298726
    vertex 32.13794115541572 4.186046206916852 279.7901366541442
  endloop
endfacet
facet normal 7.6772e-13 -1 0.000960191
  outer loop
    vertex 48.00000000001098 4.733380650230743 277.0138054537985
    vertex 49.71502970468463 4.734605269700112 278.2891960226326
    vertex 48.87867965645133 4.735417523528612 279.1351248194639
  endloop
endfacet
facet normal 7.67529e-13 -1 0.000960191
  outer loop
    vertex 53.12132034357055 4.735417523531868 279.1351248194639
    vertex 52.28497029532559 4.734605269702088 278.2891960226362
    vertex 54.0000000000109 4.733380650235347 277.0138054537985
  endloop
endfacet
facet normal 7.67715e-13 -1 0.000960191
  outer loop
    vertex 48.87867965645133 4.735417523528612 279.1351248194639
    vertex 49.71502970468463 4.734605269700112 278.2891960226326
    vertex 51.00000000001094 4.736261224074774 280.0138040708472
  endloop
endfacet
facet normal 7.67404e-13 -1 0.000960191
  outer loop
    vertex 51.00000000001094 4.736261224074774 280.0138040708472
    vertex 52.28497029532559 4.734605269702088 278.2891960226362
    vertex 53.12132034357055 4.735417523531868 279.1351248194639
  endloop
endfacet
facet normal 7.67618e-13 -1 0.000960191
  outer loop
    vertex 48.87867965645133 4.731343776934222 274.8924860881331
    vertex 51.00000000001094 4.730500076391317 274.0138068367498
    vertex 50.9999999999999 4.731831087593438 275.4
  endloop
endfacet
facet normal 7.67304e-13 -1 0.000960191
  outer loop
    vertex 50.9999999999999 4.731831087593438 275.4
    vertex 51.00000000001094 4.730500076391317 274.0138068367498
    vertex 53.12132034357055 4.731343776937478 274.8924860881331
  endloop
endfacet
facet normal 7.67502e-13 -1 0.000960191
  outer loop
    vertex 51.00000000001094 4.736261224074774 280.0138040708472
    vertex 49.71502970468463 4.734605269700112 278.2891960226326
    vertex 50.9999999999999 4.734903701107707 278.6
  endloop
endfacet
facet normal 7.66978e-13 -1 0.000960191
  outer loop
    vertex 50.9999999999999 4.734903701107707 278.6
    vertex 52.28497029532559 4.734605269702088 278.2891960226362
    vertex 51.00000000001094 4.736261224074774 280.0138040708472
  endloop
endfacet
facet normal 7.67483e-13 -1 0.000960191
  outer loop
    vertex 50.9999999999999 4.734903701107707 278.6
    vertex 49.71502970468463 4.734605269700112 278.2891960226326
    vertex 49.3999999999999 4.733367394349345 277
  endloop
endfacet
facet normal 7.67045e-13 -1 0.000960191
  outer loop
    vertex 52.59999999999989 4.7333673943518 277
    vertex 52.28497029532559 4.734605269702088 278.2891960226362
    vertex 50.9999999999999 4.734903701107707 278.6
  endloop
endfacet
facet normal 7.67508e-13 -1 0.000960191
  outer loop
    vertex 48.87867965645133 4.731343776934222 274.8924860881331
    vertex 50.9999999999999 4.731831087593438 275.4
    vertex 49.3999999999999 4.733367394349345 277
  endloop
endfacet
facet normal 7.67299e-13 -1 0.000960191
  outer loop
    vertex 52.59999999999989 4.7333673943518 277
    vertex 50.9999999999999 4.731831087593438 275.4
    vertex 53.12132034357055 4.731343776937478 274.8924860881331
  endloop
endfacet
facet normal 7.67563e-13 -1 0.000960191
  outer loop
    vertex 48.87867965645133 4.731343776934222 274.8924860881331
    vertex 49.3999999999999 4.733367394349345 277
    vertex 48.00000000001098 4.733380650230743 277.0138054537985
  endloop
endfacet
facet normal 7.67561e-13 -1 0.000960191
  outer loop
    vertex 49.3999999999999 4.733367394349345 277
    vertex 49.71502970468463 4.734605269700112 278.2891960226326
    vertex 48.00000000001098 4.733380650230743 277.0138054537985
  endloop
endfacet
facet normal 7.6772e-13 -1 0.000960191
  outer loop
    vertex 53.12132034357055 4.731343776937478 274.8924860881331
    vertex 54.0000000000109 4.733380650235347 277.0138054537985
    vertex 52.59999999999989 4.7333673943518 277
  endloop
endfacet
facet normal 7.67714e-13 -1 0.000960191
  outer loop
    vertex 54.0000000000109 4.733380650235347 277.0138054537985
    vertex 52.28497029532559 4.734605269702088 278.2891960226362
    vertex 52.59999999999989 4.7333673943518 277
  endloop
endfacet
facet normal -0.351032 0.397405 -0.847848
  outer loop
    vertex 53.1213203435714 3.635418030613997 279.1361810298725
    vertex 51.00000000001179 3.636261731156903 280.0148602812558
    vertex 52.14805029710664 4.162068593355104 279.7859938981217
  endloop
endfacet
facet normal -0.847466 -0.397882 0.351414
  outer loop
    vertex 54.0000000000109 4.733380650235347 277.0138054537985
    vertex 53.12132034357055 4.731343776937478 274.8924860881331
    vertex 53.77163859754516 4.20625216952545 275.8662607718747
  endloop
endfacet
facet normal -0.847466 0.397882 -0.351414
  outer loop
    vertex 54.00000000001175 3.633381157317476 277.0148616642072
    vertex 53.1213203435714 3.635418030613997 279.1361810298725
    vertex 53.7716385975452 4.160509638027019 278.1624063461309
  endloop
endfacet
facet normal -0.351032 -0.397405 0.847848
  outer loop
    vertex 53.12132034357055 4.731343776937478 274.8924860881331
    vertex 51.00000000001094 4.730500076391317 274.0138068367498
    vertex 52.1480502971066 4.204693214194869 274.242673219884
  endloop
endfacet
facet normal -0.355574 0.3705 0.858077
  outer loop
    vertex 51.00000000001179 3.630500583473445 274.0148630471584
    vertex 53.1213203435714 3.631344284019607 274.8935422985418
    vertex 52.1480502971066 4.204693214194869 274.242673219884
  endloop
endfacet
facet normal -0.355574 -0.3705 -0.858077
  outer loop
    vertex 51.00000000001094 4.736261224074774 280.0138040708472
    vertex 53.12132034357055 4.735417523531868 279.1351248194639
    vertex 52.14805029710664 4.162068593355104 279.7859938981217
  endloop
endfacet
facet normal -0.858432 -0.370018 -0.355219
  outer loop
    vertex 53.12132034357055 4.735417523531868 279.1351248194639
    vertex 54.0000000000109 4.733380650235347 277.0138054537985
    vertex 53.7716385975452 4.160509638027019 278.1624063461309
  endloop
endfacet
facet normal -0.858432 0.370018 0.355219
  outer loop
    vertex 53.1213203435714 3.631344284019607 274.8935422985418
    vertex 54.00000000001175 3.633381157317476 277.0148616642072
    vertex 53.77163859754516 4.20625216952545 275.8662607718747
  endloop
endfacet
facet normal -0.55557 0.00079837 0.831469
  outer loop
    vertex 53.1213203435714 3.631344284019607 274.8935422985418
    vertex 53.12132034357055 4.731343776937478 274.8924860881331
    vertex 52.1480502971066 4.204693214194869 274.242673219884
  endloop
endfacet
facet normal -0.980785 0.000187324 0.19509
  outer loop
    vertex 54.00000000001175 3.633381157317476 277.0148616642072
    vertex 54.0000000000109 4.733380650235347 277.0138054537985
    vertex 53.77163859754516 4.20625216952545 275.8662607718747
  endloop
endfacet
facet normal -0.83147 -0.000533454 -0.55557
  outer loop
    vertex 53.1213203435714 3.635418030613997 279.1361810298725
    vertex 53.12132034357055 4.735417523531868 279.1351248194639
    vertex 53.7716385975452 4.160509638027019 278.1624063461309
  endloop
endfacet
facet normal -0.19509 -0.000941741 -0.980785
  outer loop
    vertex 51.00000000001179 3.636261731156903 280.0148602812558
    vertex 51.00000000001094 4.736261224074774 280.0138040708472
    vertex 52.14805029710664 4.162068593355104 279.7859938981217
  endloop
endfacet
facet normal -0.83147 0.000533454 0.55557
  outer loop
    vertex 53.12132034357055 4.731343776937478 274.8924860881331
    vertex 53.1213203435714 3.631344284019607 274.8935422985418
    vertex 53.77163859754516 4.20625216952545 275.8662607718747
  endloop
endfacet
facet normal -0.55557 -0.00079837 -0.831469
  outer loop
    vertex 53.12132034357055 4.735417523531868 279.1351248194639
    vertex 53.1213203435714 3.635418030613997 279.1361810298725
    vertex 52.14805029710664 4.162068593355104 279.7859938981217
  endloop
endfacet
facet normal -0.19509 0.000941741 0.980785
  outer loop
    vertex 51.00000000001094 4.730500076391317 274.0138068367498
    vertex 51.00000000001179 3.630500583473445 274.0148630471584
    vertex 52.1480502971066 4.204693214194869 274.242673219884
  endloop
endfacet
facet normal -0.980785 -0.000187324 -0.19509
  outer loop
    vertex 54.0000000000109 4.733380650235347 277.0138054537985
    vertex 54.00000000001175 3.633381157317476 277.0148616642072
    vertex 53.7716385975452 4.160509638027019 278.1624063461309
  endloop
endfacet
facet normal 7.67484e-13 -1 0.000960191
  outer loop
    vertex 48.000000000011 4.714176833471868 257.0138238931444
    vertex 49.71502660428281 4.715401443632899 258.2892047677292
    vertex 48.87867965645135 4.716213706769737 259.1351432588098
  endloop
endfacet
facet normal 7.66975e-13 -1 0.000960191
  outer loop
    vertex 53.12132034357057 4.716213706772993 259.1351432588098
    vertex 52.28497339572742 4.715401443634875 258.2892047677329
    vertex 54.00000000001091 4.714176833476472 257.0138238931444
  endloop
endfacet
facet normal 7.67321e-13 -1 0.000960191
  outer loop
    vertex 48.87867965645135 4.716213706769737 259.1351432588098
    vertex 49.71502660428281 4.715401443632899 258.2892047677292
    vertex 51.00000000001096 4.717057407315898 260.0138225101931
  endloop
endfacet
facet normal 7.67472e-13 -1 0.000960191
  outer loop
    vertex 51.00000000001096 4.717057407315898 260.0138225101931
    vertex 52.28497339572742 4.715401443634875 258.2892047677329
    vertex 53.12132034357057 4.716213706772993 259.1351432588098
  endloop
endfacet
facet normal 7.67155e-13 -1 0.000960191
  outer loop
    vertex 48.87867965645134 4.712139960175347 254.892504527479
    vertex 51.00000000001096 4.711296259632441 254.0138252760957
    vertex 50.9999999999999 4.712627253129255 255.4
  endloop
endfacet
facet normal 7.6778e-13 -1 0.000960191
  outer loop
    vertex 50.9999999999999 4.712627253129255 255.4
    vertex 51.00000000001096 4.711296259632441 254.0138252760957
    vertex 53.12132034357057 4.712139960178603 254.892504527479
  endloop
endfacet
facet normal 7.67719e-13 -1 0.000960191
  outer loop
    vertex 51.00000000001096 4.717057407315898 260.0138225101931
    vertex 49.71502660428281 4.715401443632899 258.2892047677292
    vertex 50.9999999999999 4.715699866643525 258.6
  endloop
endfacet
facet normal 7.67491e-13 -1 0.000960191
  outer loop
    vertex 50.9999999999999 4.715699866643525 258.6
    vertex 52.28497339572742 4.715401443634875 258.2892047677329
    vertex 51.00000000001096 4.717057407315898 260.0138225101931
  endloop
endfacet
facet normal 7.6725e-13 -1 0.000960191
  outer loop
    vertex 50.9999999999999 4.715699866643525 258.6
    vertex 49.71502660428281 4.715401443632899 258.2892047677292
    vertex 49.3999999999999 4.714163559885161 257
  endloop
endfacet
facet normal 7.67897e-13 -1 0.000960191
  outer loop
    vertex 52.59999999999988 4.714163559887617 257.0000000000001
    vertex 52.28497339572742 4.715401443634875 258.2892047677329
    vertex 50.9999999999999 4.715699866643525 258.6
  endloop
endfacet
facet normal 7.6723e-13 -1 0.000960191
  outer loop
    vertex 49.3999999999999 4.714163559885161 257
    vertex 48.87867965645134 4.712139960175347 254.892504527479
    vertex 50.9999999999999 4.712627253129255 255.4
  endloop
endfacet
facet normal 7.67795e-13 -1 0.000960191
  outer loop
    vertex 50.9999999999999 4.712627253129255 255.4
    vertex 53.12132034357057 4.712139960178603 254.892504527479
    vertex 52.59999999999988 4.714163559887617 257.0000000000001
  endloop
endfacet
facet normal 7.66173e-13 -1 0.000960191
  outer loop
    vertex 48.000000000011 4.714176833471868 257.0138238931444
    vertex 48.87867965645134 4.712139960175347 254.892504527479
    vertex 49.3999999999999 4.714163559885161 257
  endloop
endfacet
facet normal 7.66193e-13 -1 0.000960191
  outer loop
    vertex 49.3999999999999 4.714163559885161 257
    vertex 49.71502660428281 4.715401443632899 258.2892047677292
    vertex 48.000000000011 4.714176833471868 257.0138238931444
  endloop
endfacet
facet normal 7.67875e-13 -1 0.000960191
  outer loop
    vertex 52.59999999999988 4.714163559887617 257.0000000000001
    vertex 53.12132034357057 4.712139960178603 254.892504527479
    vertex 54.00000000001091 4.714176833476472 257.0138238931444
  endloop
endfacet
facet normal 7.67861e-13 -1 0.000960191
  outer loop
    vertex 54.00000000001091 4.714176833476472 257.0138238931444
    vertex 52.28497339572742 4.715401443634875 258.2892047677329
    vertex 52.59999999999988 4.714163559887617 257.0000000000001
  endloop
endfacet
facet normal -0.847466 0.398556 0.350649
  outer loop
    vertex 53.12132034357141 3.612140467260732 254.8935607378876
    vertex 54.00000000001176 3.614177340558601 257.014880103553
    vertex 53.77163859754521 4.139101125498279 255.8663252497514
  endloop
endfacet
facet normal -0.351032 0.397405 -0.847848
  outer loop
    vertex 53.12132034357141 3.616214213855122 259.1361994692184
    vertex 51.0000000000118 3.617057914398027 260.0148787206017
    vertex 52.14805029710665 4.142864776596223 259.7860123374675
  endloop
endfacet
facet normal -0.847466 -0.398556 -0.350649
  outer loop
    vertex 53.12132034357057 4.716213706772993 259.1351432588098
    vertex 54.00000000001091 4.714176833476472 257.0138238931444
    vertex 53.77163859754518 4.189253048536448 258.162378746946
  endloop
endfacet
facet normal -0.351032 -0.397405 0.847848
  outer loop
    vertex 53.12132034357057 4.712139960178603 254.892504527479
    vertex 51.00000000001096 4.711296259632441 254.0138252760957
    vertex 52.14805029710661 4.185489397436001 254.2426916592298
  endloop
endfacet
facet normal -0.355574 0.3705 0.858077
  outer loop
    vertex 51.0000000000118 3.61129676671457 254.0148814865043
    vertex 53.12132034357141 3.612140467260732 254.8935607378876
    vertex 52.14805029710661 4.185489397436001 254.2426916592298
  endloop
endfacet
facet normal -0.858432 -0.369335 0.355929
  outer loop
    vertex 54.00000000001091 4.714176833476472 257.0138238931444
    vertex 53.12132034357057 4.712139960178603 254.892504527479
    vertex 53.77163859754521 4.139101125498279 255.8663252497514
  endloop
endfacet
facet normal -0.355574 -0.3705 -0.858077
  outer loop
    vertex 51.00000000001096 4.717057407315898 260.0138225101931
    vertex 53.12132034357057 4.716213706772993 259.1351432588098
    vertex 52.14805029710665 4.142864776596223 259.7860123374675
  endloop
endfacet
facet normal -0.858432 0.369335 -0.355929
  outer loop
    vertex 54.00000000001176 3.614177340558601 257.014880103553
    vertex 53.12132034357141 3.616214213855122 259.1361994692184
    vertex 53.77163859754518 4.189253048536448 258.162378746946
  endloop
endfacet
facet normal -0.83147 -0.000533454 -0.55557
  outer loop
    vertex 53.12132034357141 3.616214213855122 259.1361994692184
    vertex 53.12132034357057 4.716213706772993 259.1351432588098
    vertex 53.77163859754518 4.189253048536448 258.162378746946
  endloop
endfacet
facet normal -0.55557 -0.00079837 -0.831469
  outer loop
    vertex 53.12132034357057 4.716213706772993 259.1351432588098
    vertex 53.12132034357141 3.616214213855122 259.1361994692184
    vertex 52.14805029710665 4.142864776596223 259.7860123374675
  endloop
endfacet
facet normal -0.980785 -0.000187324 -0.19509
  outer loop
    vertex 54.00000000001091 4.714176833476472 257.0138238931444
    vertex 54.00000000001176 3.614177340558601 257.014880103553
    vertex 53.77163859754518 4.189253048536448 258.162378746946
  endloop
endfacet
facet normal -0.19509 -0.000941741 -0.980785
  outer loop
    vertex 51.0000000000118 3.617057914398027 260.0148787206017
    vertex 51.00000000001096 4.717057407315898 260.0138225101931
    vertex 52.14805029710665 4.142864776596223 259.7860123374675
  endloop
endfacet
facet normal -0.980785 0.000187324 0.19509
  outer loop
    vertex 54.00000000001176 3.614177340558601 257.014880103553
    vertex 54.00000000001091 4.714176833476472 257.0138238931444
    vertex 53.77163859754521 4.139101125498279 255.8663252497514
  endloop
endfacet
facet normal -0.19509 0.000941741 0.980785
  outer loop
    vertex 51.00000000001096 4.711296259632441 254.0138252760957
    vertex 51.0000000000118 3.61129676671457 254.0148814865043
    vertex 52.14805029710661 4.185489397436001 254.2426916592298
  endloop
endfacet
facet normal -0.55557 0.00079837 0.831469
  outer loop
    vertex 53.12132034357141 3.612140467260732 254.8935607378876
    vertex 53.12132034357057 4.712139960178603 254.892504527479
    vertex 52.14805029710661 4.185489397436001 254.2426916592298
  endloop
endfacet
facet normal -0.83147 0.000533454 0.55557
  outer loop
    vertex 53.12132034357057 4.712139960178603 254.892504527479
    vertex 53.12132034357141 3.612140467260732 254.8935607378876
    vertex 53.77163859754521 4.139101125498279 255.8663252497514
  endloop
endfacet
facet normal 7.67484e-13 -1 0.000960191
  outer loop
    vertex 28.00000000001109 4.714176833456519 257.0138238931444
    vertex 29.7150266042829 4.715401443617551 258.2892047677293
    vertex 28.87867965645144 4.716213706754388 259.1351432588098
  endloop
endfacet
facet normal 7.67723e-13 -1 0.000960191
  outer loop
    vertex 33.12132034357066 4.716213706757644 259.1351432588098
    vertex 32.28497339572753 4.715401443619526 258.2892047677329
    vertex 34.000000000011 4.714176833461123 257.0138238931444
  endloop
endfacet
facet normal 7.67618e-13 -1 0.000960191
  outer loop
    vertex 28.87867965645144 4.716213706754388 259.1351432588098
    vertex 29.7150266042829 4.715401443617551 258.2892047677293
    vertex 31.00000000001105 4.71705740730055 260.0138225101931
  endloop
endfacet
facet normal 7.67484e-13 -1 0.000960191
  outer loop
    vertex 31.00000000001105 4.71705740730055 260.0138225101931
    vertex 32.28497339572753 4.715401443619526 258.2892047677329
    vertex 33.12132034357066 4.716213706757644 259.1351432588098
  endloop
endfacet
facet normal 7.6759e-13 -1 0.000960191
  outer loop
    vertex 28.87867965645143 4.712139960159998 254.892504527479
    vertex 31.00000000001105 4.711296259617093 254.0138252760957
    vertex 31 4.712627253113907 255.4
  endloop
endfacet
facet normal 7.67345e-13 -1 0.000960191
  outer loop
    vertex 31 4.712627253113907 255.4
    vertex 31.00000000001105 4.711296259617093 254.0138252760957
    vertex 33.12132034357065 4.712139960163254 254.892504527479
  endloop
endfacet
facet normal 7.67618e-13 -1 0.000960191
  outer loop
    vertex 31.00000000001105 4.71705740730055 260.0138225101931
    vertex 29.7150266042829 4.715401443617551 258.2892047677293
    vertex 31 4.715699866628176 258.6
  endloop
endfacet
facet normal 7.669e-13 -1 0.000960191
  outer loop
    vertex 31 4.715699866628176 258.6
    vertex 32.28497339572753 4.715401443619526 258.2892047677329
    vertex 31.00000000001105 4.71705740730055 260.0138225101931
  endloop
endfacet
facet normal 7.67484e-13 -1 0.000960191
  outer loop
    vertex 31 4.715699866628176 258.6
    vertex 29.7150266042829 4.715401443617551 258.2892047677293
    vertex 29.40000000000001 4.714163559869813 257
  endloop
endfacet
facet normal 7.66918e-13 -1 0.000960191
  outer loop
    vertex 32.59999999999999 4.714163559872269 257
    vertex 32.28497339572753 4.715401443619526 258.2892047677329
    vertex 31 4.715699866628176 258.6
  endloop
endfacet
facet normal 7.67589e-13 -1 0.000960191
  outer loop
    vertex 29.40000000000001 4.714163559869813 257
    vertex 28.87867965645143 4.712139960159998 254.892504527479
    vertex 31 4.712627253113907 255.4
  endloop
endfacet
facet normal 7.67336e-13 -1 0.000960191
  outer loop
    vertex 31 4.712627253113907 255.4
    vertex 33.12132034357065 4.712139960163254 254.892504527479
    vertex 32.59999999999999 4.714163559872269 257
  endloop
endfacet
facet normal 7.66849e-13 -1 0.000960191
  outer loop
    vertex 29.40000000000001 4.714163559869813 257
    vertex 28.00000000001109 4.714176833456519 257.0138238931444
    vertex 28.87867965645143 4.712139960159998 254.892504527479
  endloop
endfacet
facet normal 7.66858e-13 -1 0.000960191
  outer loop
    vertex 29.40000000000001 4.714163559869813 257
    vertex 29.7150266042829 4.715401443617551 258.2892047677293
    vertex 28.00000000001109 4.714176833456519 257.0138238931444
  endloop
endfacet
facet normal 7.67797e-13 -1 0.000960191
  outer loop
    vertex 32.59999999999999 4.714163559872269 257
    vertex 33.12132034357065 4.712139960163254 254.892504527479
    vertex 34.000000000011 4.714176833461123 257.0138238931444
  endloop
endfacet
facet normal 7.67791e-13 -1 0.000960191
  outer loop
    vertex 34.000000000011 4.714176833461123 257.0138238931444
    vertex 32.28497339572753 4.715401443619526 258.2892047677329
    vertex 32.59999999999999 4.714163559872269 257
  endloop
endfacet
facet normal -0.847466 -0.397882 0.351414
  outer loop
    vertex 34.000000000011 4.714176833461123 257.0138238931444
    vertex 33.12132034357065 4.712139960163254 254.892504527479
    vertex 33.77163859754526 4.187048352751226 255.8662792112206
  endloop
endfacet
facet normal -0.351032 -0.397405 0.847848
  outer loop
    vertex 33.12132034357065 4.712139960163254 254.892504527479
    vertex 31.00000000001105 4.711296259617093 254.0138252760957
    vertex 32.1480502971067 4.185489397420659 254.2426916592299
  endloop
endfacet
facet normal -0.847466 0.397882 -0.351414
  outer loop
    vertex 34.00000000001184 3.614177340543253 257.0148801035531
    vertex 33.1213203435715 3.616214213839774 259.1361994692185
    vertex 33.77163859754531 4.141305821252798 258.1624247854768
  endloop
endfacet
facet normal -0.351032 0.397405 -0.847848
  outer loop
    vertex 33.1213203435715 3.616214213839774 259.1361994692185
    vertex 31.00000000001189 3.61705791438268 260.0148787206018
    vertex 32.14805029710675 4.142864776580891 259.7860123374676
  endloop
endfacet
facet normal -0.355574 -0.3705 -0.858077
  outer loop
    vertex 31.00000000001105 4.71705740730055 260.0138225101931
    vertex 33.12132034357066 4.716213706757644 259.1351432588098
    vertex 32.14805029710675 4.142864776580891 259.7860123374676
  endloop
endfacet
facet normal -0.858432 0.370018 0.355219
  outer loop
    vertex 33.1213203435715 3.612140467245384 254.8935607378877
    vertex 34.00000000001184 3.614177340543253 257.0148801035531
    vertex 33.77163859754526 4.187048352751226 255.8662792112206
  endloop
endfacet
facet normal -0.355574 0.3705 0.858077
  outer loop
    vertex 31.00000000001189 3.611296766699222 254.0148814865044
    vertex 33.1213203435715 3.612140467245384 254.8935607378877
    vertex 32.1480502971067 4.185489397420659 254.2426916592299
  endloop
endfacet
facet normal -0.858432 -0.370018 -0.355219
  outer loop
    vertex 33.12132034357066 4.716213706757644 259.1351432588098
    vertex 34.000000000011 4.714176833461123 257.0138238931444
    vertex 33.77163859754531 4.141305821252798 258.1624247854768
  endloop
endfacet
facet normal -0.980785 -0.000187324 -0.19509
  outer loop
    vertex 34.000000000011 4.714176833461123 257.0138238931444
    vertex 34.00000000001184 3.614177340543253 257.0148801035531
    vertex 33.77163859754531 4.141305821252798 258.1624247854768
  endloop
endfacet
facet normal -0.19509 0.000941741 0.980785
  outer loop
    vertex 31.00000000001105 4.711296259617093 254.0138252760957
    vertex 31.00000000001189 3.611296766699222 254.0148814865044
    vertex 32.1480502971067 4.185489397420659 254.2426916592299
  endloop
endfacet
facet normal -0.83147 0.000533454 0.55557
  outer loop
    vertex 33.12132034357065 4.712139960163254 254.892504527479
    vertex 33.1213203435715 3.612140467245384 254.8935607378877
    vertex 33.77163859754526 4.187048352751226 255.8662792112206
  endloop
endfacet
facet normal -0.55557 -0.00079837 -0.831469
  outer loop
    vertex 33.12132034357066 4.716213706757644 259.1351432588098
    vertex 33.1213203435715 3.616214213839774 259.1361994692185
    vertex 32.14805029710675 4.142864776580891 259.7860123374676
  endloop
endfacet
facet normal -0.55557 0.00079837 0.831469
  outer loop
    vertex 33.1213203435715 3.612140467245384 254.8935607378877
    vertex 33.12132034357065 4.712139960163254 254.892504527479
    vertex 32.1480502971067 4.185489397420659 254.2426916592299
  endloop
endfacet
facet normal -0.19509 -0.000941741 -0.980785
  outer loop
    vertex 31.00000000001189 3.61705791438268 260.0148787206018
    vertex 31.00000000001105 4.71705740730055 260.0138225101931
    vertex 32.14805029710675 4.142864776580891 259.7860123374676
  endloop
endfacet
facet normal -0.83147 -0.000533454 -0.55557
  outer loop
    vertex 33.1213203435715 3.616214213839774 259.1361994692185
    vertex 33.12132034357066 4.716213706757644 259.1351432588098
    vertex 33.77163859754531 4.141305821252798 258.1624247854768
  endloop
endfacet
facet normal -0.980785 0.000187324 0.19509
  outer loop
    vertex 34.00000000001184 3.614177340543253 257.0148801035531
    vertex 34.000000000011 4.714176833461123 257.0138238931444
    vertex 33.77163859754526 4.187048352751226 255.8662792112206
  endloop
endfacet
endsolid Created by Gmsh
